MhFact_024845889158353d	RH2F.cB4_0_ok	propext
MhFact_024845889158353d	RH2F.cB6_0_ok	propext
MhFact_024845889158353d	RH2F.gB4_0	propext,Classical.choice,Quot.sound
MhFact_024845889158353d	RH2F.gB6_0	propext,Classical.choice,Quot.sound
MhFact_024845889158353d	RH2F.gB6_1	propext,Classical.choice,Quot.sound
MhFact_024845889158353d	RH2F.gB8_0	propext,Classical.choice,Quot.sound
MhFact_024845889158353d	RH2F.gB8_1	propext,Classical.choice,Quot.sound
MhFact_024845889158353d	RH2F.layer33_0	propext,Classical.choice,Quot.sound
MhFact_024845889158353d	RH2F.pB6_1_0_ok	propext
MhFact_024845889158353d	RH2F.pB6_1_12_ok	propext
MhFact_024845889158353d	RH2F.pB6_1_6_ok	propext
MhFact_024845889158353d	RH2F.pB8_0_0_ok	propext
MhFact_024845889158353d	RH2F.pB8_0_6_ok	propext
MhFact_024845889158353d	RH2F.pB8_1_0_ok	propext
MhFact_024845889158353d	RH2F.pB8_1_12_ok	propext
MhFact_024845889158353d	RH2F.pB8_1_18_ok	propext
MhFact_024845889158353d	RH2F.pB8_1_6_ok	propext
MhFact_046773df0a672922	MGraph.Inc.eq_1	
MhFact_046773df0a672922	RH2P.SP.eq_1	
MhFact_046773df0a672922	RH2P.adjH	propext
MhFact_046773df0a672922	RH2P.cross.eq_1	propext,Classical.choice,Quot.sound
MhFact_046773df0a672922	RH2P.cross_disj	propext,Classical.choice,Quot.sound
MhFact_046773df0a672922	RH2P.cross_ends	propext,Classical.choice,Quot.sound
MhFact_046773df0a672922	RH2P.cross_ne_one	propext,Classical.choice,Quot.sound
MhFact_046773df0a672922	RH2P.cross_ne_zero	propext,Classical.choice,Quot.sound
MhFact_046773df0a672922	RH2P.cross_odd	propext,Classical.choice,Quot.sound
MhFact_046773df0a672922	RH2P.cross_sp	propext,Classical.choice,Quot.sound
MhFact_046773df0a672922	RH2P.cross_sub	propext,Classical.choice,Quot.sound
MhFact_046773df0a672922	RH2P.deg.eq_1	propext,Classical.choice,Quot.sound
MhFact_046773df0a672922	RH2P.deg_cubic	propext,Classical.choice,Quot.sound
MhFact_046773df0a672922	RH2P.deg_sum	propext,Classical.choice,Quot.sound
MhFact_046773df0a672922	RH2P.ends_in	propext,Classical.choice,Quot.sound
MhFact_046773df0a672922	RH2P.jn.eq_1	propext,Classical.choice,Quot.sound
MhFact_046773df0a672922	RH2P.jn_symm	propext,Classical.choice,Quot.sound
MhFact_046773df0a672922	RH2P.kx_card	propext,Classical.choice,Quot.sound
MhFact_046773df0a672922	RH2P.kx_close	propext,Classical.choice,Quot.sound
MhFact_046773df0a672922	RH2P.kx_props	propext
MhFact_046773df0a672922	RH2P.kx_unique	
MhFact_046773df0a672922	RH2P.layerP	propext,Classical.choice,Quot.sound
MhFact_046773df0a672922	RH2P.memW	propext
MhFact_046773df0a672922	RH2P.min'_eq_of	propext,Classical.choice,Quot.sound
MhFact_046773df0a672922	RH2P.mt_even	propext,Classical.choice,Quot.sound
MhFact_046773df0a672922	RH2P.not_violator	propext,Classical.choice,Quot.sound
MhFact_046773df0a672922	RH2P.pstat	propext,Classical.choice,Quot.sound
MhFact_046773df0a672922	RH2P.rh2_P	propext,Classical.choice,Quot.sound
MhFact_046773df0a672922	RH2P.schoenberger	propext,Classical.choice,Quot.sound
MhFact_046773df0a672922	RH2P.sp_card	propext,Classical.choice,Quot.sound
MhFact_046773df0a672922	RH2P.three_le_cross	propext,Classical.choice,Quot.sound
MhFact_046773df0a672922	RH2P.vt_card	propext,Classical.choice,Quot.sound
MhFact_06139ad5904fa064	RH2F.gB10_5	propext,Classical.choice,Quot.sound
MhFact_06139ad5904fa064	RH2F.layer33_4	propext,Classical.choice,Quot.sound
MhFact_06139ad5904fa064	RH2F.pB10_5_0_ok	propext
MhFact_06139ad5904fa064	RH2F.pB10_5_12_ok	propext
MhFact_06139ad5904fa064	RH2F.pB10_5_18_ok	propext
MhFact_06139ad5904fa064	RH2F.pB10_5_24_ok	propext
MhFact_06139ad5904fa064	RH2F.pB10_5_30_ok	propext
MhFact_06139ad5904fa064	RH2F.pB10_5_6_ok	propext
MhFact_066dc781a8de9c11	RH2F.Cut2.aut_iso	propext,Classical.choice,Quot.sound
MhFact_066dc781a8de9c11	RH2F.Cut2.recDE_small	propext,Classical.choice,Quot.sound
MhFact_066dc781a8de9c11	RH2F.Cut2.recD_25	propext,Classical.choice,Quot.sound
MhFact_066dc781a8de9c11	RH2F.Cut2.recD_4	propext,Classical.choice,Quot.sound
MhFact_066dc781a8de9c11	RH2F.Cut2.recD_6	propext,Classical.choice,Quot.sound
MhFact_066dc781a8de9c11	RH2F.Cut2.recD_7	propext,Classical.choice,Quot.sound
MhFact_066dc781a8de9c11	RH2F.Cut2.recD_8	propext,Classical.choice,Quot.sound
MhFact_066dc781a8de9c11	RH2F.Cut2.recD_via	propext,Classical.choice,Quot.sound
MhFact_066dc781a8de9c11	RH2F.Cut2.recE_25	propext,Classical.choice,Quot.sound
MhFact_066dc781a8de9c11	RH2F.Cut2.recE_via	propext,Classical.choice,Quot.sound
MhFact_066dc781a8de9c11	RH2F.T5_of_8	propext,Quot.sound
MhFact_066dc781a8de9c11	RH2F.autChk_2	propext
MhFact_066dc781a8de9c11	RH2F.autChk_25	propext
MhFact_066dc781a8de9c11	RH2F.autChk_3	propext
MhFact_066dc781a8de9c11	RH2F.autChk_4	propext
MhFact_066dc781a8de9c11	RH2F.autChk_6	propext
MhFact_066dc781a8de9c11	RH2F.autChk_7	propext
MhFact_066dc781a8de9c11	RH2F.autChk_8	propext
MhFact_066dc781a8de9c11	RH2F.autR_2	
MhFact_066dc781a8de9c11	RH2F.autR_25	
MhFact_066dc781a8de9c11	RH2F.autR_25E	
MhFact_066dc781a8de9c11	RH2F.autR_3	
MhFact_066dc781a8de9c11	RH2F.autR_4	
MhFact_066dc781a8de9c11	RH2F.autR_6	
MhFact_066dc781a8de9c11	RH2F.autR_7	
MhFact_066dc781a8de9c11	RH2F.autR_8	
MhFact_066dc781a8de9c11	RH2F.bad8	propext,Classical.choice,Quot.sound
MhFact_066dc781a8de9c11	RH2F.bad_of	propext,Classical.choice,Quot.sound
MhFact_066dc781a8de9c11	RH2F.ex1Full_rep	propext,Quot.sound
MhFact_066dc781a8de9c11	RH2F.k_of_4	propext,Quot.sound
MhFact_066dc781a8de9c11	RH2F.layer8	propext,Classical.choice,Quot.sound
MhFact_066dc781a8de9c11	RH2F.not_simple_of_par	
MhFact_066dc781a8de9c11	RH2F.recD_25_0_0	propext
MhFact_066dc781a8de9c11	RH2F.recD_25_0_1	propext
MhFact_066dc781a8de9c11	RH2F.recD_25_2_0	propext
MhFact_066dc781a8de9c11	RH2F.recD_25_2_1	propext
MhFact_066dc781a8de9c11	RH2F.recD_2_0_0	propext
MhFact_066dc781a8de9c11	RH2F.recD_2_0_1	propext
MhFact_066dc781a8de9c11	RH2F.recD_4_0_0	propext
MhFact_066dc781a8de9c11	RH2F.recD_4_0_1	propext
MhFact_066dc781a8de9c11	RH2F.recD_4_4_0	propext
MhFact_066dc781a8de9c11	RH2F.recD_4_4_1	propext
MhFact_066dc781a8de9c11	RH2F.recD_6_0_0	propext
MhFact_066dc781a8de9c11	RH2F.recD_6_0_1	propext
MhFact_066dc781a8de9c11	RH2F.recD_6_3_0	propext
MhFact_066dc781a8de9c11	RH2F.recD_6_3_1	propext
MhFact_066dc781a8de9c11	RH2F.recD_6_5_0	propext
MhFact_066dc781a8de9c11	RH2F.recD_6_5_1	propext
MhFact_066dc781a8de9c11	RH2F.recD_6_6_0	propext
MhFact_066dc781a8de9c11	RH2F.recD_6_6_1	propext
MhFact_066dc781a8de9c11	RH2F.recD_7_0_0	propext
MhFact_066dc781a8de9c11	RH2F.recD_7_0_1	propext
MhFact_066dc781a8de9c11	RH2F.recD_7_1_0	propext
MhFact_066dc781a8de9c11	RH2F.recD_7_1_1	propext
MhFact_066dc781a8de9c11	RH2F.recD_8_0_0	propext
MhFact_066dc781a8de9c11	RH2F.recD_8_0_1	propext
MhFact_066dc781a8de9c11	RH2F.recE_25_0_0	propext
MhFact_066dc781a8de9c11	RH2F.recE_25_0_1	propext
MhFact_066dc781a8de9c11	RH2F.recE_25_2_0	propext
MhFact_066dc781a8de9c11	RH2F.recE_25_2_1	propext
MhFact_066dc781a8de9c11	RH2F.recE_2_2_0	propext
MhFact_066dc781a8de9c11	RH2F.recE_2_2_1	propext
MhFact_066dc781a8de9c11	RH2F.recE_3_0_0	propext
MhFact_066dc781a8de9c11	RH2F.recE_3_0_1	propext
MhFact_066dc781a8de9c11	RH2F.repL_ok	
MhFact_066dc781a8de9c11	RH2F.sfS2	propext,Classical.choice,Quot.sound
MhFact_066dc781a8de9c11	RH2F.sfS3	propext,Classical.choice,Quot.sound
MhFact_066dc781a8de9c11	RH2F.sfS4	propext,Classical.choice,Quot.sound
MhFact_066dc781a8de9c11	RH2F.sfS5	propext,Classical.choice,Quot.sound
MhFact_066dc781a8de9c11	RH2F.simple25	
MhFact_09796da8a434e150	MGraph.ofList.eq_1	
MhFact_09796da8a434e150	RH2F.adjN_iff	propext,Quot.sound
MhFact_09796da8a434e150	RH2F.adjq_meets	
MhFact_09796da8a434e150	RH2F.adjq_ne	
MhFact_09796da8a434e150	RH2F.adjq_symm	
MhFact_09796da8a434e150	RH2F.check6_ok	propext
MhFact_09796da8a434e150	RH2F.check8_ok	propext
MhFact_09796da8a434e150	RH2F.cntB.eq_1	
MhFact_09796da8a434e150	RH2F.cntB.eq_2	
MhFact_09796da8a434e150	RH2F.cntB.eq_def	
MhFact_09796da8a434e150	RH2F.cntB_ofFn	propext,Classical.choice,Quot.sound
MhFact_09796da8a434e150	RH2F.cntF_eq_card	propext,Classical.choice,Quot.sound
MhFact_09796da8a434e150	RH2F.eqL.eq_1	propext
MhFact_09796da8a434e150	RH2F.eqL.eq_2	propext
MhFact_09796da8a434e150	RH2F.eqL.eq_3	propext
MhFact_09796da8a434e150	RH2F.eqL.eq_def	propext
MhFact_09796da8a434e150	RH2F.eqLL.eq_1	propext
MhFact_09796da8a434e150	RH2F.eqLL.eq_2	propext
MhFact_09796da8a434e150	RH2F.eqLL.eq_3	propext
MhFact_09796da8a434e150	RH2F.eqLL.eq_def	propext
MhFact_09796da8a434e150	RH2F.eqLL_sound	propext
MhFact_09796da8a434e150	RH2F.eqL_sound	propext
MhFact_09796da8a434e150	RH2F.forallB_sound	propext
MhFact_09796da8a434e150	RH2F.getB.eq_1	propext
MhFact_09796da8a434e150	RH2F.getB_matL	propext
MhFact_09796da8a434e150	RH2F.inj6	propext,Classical.choice,Quot.sound
MhFact_09796da8a434e150	RH2F.inj8	propext,Classical.choice,Quot.sound
MhFact_09796da8a434e150	RH2F.isoFrom_of_adj	propext,Classical.choice,Quot.sound
MhFact_09796da8a434e150	RH2F.layer6a	propext,Classical.choice,Quot.sound
MhFact_09796da8a434e150	RH2F.matL.eq_1	
MhFact_09796da8a434e150	RH2F.nbrs3	propext
MhFact_09796da8a434e150	RH2F.nbrs_other	propext
MhFact_09796da8a434e150	RH2F.pb6_ok	propext
MhFact_09796da8a434e150	RH2F.pb8_ok	propext
MhFact_09796da8a434e150	RH2F.pbT6	
MhFact_09796da8a434e150	RH2F.pbT8	
MhFact_09796da8a434e150	RH2F.permOK.eq_1	propext
MhFact_09796da8a434e150	RH2F.rowsOK_matL	propext,Classical.choice,Quot.sound
MhFact_09796da8a434e150	RH2F.rows_of	propext,Classical.choice,Quot.sound
MhFact_09796da8a434e150	RH2F.tf6	propext,Classical.choice,Quot.sound
MhFact_09796da8a434e150	RH2F.tf8	propext,Classical.choice,Quot.sound
MhFact_09796da8a434e150	RH2F.tf_iso	propext,Classical.choice,Quot.sound
MhFact_09796da8a434e150	RH2F.triOK_matL	propext,Quot.sound
MhFact_09796da8a434e150	RH2F.tri_of	propext,Classical.choice,Quot.sound
MhFact_09796da8a434e150	RH2F.vcount_eq_card	propext,Classical.choice,Quot.sound
MhFact_09796da8a434e150	RH2F.vcount_even'	propext,Classical.choice,Quot.sound
MhFact_09796da8a434e150	RH2F.xnor.eq_1	
MhFact_09796da8a434e150	RH2F.xnor_eq	propext
MhFact_0e0e37a38e3c97d5	RH2F.wTab14R_270_315	propext,Classical.choice,Quot.sound
MhFact_0e0e37a38e3c97d5	RH2F.wTab14_270_len	
MhFact_0e0e37a38e3c97d5	RH2F.wTab14_270_ok	propext
MhFact_0e0e37a38e3c97d5	RH2F.wTab14_271_len	
MhFact_0e0e37a38e3c97d5	RH2F.wTab14_271_ok	propext
MhFact_0e0e37a38e3c97d5	RH2F.wTab14_272_len	
MhFact_0e0e37a38e3c97d5	RH2F.wTab14_272_ok	propext
MhFact_0e0e37a38e3c97d5	RH2F.wTab14_273_len	
MhFact_0e0e37a38e3c97d5	RH2F.wTab14_273_ok	propext
MhFact_0e0e37a38e3c97d5	RH2F.wTab14_274_len	
MhFact_0e0e37a38e3c97d5	RH2F.wTab14_274_ok	propext
MhFact_0e0e37a38e3c97d5	RH2F.wTab14_275_len	
MhFact_0e0e37a38e3c97d5	RH2F.wTab14_275_ok	propext
MhFact_0e0e37a38e3c97d5	RH2F.wTab14_276_len	
MhFact_0e0e37a38e3c97d5	RH2F.wTab14_276_ok	propext
MhFact_0e0e37a38e3c97d5	RH2F.wTab14_277_len	
MhFact_0e0e37a38e3c97d5	RH2F.wTab14_277_ok	propext
MhFact_0e0e37a38e3c97d5	RH2F.wTab14_278_len	
MhFact_0e0e37a38e3c97d5	RH2F.wTab14_278_ok	propext
MhFact_0e0e37a38e3c97d5	RH2F.wTab14_279_len	
MhFact_0e0e37a38e3c97d5	RH2F.wTab14_279_ok	propext
MhFact_0e0e37a38e3c97d5	RH2F.wTab14_280_len	
MhFact_0e0e37a38e3c97d5	RH2F.wTab14_280_ok	propext
MhFact_0e0e37a38e3c97d5	RH2F.wTab14_281_len	
MhFact_0e0e37a38e3c97d5	RH2F.wTab14_281_ok	propext
MhFact_0e0e37a38e3c97d5	RH2F.wTab14_282_len	
MhFact_0e0e37a38e3c97d5	RH2F.wTab14_282_ok	propext
MhFact_0e0e37a38e3c97d5	RH2F.wTab14_283_len	
MhFact_0e0e37a38e3c97d5	RH2F.wTab14_283_ok	propext
MhFact_0e0e37a38e3c97d5	RH2F.wTab14_284_len	
MhFact_0e0e37a38e3c97d5	RH2F.wTab14_284_ok	propext
MhFact_0e0e37a38e3c97d5	RH2F.wTab14_285_len	
MhFact_0e0e37a38e3c97d5	RH2F.wTab14_285_ok	propext
MhFact_0e0e37a38e3c97d5	RH2F.wTab14_286_len	
MhFact_0e0e37a38e3c97d5	RH2F.wTab14_286_ok	propext
MhFact_0e0e37a38e3c97d5	RH2F.wTab14_287_len	
MhFact_0e0e37a38e3c97d5	RH2F.wTab14_287_ok	propext
MhFact_0e0e37a38e3c97d5	RH2F.wTab14_288_len	
MhFact_0e0e37a38e3c97d5	RH2F.wTab14_288_ok	propext
MhFact_0e0e37a38e3c97d5	RH2F.wTab14_289_len	
MhFact_0e0e37a38e3c97d5	RH2F.wTab14_289_ok	propext
MhFact_0e0e37a38e3c97d5	RH2F.wTab14_290_len	
MhFact_0e0e37a38e3c97d5	RH2F.wTab14_290_ok	propext
MhFact_0e0e37a38e3c97d5	RH2F.wTab14_291_len	
MhFact_0e0e37a38e3c97d5	RH2F.wTab14_291_ok	propext
MhFact_0e0e37a38e3c97d5	RH2F.wTab14_292_len	
MhFact_0e0e37a38e3c97d5	RH2F.wTab14_292_ok	propext
MhFact_0e0e37a38e3c97d5	RH2F.wTab14_293_len	
MhFact_0e0e37a38e3c97d5	RH2F.wTab14_293_ok	propext
MhFact_0e0e37a38e3c97d5	RH2F.wTab14_294_len	
MhFact_0e0e37a38e3c97d5	RH2F.wTab14_294_ok	propext
MhFact_0e0e37a38e3c97d5	RH2F.wTab14_295_len	
MhFact_0e0e37a38e3c97d5	RH2F.wTab14_295_ok	propext
MhFact_0e0e37a38e3c97d5	RH2F.wTab14_296_len	
MhFact_0e0e37a38e3c97d5	RH2F.wTab14_296_ok	propext
MhFact_0e0e37a38e3c97d5	RH2F.wTab14_297_len	
MhFact_0e0e37a38e3c97d5	RH2F.wTab14_297_ok	propext
MhFact_0e0e37a38e3c97d5	RH2F.wTab14_298_len	
MhFact_0e0e37a38e3c97d5	RH2F.wTab14_298_ok	propext
MhFact_0e0e37a38e3c97d5	RH2F.wTab14_299_len	
MhFact_0e0e37a38e3c97d5	RH2F.wTab14_299_ok	propext
MhFact_0e0e37a38e3c97d5	RH2F.wTab14_300_len	
MhFact_0e0e37a38e3c97d5	RH2F.wTab14_300_ok	propext
MhFact_0e0e37a38e3c97d5	RH2F.wTab14_301_len	
MhFact_0e0e37a38e3c97d5	RH2F.wTab14_301_ok	propext
MhFact_0e0e37a38e3c97d5	RH2F.wTab14_302_len	
MhFact_0e0e37a38e3c97d5	RH2F.wTab14_302_ok	propext
MhFact_0e0e37a38e3c97d5	RH2F.wTab14_303_len	
MhFact_0e0e37a38e3c97d5	RH2F.wTab14_303_ok	propext
MhFact_0e0e37a38e3c97d5	RH2F.wTab14_304_len	
MhFact_0e0e37a38e3c97d5	RH2F.wTab14_304_ok	propext
MhFact_0e0e37a38e3c97d5	RH2F.wTab14_305_len	
MhFact_0e0e37a38e3c97d5	RH2F.wTab14_305_ok	propext
MhFact_0e0e37a38e3c97d5	RH2F.wTab14_306_len	
MhFact_0e0e37a38e3c97d5	RH2F.wTab14_306_ok	propext
MhFact_0e0e37a38e3c97d5	RH2F.wTab14_307_len	
MhFact_0e0e37a38e3c97d5	RH2F.wTab14_307_ok	propext
MhFact_0e0e37a38e3c97d5	RH2F.wTab14_308_len	
MhFact_0e0e37a38e3c97d5	RH2F.wTab14_308_ok	propext
MhFact_0e0e37a38e3c97d5	RH2F.wTab14_309_len	
MhFact_0e0e37a38e3c97d5	RH2F.wTab14_309_ok	propext
MhFact_0e0e37a38e3c97d5	RH2F.wTab14_310_len	
MhFact_0e0e37a38e3c97d5	RH2F.wTab14_310_ok	propext
MhFact_0e0e37a38e3c97d5	RH2F.wTab14_311_len	
MhFact_0e0e37a38e3c97d5	RH2F.wTab14_311_ok	propext
MhFact_0e0e37a38e3c97d5	RH2F.wTab14_312_len	
MhFact_0e0e37a38e3c97d5	RH2F.wTab14_312_ok	propext
MhFact_0e0e37a38e3c97d5	RH2F.wTab14_313_len	
MhFact_0e0e37a38e3c97d5	RH2F.wTab14_313_ok	propext
MhFact_0e0e37a38e3c97d5	RH2F.wTab14_314_len	
MhFact_0e0e37a38e3c97d5	RH2F.wTab14_314_ok	propext
MhFact_144fd607d85ac5da	RH2F.gB10_11	propext,Classical.choice,Quot.sound
MhFact_144fd607d85ac5da	RH2F.gB10_12	propext,Classical.choice,Quot.sound
MhFact_144fd607d85ac5da	RH2F.layer33_7	propext,Classical.choice,Quot.sound
MhFact_144fd607d85ac5da	RH2F.pB10_11_0_ok	propext
MhFact_144fd607d85ac5da	RH2F.pB10_11_12_ok	propext
MhFact_144fd607d85ac5da	RH2F.pB10_11_18_ok	propext
MhFact_144fd607d85ac5da	RH2F.pB10_11_24_ok	propext
MhFact_144fd607d85ac5da	RH2F.pB10_11_30_ok	propext
MhFact_144fd607d85ac5da	RH2F.pB10_11_36_ok	propext
MhFact_144fd607d85ac5da	RH2F.pB10_11_42_ok	propext
MhFact_144fd607d85ac5da	RH2F.pB10_11_48_ok	propext
MhFact_144fd607d85ac5da	RH2F.pB10_11_54_ok	propext
MhFact_144fd607d85ac5da	RH2F.pB10_11_6_ok	propext
MhFact_144fd607d85ac5da	RH2F.pB10_12_0_ok	propext
MhFact_144fd607d85ac5da	RH2F.pB10_12_12_ok	propext
MhFact_144fd607d85ac5da	RH2F.pB10_12_18_ok	propext
MhFact_144fd607d85ac5da	RH2F.pB10_12_6_ok	propext
MhFact_1b2e17f98116d9aa	RH2F.iid_of_iid16	propext,Classical.choice,Quot.sound
MhFact_1b2e17f98116d9aa	RH2F.layer37a	propext,Classical.choice,Quot.sound
MhFact_1f8ebb817a59b41d	RH2F.cB14_240_len	
MhFact_1f8ebb817a59b41d	RH2F.cB14_240_ok	propext
MhFact_1f8ebb817a59b41d	RH2F.cB14_246_len	
MhFact_1f8ebb817a59b41d	RH2F.cB14_246_ok	propext
MhFact_1f8ebb817a59b41d	RH2F.cB14_252_len	
MhFact_1f8ebb817a59b41d	RH2F.cB14_252_ok	propext
MhFact_1f8ebb817a59b41d	RH2F.cB14_258_len	
MhFact_1f8ebb817a59b41d	RH2F.cB14_258_ok	propext
MhFact_1f8ebb817a59b41d	RH2F.cB14_264_len	
MhFact_1f8ebb817a59b41d	RH2F.cB14_264_ok	propext
MhFact_1f8ebb817a59b41d	RH2F.cB14_270_len	
MhFact_1f8ebb817a59b41d	RH2F.cB14_270_ok	propext
MhFact_1f8ebb817a59b41d	RH2F.cB14_276_len	
MhFact_1f8ebb817a59b41d	RH2F.cB14_276_ok	propext
MhFact_1f8ebb817a59b41d	RH2F.cB14_282_len	
MhFact_1f8ebb817a59b41d	RH2F.cB14_282_ok	propext
MhFact_1f8ebb817a59b41d	RH2F.cB14_288_len	
MhFact_1f8ebb817a59b41d	RH2F.cB14_288_ok	propext
MhFact_1f8ebb817a59b41d	RH2F.cB14_294_len	
MhFact_1f8ebb817a59b41d	RH2F.cB14_294_ok	propext
MhFact_1f8ebb817a59b41d	RH2F.layer34_4	propext,Classical.choice,Quot.sound
MhFact_256b4143cc30000f	RH2F.cA10_0_ok	propext
MhFact_256b4143cc30000f	RH2F.cA10_10_ok	propext
MhFact_256b4143cc30000f	RH2F.cA10_12_ok	propext
MhFact_256b4143cc30000f	RH2F.cA10_13_ok	propext
MhFact_256b4143cc30000f	RH2F.cA10_1_ok	propext
MhFact_256b4143cc30000f	RH2F.cA10_2_ok	propext
MhFact_256b4143cc30000f	RH2F.cA10_4_ok	propext
MhFact_256b4143cc30000f	RH2F.cA10_5_ok	propext
MhFact_256b4143cc30000f	RH2F.cA10_7_ok	propext
MhFact_256b4143cc30000f	RH2F.cA10_8_ok	propext
MhFact_256b4143cc30000f	RH2F.cA10_9_ok	propext
MhFact_256b4143cc30000f	RH2F.gA10_0	propext,Classical.choice,Quot.sound
MhFact_256b4143cc30000f	RH2F.gA10_1	propext,Classical.choice,Quot.sound
MhFact_256b4143cc30000f	RH2F.gA10_10	propext,Classical.choice,Quot.sound
MhFact_256b4143cc30000f	RH2F.gA10_11	propext,Classical.choice,Quot.sound
MhFact_256b4143cc30000f	RH2F.gA10_12	propext,Classical.choice,Quot.sound
MhFact_256b4143cc30000f	RH2F.gA10_13	propext,Classical.choice,Quot.sound
MhFact_256b4143cc30000f	RH2F.gA10_2	propext,Classical.choice,Quot.sound
MhFact_256b4143cc30000f	RH2F.gA10_3	propext,Classical.choice,Quot.sound
MhFact_256b4143cc30000f	RH2F.gA10_4	propext,Classical.choice,Quot.sound
MhFact_256b4143cc30000f	RH2F.gA10_5	propext,Classical.choice,Quot.sound
MhFact_256b4143cc30000f	RH2F.gA10_6	propext,Classical.choice,Quot.sound
MhFact_256b4143cc30000f	RH2F.gA10_7	propext,Classical.choice,Quot.sound
MhFact_256b4143cc30000f	RH2F.gA10_8	propext,Classical.choice,Quot.sound
MhFact_256b4143cc30000f	RH2F.gA10_9	propext,Classical.choice,Quot.sound
MhFact_256b4143cc30000f	RH2F.layer32b	propext,Classical.choice,Quot.sound
MhFact_256b4143cc30000f	RH2F.pA10_11_0_ok	propext
MhFact_256b4143cc30000f	RH2F.pA10_11_6_ok	propext
MhFact_256b4143cc30000f	RH2F.pA10_3_0_ok	propext
MhFact_256b4143cc30000f	RH2F.pA10_3_6_ok	propext
MhFact_256b4143cc30000f	RH2F.pA10_6_0_ok	propext
MhFact_256b4143cc30000f	RH2F.pA10_6_6_ok	propext
MhFact_2e993e3b07378767	RH2F.layer28	propext,Classical.choice,Quot.sound
MhFact_2e993e3b07378767	RH2F.shPart5	propext,Classical.choice,Quot.sound
MhFact_2e993e3b07378767	RH2F.shRepsFull24	propext,Classical.choice,Quot.sound
MhFact_2e993e3b07378767	RH2F.shRepsFull25	propext,Classical.choice,Quot.sound
MhFact_2e993e3b07378767	RH2F.shRepsFull3	propext,Classical.choice,Quot.sound
MhFact_2e993e3b07378767	RH2F.shRepsFull8	propext,Classical.choice,Quot.sound
MhFact_2e993e3b07378767	RH2F.shchk25_250	propext
MhFact_2e993e3b07378767	RH2F.shchk25_260	propext
MhFact_2e993e3b07378767	RH2F.shchk25_270	propext
MhFact_2e993e3b07378767	RH2F.shchk25_280	propext
MhFact_2e993e3b07378767	RH2F.shchk25_290	propext
MhFact_2e993e3b07378767	RH2F.shchk25_300	propext
MhFact_2e993e3b07378767	RH2F.shfull25_250	propext,Classical.choice,Quot.sound
MhFact_2e993e3b07378767	RH2F.shfull25_260	propext,Classical.choice,Quot.sound
MhFact_2e993e3b07378767	RH2F.shfull25_270	propext,Classical.choice,Quot.sound
MhFact_2e993e3b07378767	RH2F.shfull25_280	propext,Classical.choice,Quot.sound
MhFact_2e993e3b07378767	RH2F.shfull25_290	propext,Classical.choice,Quot.sound
MhFact_2e993e3b07378767	RH2F.shfull25_300	propext,Classical.choice,Quot.sound
MhFact_2e993e3b07378767	RH2F.shfullR25_250_308	propext,Classical.choice,Quot.sound
MhFact_2e993e3b07378767	RH2F.smallhostd	propext,Classical.choice,Quot.sound
MhFact_2f482379fe24b1cb	RH2F.allR_eq	
MhFact_2f482379fe24b1cb	RH2F.anyR_eq	
MhFact_2f482379fe24b1cb	RH2F.autOKR_imp	propext,Quot.sound
MhFact_2f482379fe24b1cb	RH2F.bad3.eq_1	propext
MhFact_2f482379fe24b1cb	RH2F.bitN.eq_1	propext
MhFact_2f482379fe24b1cb	RH2F.bitN_eq	propext,Quot.sound
MhFact_2f482379fe24b1cb	RH2F.bitN_lt	propext
MhFact_2f482379fe24b1cb	RH2F.bitN_succ_of	propext,Quot.sound
MhFact_2f482379fe24b1cb	RH2F.bitN_zero_of	propext,Classical.choice,Quot.sound
MhFact_2f482379fe24b1cb	RH2F.bit_codeB	propext,Classical.choice,Quot.sound
MhFact_2f482379fe24b1cb	RH2F.bit_imgC	propext,Classical.choice,Quot.sound
MhFact_2f482379fe24b1cb	RH2F.chunk_sound	propext,Classical.choice,Quot.sound
MhFact_2f482379fe24b1cb	RH2F.cntR_eq	propext
MhFact_2f482379fe24b1cb	RH2F.cntT_eq	propext,Classical.choice,Quot.sound
MhFact_2f482379fe24b1cb	RH2F.codeB.eq_1	
MhFact_2f482379fe24b1cb	RH2F.codeB.eq_2	
MhFact_2f482379fe24b1cb	RH2F.codeB.eq_def	
MhFact_2f482379fe24b1cb	RH2F.code_lt	propext,Quot.sound
MhFact_2f482379fe24b1cb	RH2F.colN_projCL3	propext
MhFact_2f482379fe24b1cb	RH2F.count_dl	propext,Classical.choice,Quot.sound
MhFact_2f482379fe24b1cb	RH2F.count_ofFn	propext,Classical.choice,Quot.sound
MhFact_2f482379fe24b1cb	RH2F.dA_dO	propext,Classical.choice,Quot.sound
MhFact_2f482379fe24b1cb	RH2F.dA_dU	propext,Classical.choice,Quot.sound
MhFact_2f482379fe24b1cb	RH2F.dA_dV	propext,Classical.choice,Quot.sound
MhFact_2f482379fe24b1cb	RH2F.dB_eN	propext,Classical.choice,Quot.sound
MhFact_2f482379fe24b1cb	RH2F.dB_eO	propext,Classical.choice,Quot.sound
MhFact_2f482379fe24b1cb	RH2F.decodeB.eq_1	
MhFact_2f482379fe24b1cb	RH2F.decodeB.eq_2	
MhFact_2f482379fe24b1cb	RH2F.decodeB.eq_def	
MhFact_2f482379fe24b1cb	RH2F.decode_code	propext,Classical.choice,Quot.sound
MhFact_2f482379fe24b1cb	RH2F.dgc.eq_1	propext
MhFact_2f482379fe24b1cb	RH2F.dgc_mod	propext
MhFact_2f482379fe24b1cb	RH2F.digEl.eq_1	propext
MhFact_2f482379fe24b1cb	RH2F.digOK_of	propext,Classical.choice,Quot.sound
MhFact_2f482379fe24b1cb	RH2F.digOK_spec	propext,Quot.sound
MhFact_2f482379fe24b1cb	RH2F.dig_iso	propext,Classical.choice,Quot.sound
MhFact_2f482379fe24b1cb	RH2F.elOKR_eq	
MhFact_2f482379fe24b1cb	RH2F.ex1Full_of_ex3	propext,Quot.sound
MhFact_2f482379fe24b1cb	RH2F.ex1Full_of_ex3R	propext,Quot.sound
MhFact_2f482379fe24b1cb	RH2F.ex3R_imp	propext,Quot.sound
MhFact_2f482379fe24b1cb	RH2F.ex3_sound	propext,Quot.sound
MhFact_2f482379fe24b1cb	RH2F.gER.eq_1	
MhFact_2f482379fe24b1cb	RH2F.gE_digEl_hi	propext,Classical.choice,Quot.sound
MhFact_2f482379fe24b1cb	RH2F.gE_digEl_lo	propext,Quot.sound
MhFact_2f482379fe24b1cb	RH2F.getD_decodeB	propext,Quot.sound
MhFact_2f482379fe24b1cb	RH2F.getD_projNB3	propext
MhFact_2f482379fe24b1cb	RH2F.getR.eq_1	
MhFact_2f482379fe24b1cb	RH2F.getR_eq	propext
MhFact_2f482379fe24b1cb	RH2F.host_vals	propext,Quot.sound
MhFact_2f482379fe24b1cb	RH2F.isoC_aut	propext,Classical.choice,Quot.sound
MhFact_2f482379fe24b1cb	RH2F.isoFrom_of_vals	propext,Quot.sound
MhFact_2f482379fe24b1cb	RH2F.k25_cases	propext,Quot.sound
MhFact_2f482379fe24b1cb	RH2F.length_decodeB	propext
MhFact_2f482379fe24b1cb	RH2F.length_digEl	propext,Quot.sound
MhFact_2f482379fe24b1cb	RH2F.main_code	propext,Classical.choice,Quot.sound
MhFact_2f482379fe24b1cb	RH2F.marked_facts	propext,Classical.choice,Quot.sound
MhFact_2f482379fe24b1cb	RH2F.memT_imp	propext,Quot.sound
MhFact_2f482379fe24b1cb	RH2F.mem_tIdx	propext,Quot.sound
MhFact_2f482379fe24b1cb	RH2F.nbOK_proj	propext,Quot.sound
MhFact_2f482379fe24b1cb	RH2F.nbSound_proj	propext,Quot.sound
MhFact_2f482379fe24b1cb	RH2F.nthT_eq	propext
MhFact_2f482379fe24b1cb	RH2F.orIn_bit	propext,Quot.sound
MhFact_2f482379fe24b1cb	RH2F.orOut_bit	propext,Quot.sound
MhFact_2f482379fe24b1cb	RH2F.orSet_bit	propext,Quot.sound
MhFact_2f482379fe24b1cb	RH2F.orbit_sound	propext,Classical.choice,Quot.sound
MhFact_2f482379fe24b1cb	RH2F.pmNB_proj	propext,Quot.sound
MhFact_2f482379fe24b1cb	RH2F.popc.eq_1	propext
MhFact_2f482379fe24b1cb	RH2F.popc_codeB	propext,Classical.choice,Quot.sound
MhFact_2f482379fe24b1cb	RH2F.posT.eq_1	
MhFact_2f482379fe24b1cb	RH2F.posT_eq	propext,Classical.choice,Quot.sound
MhFact_2f482379fe24b1cb	RH2F.projT3.eq_1	propext
MhFact_2f482379fe24b1cb	RH2F.properNB_proj	propext,Quot.sound
MhFact_2f482379fe24b1cb	RH2F.rangeAll_eq	propext
MhFact_2f482379fe24b1cb	RH2F.range_block	propext,Quot.sound
MhFact_2f482379fe24b1cb	RH2F.range_join	propext,Quot.sound
MhFact_2f482379fe24b1cb	RH2F.rank_facts	propext,Classical.choice,Quot.sound
MhFact_2f482379fe24b1cb	RH2F.repsFull_of	propext
MhFact_2f482379fe24b1cb	RH2F.sh_aut24	
MhFact_2f482379fe24b1cb	RH2F.sh_aut25	
MhFact_2f482379fe24b1cb	RH2F.sh_aut3	
MhFact_2f482379fe24b1cb	RH2F.sh_aut8	
MhFact_2f482379fe24b1cb	RH2F.sh_cov24	propext
MhFact_2f482379fe24b1cb	RH2F.sh_cov25	propext
MhFact_2f482379fe24b1cb	RH2F.sh_cov3	propext
MhFact_2f482379fe24b1cb	RH2F.sh_cov8	propext
MhFact_2f482379fe24b1cb	RH2F.smallhostd_of	propext,Classical.choice,Quot.sound
MhFact_2f482379fe24b1cb	RH2F.tIdx_nodup	propext,Classical.choice,Quot.sound
MhFact_2f482379fe24b1cb	RH2F.tIdx_split	propext,Quot.sound
MhFact_2f482379fe24b1cb	RH2F.tri_excl	propext,Classical.choice,Quot.sound
MhFact_2f482379fe24b1cb	RH2F.walk_proj	propext,Quot.sound
MhFact_30194dab4e05fdcf	MGraph.Joins.eq_1	
MhFact_30194dab4e05fdcf	RH2F.Cut3.cont_ex1_3	propext,Classical.choice,Quot.sound
MhFact_30194dab4e05fdcf	RH2F.Cut3.cont_simple3	propext,Classical.choice,Quot.sound
MhFact_30194dab4e05fdcf	RH2F.Cut3.sideB3	propext,Classical.choice,Quot.sound
MhFact_30194dab4e05fdcf	RH2F.Cut3.tri_brick	propext,Classical.choice,Quot.sound
MhFact_30194dab4e05fdcf	RH2F.IsoData.adm_map	propext,Classical.choice
MhFact_30194dab4e05fdcf	RH2F.IsoData.compat_map	propext,Classical.choice,Quot.sound
MhFact_30194dab4e05fdcf	RH2F.IsoData.d1_map	propext,Classical.choice,Quot.sound
MhFact_30194dab4e05fdcf	RH2F.IsoData.d2_map	propext,Classical.choice,Quot.sound
MhFact_30194dab4e05fdcf	RH2F.IsoData.dominant_map	propext,Classical.choice,Quot.sound
MhFact_30194dab4e05fdcf	RH2F.IsoData.hv	
MhFact_30194dab4e05fdcf	RH2F.IsoData.ia	
MhFact_30194dab4e05fdcf	RH2F.IsoData.ib	
MhFact_30194dab4e05fdcf	RH2F.IsoData.inc	
MhFact_30194dab4e05fdcf	RH2F.IsoData.inc_back	
MhFact_30194dab4e05fdcf	RH2F.IsoData.jb	
MhFact_30194dab4e05fdcf	RH2F.IsoData.joins	
MhFact_30194dab4e05fdcf	RH2F.IsoData.mcPole_map	propext,Classical.choice,Quot.sound
MhFact_30194dab4e05fdcf	RH2F.IsoData.not_port	propext,Classical.choice
MhFact_30194dab4e05fdcf	RH2F.IsoData.perm.congr_simp	Classical.choice
MhFact_30194dab4e05fdcf	RH2F.IsoData.perm_inj	Classical.choice
MhFact_30194dab4e05fdcf	RH2F.IsoData.perm_p	Classical.choice
MhFact_30194dab4e05fdcf	RH2F.IsoData.perm_rinv	propext,Classical.choice
MhFact_30194dab4e05fdcf	RH2F.IsoData.perm_surj	propext,Classical.choice
MhFact_30194dab4e05fdcf	RH2F.IsoData.perm_x	Classical.choice
MhFact_30194dab4e05fdcf	RH2F.IsoData.port_ex	
MhFact_30194dab4e05fdcf	RH2F.IsoData.rel_of_inc	propext,Classical.choice,Quot.sound
MhFact_30194dab4e05fdcf	RH2F.IsoData.rinv_perm	propext,Classical.choice
MhFact_30194dab4e05fdcf	RH2F.IsoData.sb	
MhFact_30194dab4e05fdcf	RH2F.IsoData.sig.eq_1	propext,Classical.choice,Quot.sound
MhFact_30194dab4e05fdcf	RH2F.IsoData.sig_cast	propext,Classical.choice,Quot.sound
MhFact_30194dab4e05fdcf	RH2F.IsoData.sig_inj	propext,Classical.choice,Quot.sound
MhFact_30194dab4e05fdcf	RH2F.IsoData.sig_nat	propext,Classical.choice,Quot.sound
MhFact_30194dab4e05fdcf	RH2F.IsoData.split_inc	propext,Classical.choice,Quot.sound
MhFact_30194dab4e05fdcf	RH2F.IsoData.split_inc_back	propext,Classical.choice,Quot.sound
MhFact_30194dab4e05fdcf	RH2F.IsoData.split_joins	propext,Classical.choice,Quot.sound
MhFact_30194dab4e05fdcf	RH2F.IsoData.vBlk_map	propext,Classical.choice,Quot.sound
MhFact_30194dab4e05fdcf	RH2F.IsoData.vCol_map	propext,Classical.choice,Quot.sound
MhFact_30194dab4e05fdcf	RH2F.IsoData.vPole_Q	
MhFact_30194dab4e05fdcf	RH2F.IsoData.vPole_back	propext,Classical.choice,Quot.sound
MhFact_30194dab4e05fdcf	RH2F.IsoData.vPole_map	propext,Classical.choice
MhFact_30194dab4e05fdcf	RH2F.admissible_perm	propext
MhFact_30194dab4e05fdcf	RH2F.apexS	propext,Classical.choice,Quot.sound
MhFact_30194dab4e05fdcf	RH2F.apexT	propext,Classical.choice,Quot.sound
MhFact_30194dab4e05fdcf	RH2F.apex_digon	propext,Classical.choice,Quot.sound
MhFact_30194dab4e05fdcf	RH2F.cntF_one_uniq	propext,Classical.choice,Quot.sound
MhFact_30194dab4e05fdcf	RH2F.cut3_odd	propext,Classical.choice,Quot.sound
MhFact_30194dab4e05fdcf	RH2F.cut3_threeCut	propext,Quot.sound
MhFact_30194dab4e05fdcf	RH2F.cycSide_flip	propext,Quot.sound
MhFact_30194dab4e05fdcf	RH2F.dig_par	propext,Classical.choice,Quot.sound
MhFact_30194dab4e05fdcf	RH2F.dominant_relabel	propext,Classical.choice,Quot.sound
MhFact_30194dab4e05fdcf	RH2F.ex1Full_T5	propext,Classical.choice,Quot.sound
MhFact_30194dab4e05fdcf	RH2F.exists_apex	propext,Quot.sound
MhFact_30194dab4e05fdcf	RH2F.exists_shift	propext,Classical.choice,Quot.sound
MhFact_30194dab4e05fdcf	RH2F.hred13_step	propext,Classical.choice,Quot.sound
MhFact_30194dab4e05fdcf	RH2F.hred13c_of	propext,Classical.choice,Quot.sound
MhFact_30194dab4e05fdcf	RH2F.isoData_id	
MhFact_30194dab4e05fdcf	RH2F.isoData_of_isoFrom	
MhFact_30194dab4e05fdcf	RH2F.layer21	propext,Classical.choice,Quot.sound
MhFact_30194dab4e05fdcf	RH2F.noPorts_of_noThree	propext,Classical.choice,Quot.sound
MhFact_30194dab4e05fdcf	RH2F.othE_of_joins	propext
MhFact_30194dab4e05fdcf	RH2F.ports_meets_v	propext
MhFact_30194dab4e05fdcf	RH2F.ports_meets_x	
MhFact_30194dab4e05fdcf	RH2F.rep4_noThree	
MhFact_30194dab4e05fdcf	RH2F.rep6_e6	
MhFact_30194dab4e05fdcf	RH2F.rep6_e7	
MhFact_30194dab4e05fdcf	RH2F.rep6_noThree4	
MhFact_30194dab4e05fdcf	RH2F.rep6_noThree5	
MhFact_30194dab4e05fdcf	RH2F.rep6_noapex	
MhFact_30194dab4e05fdcf	RH2F.scount_indS	propext,Classical.choice,Quot.sound
MhFact_30194dab4e05fdcf	RH2F.shS_U	propext,Classical.choice,Quot.sound
MhFact_30194dab4e05fdcf	RH2F.shS_dO	propext,Classical.choice,Quot.sound
MhFact_30194dab4e05fdcf	RH2F.simple_not_par_iso	
MhFact_30194dab4e05fdcf	RH2F.small_side3	propext,Classical.choice,Quot.sound
MhFact_30194dab4e05fdcf	RH2F.vcount_flip_cont	propext,Classical.choice,Quot.sound
MhFact_30194dab4e05fdcf	RH2F.vcount_flipflip_cont	propext,Classical.choice,Quot.sound
MhFact_33aabc50b1cec1ba	RH2F.Cut3.wy'	
MhFact_33aabc50b1cec1ba	RH2F.Cut3.yne'	
MhFact_33aabc50b1cec1ba	RH2F.TriPiece.at_u	propext
MhFact_33aabc50b1cec1ba	RH2F.TriPiece.at_v	propext
MhFact_33aabc50b1cec1ba	RH2F.TriPiece.at_yi	propext
MhFact_33aabc50b1cec1ba	RH2F.TriPiece.at_yj	propext
MhFact_33aabc50b1cec1ba	RH2F.TriPiece.at_yk	propext
MhFact_33aabc50b1cec1ba	RH2F.TriPiece.cont6_iff	propext,Classical.choice,Quot.sound
MhFact_33aabc50b1cec1ba	RH2F.TriPiece.dd	
MhFact_33aabc50b1cec1ba	RH2F.TriPiece.e_ne_inner	
MhFact_33aabc50b1cec1ba	RH2F.TriPiece.ei_12	
MhFact_33aabc50b1cec1ba	RH2F.TriPiece.ei_13	
MhFact_33aabc50b1cec1ba	RH2F.TriPiece.ej_12	
MhFact_33aabc50b1cec1ba	RH2F.TriPiece.ej_a	
MhFact_33aabc50b1cec1ba	RH2F.TriPiece.ek_13	
MhFact_33aabc50b1cec1ba	RH2F.TriPiece.ek_b	
MhFact_33aabc50b1cec1ba	RH2F.TriPiece.es6.eq_1	propext,Quot.sound
MhFact_33aabc50b1cec1ba	RH2F.TriPiece.es6_inj	propext,Classical.choice,Quot.sound
MhFact_33aabc50b1cec1ba	RH2F.TriPiece.es9.eq_1	propext
MhFact_33aabc50b1cec1ba	RH2F.TriPiece.es9_inj	propext,Classical.choice,Quot.sound
MhFact_33aabc50b1cec1ba	RH2F.TriPiece.glue_XP	propext,Classical.choice,Quot.sound
MhFact_33aabc50b1cec1ba	RH2F.TriPiece.hij	
MhFact_33aabc50b1cec1ba	RH2F.TriPiece.hik	
MhFact_33aabc50b1cec1ba	RH2F.TriPiece.hjk	
MhFact_33aabc50b1cec1ba	RH2F.TriPiece.inA_a	propext
MhFact_33aabc50b1cec1ba	RH2F.TriPiece.inA_b	propext
MhFact_33aabc50b1cec1ba	RH2F.TriPiece.inA_cases	propext
MhFact_33aabc50b1cec1ba	RH2F.TriPiece.inA_d1	propext
MhFact_33aabc50b1cec1ba	RH2F.TriPiece.inA_d2	propext
MhFact_33aabc50b1cec1ba	RH2F.TriPiece.inA_t12	propext
MhFact_33aabc50b1cec1ba	RH2F.TriPiece.inA_t13	propext
MhFact_33aabc50b1cec1ba	RH2F.TriPiece.inner_notCut	
MhFact_33aabc50b1cec1ba	RH2F.TriPiece.j12	
MhFact_33aabc50b1cec1ba	RH2F.TriPiece.j13	
MhFact_33aabc50b1cec1ba	RH2F.TriPiece.ja	
MhFact_33aabc50b1cec1ba	RH2F.TriPiece.jb	
MhFact_33aabc50b1cec1ba	RH2F.TriPiece.jd1	
MhFact_33aabc50b1cec1ba	RH2F.TriPiece.jd2	
MhFact_33aabc50b1cec1ba	RH2F.TriPiece.joins6	propext,Classical.choice,Quot.sound
MhFact_33aabc50b1cec1ba	RH2F.TriPiece.joins9	propext,Classical.choice,Quot.sound
MhFact_33aabc50b1cec1ba	RH2F.TriPiece.lift_gen	propext,Classical.choice,Quot.sound
MhFact_33aabc50b1cec1ba	RH2F.TriPiece.m6b_lift	propext,Classical.choice,Quot.sound
MhFact_33aabc50b1cec1ba	RH2F.TriPiece.mcol6	propext,Classical.choice,Quot.sound
MhFact_33aabc50b1cec1ba	RH2F.TriPiece.mk.inj	
MhFact_33aabc50b1cec1ba	RH2F.TriPiece.mk.injEq	propext
MhFact_33aabc50b1cec1ba	RH2F.TriPiece.mk.sizeOf_spec	
MhFact_33aabc50b1cec1ba	RH2F.TriPiece.n12_13	
MhFact_33aabc50b1cec1ba	RH2F.TriPiece.n12_a	
MhFact_33aabc50b1cec1ba	RH2F.TriPiece.n12_b	
MhFact_33aabc50b1cec1ba	RH2F.TriPiece.n12_d1	
MhFact_33aabc50b1cec1ba	RH2F.TriPiece.n12_d2	
MhFact_33aabc50b1cec1ba	RH2F.TriPiece.n13_a	
MhFact_33aabc50b1cec1ba	RH2F.TriPiece.n13_b	
MhFact_33aabc50b1cec1ba	RH2F.TriPiece.n13_d1	
MhFact_33aabc50b1cec1ba	RH2F.TriPiece.n13_d2	
MhFact_33aabc50b1cec1ba	RH2F.TriPiece.na_b	
MhFact_33aabc50b1cec1ba	RH2F.TriPiece.na_d1	
MhFact_33aabc50b1cec1ba	RH2F.TriPiece.na_d2	
MhFact_33aabc50b1cec1ba	RH2F.TriPiece.nb_d1	
MhFact_33aabc50b1cec1ba	RH2F.TriPiece.nb_d2	
MhFact_33aabc50b1cec1ba	RH2F.TriPiece.p12	
MhFact_33aabc50b1cec1ba	RH2F.TriPiece.p13	
MhFact_33aabc50b1cec1ba	RH2F.TriPiece.pa	
MhFact_33aabc50b1cec1ba	RH2F.TriPiece.pb	
MhFact_33aabc50b1cec1ba	RH2F.TriPiece.pd1	
MhFact_33aabc50b1cec1ba	RH2F.TriPiece.pd2	
MhFact_33aabc50b1cec1ba	RH2F.TriPiece.pole9	propext
MhFact_33aabc50b1cec1ba	RH2F.TriPiece.side	
MhFact_33aabc50b1cec1ba	RH2F.TriPiece.star9	propext,Classical.choice,Quot.sound
MhFact_33aabc50b1cec1ba	RH2F.TriPiece.step6	propext,Classical.choice,Quot.sound
MhFact_33aabc50b1cec1ba	RH2F.TriPiece.su	
MhFact_33aabc50b1cec1ba	RH2F.TriPiece.sv	
MhFact_33aabc50b1cec1ba	RH2F.TriPiece.toCont_es9	propext,Classical.choice,Quot.sound
MhFact_33aabc50b1cec1ba	RH2F.TriPiece.tri_brick_ex	propext,Classical.choice,Quot.sound
MhFact_33aabc50b1cec1ba	RH2F.TriPiece.uv	
MhFact_33aabc50b1cec1ba	RH2F.TriPiece.uy	
MhFact_33aabc50b1cec1ba	RH2F.TriPiece.vs6.eq_1	propext,Quot.sound
MhFact_33aabc50b1cec1ba	RH2F.TriPiece.vs6_inj	propext,Classical.choice,Quot.sound
MhFact_33aabc50b1cec1ba	RH2F.TriPiece.vs9.eq_1	propext
MhFact_33aabc50b1cec1ba	RH2F.TriPiece.vs9_inj	propext,Classical.choice,Quot.sound
MhFact_33aabc50b1cec1ba	RH2F.TriPiece.vy	
MhFact_33aabc50b1cec1ba	RH2F.TriPiece.wu	
MhFact_33aabc50b1cec1ba	RH2F.TriPiece.wv	
MhFact_33aabc50b1cec1ba	RH2F.TriPiece.yne	
MhFact_33aabc50b1cec1ba	RH2F.cont_flip_flip	propext,Quot.sound
MhFact_33aabc50b1cec1ba	RH2F.cubic_exact	propext
MhFact_33aabc50b1cec1ba	RH2F.dominant_cast	propext,Classical.choice,Quot.sound
MhFact_33aabc50b1cec1ba	RH2F.fifth_colour	propext,Quot.sound
MhFact_33aabc50b1cec1ba	RH2F.fin3_cases	
MhFact_33aabc50b1cec1ba	RH2F.h6_c2d	propext,Classical.choice,Quot.sound
MhFact_33aabc50b1cec1ba	RH2F.h6_c2d'	propext,Classical.choice,Quot.sound
MhFact_33aabc50b1cec1ba	RH2F.h6_c3d	propext,Classical.choice,Quot.sound
MhFact_33aabc50b1cec1ba	RH2F.h6_c3d'	propext,Classical.choice,Quot.sound
MhFact_33aabc50b1cec1ba	RH2F.h6_m	
MhFact_33aabc50b1cec1ba	RH2F.h6_n	
MhFact_33aabc50b1cec1ba	RH2F.h9_ca	propext,Quot.sound
MhFact_33aabc50b1cec1ba	RH2F.h9_cb	propext,Quot.sound
MhFact_33aabc50b1cec1ba	RH2F.idxOf_eq	propext,Classical.choice,Quot.sound
MhFact_33aabc50b1cec1ba	RH2F.layer22	propext,Classical.choice,Quot.sound
MhFact_33aabc50b1cec1ba	RH2F.mcol_of_check	propext,Classical.choice,Quot.sound
MhFact_33aabc50b1cec1ba	RH2F.mcol_of_listEmb	propext,Classical.choice,Quot.sound
MhFact_33aabc50b1cec1ba	RH2F.ne_of_joins	
MhFact_33aabc50b1cec1ba	RH2F.s5A.eq_1	propext
MhFact_33aabc50b1cec1ba	RH2F.s5A_i	propext
MhFact_33aabc50b1cec1ba	RH2F.s5A_j	propext
MhFact_33aabc50b1cec1ba	RH2F.s5A_k	propext
MhFact_33aabc50b1cec1ba	RH2F.s5B.eq_1	propext
MhFact_33aabc50b1cec1ba	RH2F.s5B_i	propext
MhFact_33aabc50b1cec1ba	RH2F.s5B_j	propext
MhFact_33aabc50b1cec1ba	RH2F.s5B_k	propext
MhFact_33aabc50b1cec1ba	RH2F.s5O.eq_1	propext
MhFact_33aabc50b1cec1ba	RH2F.s5O_i	propext
MhFact_33aabc50b1cec1ba	RH2F.s5O_j	propext
MhFact_33aabc50b1cec1ba	RH2F.s5O_k	propext
MhFact_33aabc50b1cec1ba	RH2F.starOn_comp_inj	
MhFact_33aabc50b1cec1ba	RH2F.starOn_of_listEmb	propext,Classical.choice,Quot.sound
MhFact_33aabc50b1cec1ba	RH2F.step5_adm	propext
MhFact_33aabc50b1cec1ba	RH2F.tribrickex_holds	propext,Classical.choice,Quot.sound
MhFact_33aabc50b1cec1ba	RH2F.two_with5	propext
MhFact_341b6e5e1be16205	RH2F.Cut2.flip_flip_cloD	propext,Quot.sound
MhFact_341b6e5e1be16205	RH2F.Cut2.m1	propext,Classical.choice,Quot.sound
MhFact_341b6e5e1be16205	RH2F.Cut2.m2	propext,Classical.choice,Quot.sound
MhFact_341b6e5e1be16205	RH2F.Cut2.meets_clo	propext,Classical.choice,Quot.sound
MhFact_341b6e5e1be16205	RH2F.Cut2.meets_cloD	propext,Classical.choice,Quot.sound
MhFact_341b6e5e1be16205	RH2F.Cut2.scount_sub	propext,Classical.choice,Quot.sound
MhFact_341b6e5e1be16205	RH2F.Cut2.side_even	propext,Classical.choice,Quot.sound
MhFact_341b6e5e1be16205	RH2F.Cut2.side_ge4	propext,Classical.choice,Quot.sound
MhFact_341b6e5e1be16205	RH2F.Cut2.side_pos	propext,Classical.choice,Quot.sound
MhFact_341b6e5e1be16205	RH2F.Cut2.sub.eq_1	
MhFact_341b6e5e1be16205	RH2F.Cut2.sub_true	propext
MhFact_341b6e5e1be16205	RH2F.Cut2.twoCut_self	
MhFact_341b6e5e1be16205	RH2F.Cut2.vcount_clo	propext,Classical.choice,Quot.sound
MhFact_341b6e5e1be16205	RH2F.Cut2.vcount_cloD	propext,Classical.choice,Quot.sound
MhFact_341b6e5e1be16205	RH2F.SmallFacts.s2	propext,Classical.choice,Quot.sound
MhFact_341b6e5e1be16205	RH2F.SmallFacts.s3	propext,Classical.choice,Quot.sound
MhFact_341b6e5e1be16205	RH2F.SmallFacts.s4	propext,Classical.choice,Quot.sound
MhFact_341b6e5e1be16205	RH2F.SmallFacts.s5	propext,Classical.choice,Quot.sound
MhFact_341b6e5e1be16205	RH2F.SmallFacts.tabc	propext,Classical.choice,Quot.sound
MhFact_341b6e5e1be16205	RH2F.TwoCutReducedOn.eq_1	propext,Classical.choice,Quot.sound
MhFact_341b6e5e1be16205	RH2F.bne_of_ne	propext,Quot.sound
MhFact_341b6e5e1be16205	RH2F.cntF.eq_1	propext,Classical.choice,Quot.sound
MhFact_341b6e5e1be16205	RH2F.cntF.eq_2	propext,Classical.choice,Quot.sound
MhFact_341b6e5e1be16205	RH2F.cntF.eq_def	propext,Classical.choice,Quot.sound
MhFact_341b6e5e1be16205	RH2F.cntF_congr	propext,Classical.choice,Quot.sound
MhFact_341b6e5e1be16205	RH2F.cntF_eq_zero	propext,Classical.choice,Quot.sound
MhFact_341b6e5e1be16205	RH2F.cntF_even	propext,Classical.choice,Quot.sound
MhFact_341b6e5e1be16205	RH2F.cntF_le_of_mem	propext,Classical.choice,Quot.sound
MhFact_341b6e5e1be16205	RH2F.cntF_mono	propext,Classical.choice,Quot.sound
MhFact_341b6e5e1be16205	RH2F.cntF_other	propext,Classical.choice,Quot.sound
MhFact_341b6e5e1be16205	RH2F.cntF_pair	propext,Classical.choice,Quot.sound
MhFact_341b6e5e1be16205	RH2F.cntF_pos	propext,Classical.choice,Quot.sound
MhFact_341b6e5e1be16205	RH2F.cntF_single	propext,Classical.choice,Quot.sound
MhFact_341b6e5e1be16205	RH2F.cntF_split	propext,Classical.choice,Quot.sound
MhFact_341b6e5e1be16205	RH2F.cntF_succ	propext,Classical.choice,Quot.sound
MhFact_341b6e5e1be16205	RH2F.cntF_zero	propext,Classical.choice,Quot.sound
MhFact_341b6e5e1be16205	RH2F.cut2_of_twoCut	propext,Classical.choice,Quot.sound
MhFact_341b6e5e1be16205	RH2F.dmsI_of_parts	propext,Classical.choice,Quot.sound
MhFact_341b6e5e1be16205	RH2F.endTF	propext
MhFact_341b6e5e1be16205	RH2F.ends_new0	propext,Quot.sound
MhFact_341b6e5e1be16205	RH2F.ends_new1	propext,Classical.choice,Quot.sound
MhFact_341b6e5e1be16205	RH2F.ends_new2	propext,Classical.choice,Quot.sound
MhFact_341b6e5e1be16205	RH2F.ends_old	propext,Quot.sound
MhFact_341b6e5e1be16205	RH2F.ex1red	propext,Classical.choice,Quot.sound
MhFact_341b6e5e1be16205	RH2F.exists_min_nat	propext,Classical.choice,Quot.sound
MhFact_341b6e5e1be16205	RH2F.iiToDMSII	propext,Classical.choice,Quot.sound
MhFact_341b6e5e1be16205	RH2F.joins_of_ends	
MhFact_341b6e5e1be16205	RH2F.joins_of_ends'	
MhFact_341b6e5e1be16205	RH2F.joins_other	
MhFact_341b6e5e1be16205	RH2F.l_ne_y_of	
MhFact_341b6e5e1be16205	RH2F.layer4	propext,Classical.choice,Quot.sound
MhFact_341b6e5e1be16205	RH2F.leafG.eq_1	
MhFact_341b6e5e1be16205	RH2F.leafSet.eq_1	
MhFact_341b6e5e1be16205	RH2F.leaf_addEdge_ends_last	propext
MhFact_341b6e5e1be16205	RH2F.leaf_addEdge_ends_old	propext,Quot.sound
MhFact_341b6e5e1be16205	RH2F.lv.eq_1	
MhFact_341b6e5e1be16205	RH2F.lv_inj	
MhFact_341b6e5e1be16205	RH2F.lv_ne_vl	propext,Quot.sound
MhFact_341b6e5e1be16205	RH2F.lv_ne_vx	propext,Quot.sound
MhFact_341b6e5e1be16205	RH2F.newE.congr_simp	propext,Quot.sound
MhFact_341b6e5e1be16205	RH2F.newE.eq_1	propext,Quot.sound
MhFact_341b6e5e1be16205	RH2F.oldE.eq_1	propext,Quot.sound
MhFact_341b6e5e1be16205	RH2F.other_avoid	
MhFact_341b6e5e1be16205	RH2F.other_eq	propext
MhFact_341b6e5e1be16205	RH2F.phiT.eq_1	
MhFact_341b6e5e1be16205	RH2F.phiT_inj	propext,Classical.choice,Quot.sound
MhFact_341b6e5e1be16205	RH2F.phiT_l	propext
MhFact_341b6e5e1be16205	RH2F.phiT_other	propext
MhFact_341b6e5e1be16205	RH2F.phiT_y	propext
MhFact_341b6e5e1be16205	RH2F.psiT.eq_1	propext,Quot.sound
MhFact_341b6e5e1be16205	RH2F.psiT_cases	propext,Quot.sound
MhFact_341b6e5e1be16205	RH2F.psiT_f1	propext,Quot.sound
MhFact_341b6e5e1be16205	RH2F.psiT_f2	propext,Quot.sound
MhFact_341b6e5e1be16205	RH2F.psiT_f3	propext,Quot.sound
MhFact_341b6e5e1be16205	RH2F.psiT_inj	propext,Classical.choice,Quot.sound
MhFact_341b6e5e1be16205	RH2F.psiT_joins	propext,Classical.choice,Quot.sound
MhFact_341b6e5e1be16205	RH2F.psiT_old	propext,Quot.sound
MhFact_341b6e5e1be16205	RH2F.psiT_set	propext,Quot.sound
MhFact_341b6e5e1be16205	RH2F.rh2	propext,Classical.choice,Quot.sound
MhFact_341b6e5e1be16205	RH2F.scount_flip	propext,Classical.choice,Quot.sound
MhFact_341b6e5e1be16205	RH2F.set_new	propext,Quot.sound
MhFact_341b6e5e1be16205	RH2F.set_old	propext,Quot.sound
MhFact_341b6e5e1be16205	RH2F.small_side	propext,Classical.choice,Quot.sound
MhFact_341b6e5e1be16205	RH2F.twoCut_even	propext,Classical.choice,Quot.sound
MhFact_341b6e5e1be16205	RH2F.twoCut_pos	propext,Classical.choice,Quot.sound
MhFact_341b6e5e1be16205	RH2F.vcount_even	propext,Classical.choice,Quot.sound
MhFact_341b6e5e1be16205	RH2F.vcount_even_of_pm	propext,Classical.choice,Quot.sound
MhFact_341b6e5e1be16205	RH2F.vcount_split	propext,Classical.choice,Quot.sound
MhFact_341b6e5e1be16205	RH2F.vl.eq_1	
MhFact_341b6e5e1be16205	RH2F.vx.eq_1	
MhFact_341b6e5e1be16205	RH2F.vx_ne_vl	propext,Classical.choice,Quot.sound
MhFact_345a55d7429fd4b1	RH2F.c4c_iff_noCyc	propext,Classical.choice,Quot.sound
MhFact_345a55d7429fd4b1	RH2F.cntF_le_two	propext,Classical.choice,Quot.sound
MhFact_345a55d7429fd4b1	RH2F.cont_inS	propext,Classical.choice,Quot.sound
MhFact_345a55d7429fd4b1	RH2F.cs2p	propext,Classical.choice,Quot.sound
MhFact_345a55d7429fd4b1	RH2F.cutE_joins	propext,Classical.choice,Quot.sound
MhFact_345a55d7429fd4b1	RH2F.cutE_set	propext,Classical.choice,Quot.sound
MhFact_345a55d7429fd4b1	RH2F.cutY_side	propext,Classical.choice,Quot.sound
MhFact_345a55d7429fd4b1	RH2F.cut_ends_distinct	propext,Classical.choice,Quot.sound
MhFact_345a55d7429fd4b1	RH2F.cycCut	propext,Classical.choice,Quot.sound
MhFact_345a55d7429fd4b1	RH2F.cycSide_iff	propext,Classical.choice,Quot.sound
MhFact_345a55d7429fd4b1	RH2F.cycSide_three	propext,Classical.choice,Quot.sound
MhFact_345a55d7429fd4b1	RH2F.hred8_2	propext,Classical.choice,Quot.sound
MhFact_345a55d7429fd4b1	RH2F.indS.eq_1	propext,Classical.choice,Quot.sound
MhFact_345a55d7429fd4b1	RH2F.indS_cross	propext,Classical.choice,Quot.sound
MhFact_345a55d7429fd4b1	RH2F.indS_dO	propext,Classical.choice,Quot.sound
MhFact_345a55d7429fd4b1	RH2F.indS_dU	propext,Classical.choice,Quot.sound
MhFact_345a55d7429fd4b1	RH2F.indS_dV	propext,Classical.choice,Quot.sound
MhFact_345a55d7429fd4b1	RH2F.layer18	propext,Classical.choice,Quot.sound
MhFact_345a55d7429fd4b1	RH2F.sel3.eq_1	propext
MhFact_345a55d7429fd4b1	RH2F.sel3_inj	propext,Quot.sound
MhFact_345a55d7429fd4b1	RH2F.three_cross	propext,Classical.choice,Quot.sound
MhFact_345a55d7429fd4b1	RH2F.three_side_odd	propext,Classical.choice,Quot.sound
MhFact_38b6f78a47fdf12e	RH2F.base12	propext,Classical.choice,Quot.sound
MhFact_38b6f78a47fdf12e	RH2F.d1012	propext,Classical.choice,Quot.sound
MhFact_38b6f78a47fdf12e	RH2F.gA10	propext,Classical.choice,Quot.sound
MhFact_38b6f78a47fdf12e	RH2F.gA12z	propext,Classical.choice,Quot.sound
MhFact_38b6f78a47fdf12e	RH2F.gA4	propext,Classical.choice,Quot.sound
MhFact_38b6f78a47fdf12e	RH2F.gA6	propext,Classical.choice,Quot.sound
MhFact_38b6f78a47fdf12e	RH2F.gA8	propext,Classical.choice,Quot.sound
MhFact_38b6f78a47fdf12e	RH2F.iid12	propext,Classical.choice,Quot.sound
MhFact_38b6f78a47fdf12e	RH2F.layer32d	propext,Classical.choice,Quot.sound
MhFact_3c53e18d818a023b	RH2F.adC16_ok	propext
MhFact_3c53e18d818a023b	RH2F.adj_bit	propext,Classical.choice,Quot.sound
MhFact_3c53e18d818a023b	RH2F.allR_append'	propext
MhFact_3c53e18d818a023b	RH2F.c16_B	propext
MhFact_3c53e18d818a023b	RH2F.c16_len	
MhFact_3c53e18d818a023b	RH2F.c_of_cv	propext,Quot.sound
MhFact_3c53e18d818a023b	RH2F.certsFE_append	propext
MhFact_3c53e18d818a023b	RH2F.cls_stepC	propext,Classical.choice,Quot.sound
MhFact_3c53e18d818a023b	RH2F.cutB.eq_1	propext
MhFact_3c53e18d818a023b	RH2F.cv_of_inc	propext,Quot.sound
MhFact_3c53e18d818a023b	RH2F.d3B.eq_1	propext
MhFact_3c53e18d818a023b	RH2F.dist3_of_far2	propext,Classical.choice,Quot.sound
MhFact_3c53e18d818a023b	RH2F.ends_feV	propext,Quot.sound
MhFact_3c53e18d818a023b	RH2F.farEx_of_feB	propext,Classical.choice,Quot.sound
MhFact_3c53e18d818a023b	RH2F.feGood_of_cert	propext,Classical.choice,Quot.sound
MhFact_3c53e18d818a023b	RH2F.feGood_of_certD	propext,Classical.choice,Quot.sound
MhFact_3c53e18d818a023b	RH2F.fe_and_ne_zero	propext,Quot.sound
MhFact_3c53e18d818a023b	RH2F.fe_ends_lt	propext,Quot.sound
MhFact_3c53e18d818a023b	RH2F.fe_inc_back	
MhFact_3c53e18d818a023b	RH2F.fe_inc_iff	propext,Quot.sound
MhFact_3c53e18d818a023b	RH2F.fe_inc_map	
MhFact_3c53e18d818a023b	RH2F.fe_joins_iff	propext,Quot.sound
MhFact_3c53e18d818a023b	RH2F.fe_joins_map	
MhFact_3c53e18d818a023b	RH2F.fe_lt16	
MhFact_3c53e18d818a023b	RH2F.fe_meets	
MhFact_3c53e18d818a023b	RH2F.fe_of_hosts	propext,Classical.choice,Quot.sound
MhFact_3c53e18d818a023b	RH2F.fe_rangeAll	propext,Quot.sound
MhFact_3c53e18d818a023b	RH2F.fe_testBit_row	propext,Classical.choice,Quot.sound
MhFact_3c53e18d818a023b	RH2F.fe_transfer	propext,Classical.choice,Quot.sound
MhFact_3c53e18d818a023b	RH2F.gEE_encE	propext,Classical.choice,Quot.sound
MhFact_3c53e18d818a023b	RH2F.gER_eq_gE	propext
MhFact_3c53e18d818a023b	RH2F.hostFE0_of_range	propext,Classical.choice,Quot.sound
MhFact_3c53e18d818a023b	RH2F.hostFE_of_cut	propext,Classical.choice,Quot.sound
MhFact_3c53e18d818a023b	RH2F.hostFE_of_parts	propext,Classical.choice,Quot.sound
MhFact_3c53e18d818a023b	RH2F.hostTabW_of_range	propext,Classical.choice,Quot.sound
MhFact_3c53e18d818a023b	RH2F.hostTabW_of_tabW	propext,Classical.choice,Quot.sound
MhFact_3c53e18d818a023b	RH2F.inS_of_c4c	propext,Classical.choice,Quot.sound
MhFact_3c53e18d818a023b	RH2F.layer36a	propext,Classical.choice,Quot.sound
MhFact_3c53e18d818a023b	RH2F.nb_false	propext
MhFact_3c53e18d818a023b	RH2F.nb_true	
MhFact_3c53e18d818a023b	RH2F.nblt	propext
MhFact_3c53e18d818a023b	RH2F.nc4_of_conc	propext,Classical.choice,Quot.sound
MhFact_3c53e18d818a023b	RH2F.nc4_of_cutB	propext,Classical.choice,Quot.sound
MhFact_3c53e18d818a023b	RH2F.not_mc_of_cvB	propext,Quot.sound
MhFact_3c53e18d818a023b	RH2F.pmOn_of_pmB	propext,Quot.sound
MhFact_3c53e18d818a023b	RH2F.rangeP_join	propext,Quot.sound
MhFact_3c53e18d818a023b	RH2F.rangeP_nil	
MhFact_3c53e18d818a023b	RH2F.rangeP_step	propext,Quot.sound
MhFact_3c53e18d818a023b	RH2F.tabW_row	propext,Classical.choice,Quot.sound
MhFact_3c53e18d818a023b	RH2F.two_le_cntF	propext,Classical.choice,Quot.sound
MhFact_3c53e18d818a023b	RH2F.vtx_inc	propext,Quot.sound
MhFact_3c53e18d818a023b	RH2F.vtx_lt	propext,Quot.sound
MhFact_3c53e18d818a023b	RH2F.walkW_get	propext,Classical.choice,Quot.sound
MhFact_3e79907cfcc0085b	MGraph.ofList.congr_simp	
MhFact_3e79907cfcc0085b	RH2F.Cut2.glue_iso	propext,Classical.choice,Quot.sound
MhFact_3e79907cfcc0085b	RH2F.Cut2.tabc_gen	propext,Classical.choice,Quot.sound
MhFact_3e79907cfcc0085b	RH2F.elOK_glue	propext,Quot.sound
MhFact_3e79907cfcc0085b	RH2F.flip_2	propext
MhFact_3e79907cfcc0085b	RH2F.flip_3	propext
MhFact_3e79907cfcc0085b	RH2F.glueEl.eq_1	propext
MhFact_3e79907cfcc0085b	RH2F.glueEl_length	propext
MhFact_3e79907cfcc0085b	RH2F.glue_A	propext
MhFact_3e79907cfcc0085b	RH2F.glue_B	propext,Classical.choice,Quot.sound
MhFact_3e79907cfcc0085b	RH2F.glue_jA	propext
MhFact_3e79907cfcc0085b	RH2F.glue_jB	propext,Classical.choice,Quot.sound
MhFact_3e79907cfcc0085b	RH2F.layer9	propext,Classical.choice,Quot.sound
MhFact_3e79907cfcc0085b	RH2F.rh2_final	propext,Classical.choice,Quot.sound
MhFact_3e79907cfcc0085b	RH2F.sfTabc	propext,Classical.choice,Quot.sound
MhFact_3e79907cfcc0085b	RH2F.sfTabc0	propext,Classical.choice,Quot.sound
MhFact_3e79907cfcc0085b	RH2F.smallFacts	propext,Classical.choice,Quot.sound
MhFact_3e79907cfcc0085b	RH2F.sw6_2_2_4_0	propext
MhFact_3e79907cfcc0085b	RH2F.sw6_2_2_4_4	propext
MhFact_3e79907cfcc0085b	RH2F.sw6_2_2_6_0	propext
MhFact_3e79907cfcc0085b	RH2F.sw6_2_2_6_3	propext
MhFact_3e79907cfcc0085b	RH2F.sw6_2_2_6_5	propext
MhFact_3e79907cfcc0085b	RH2F.sw6_2_2_6_6	propext
MhFact_3e79907cfcc0085b	RH2F.sw6_2_2_7_0	propext
MhFact_3e79907cfcc0085b	RH2F.sw6_2_2_7_1	propext
MhFact_3e79907cfcc0085b	RH2F.sw6_2_2_8_0	propext
MhFact_3e79907cfcc0085b	RH2F.sw6_3_0_4_0	propext
MhFact_3e79907cfcc0085b	RH2F.sw6_3_0_4_4	propext
MhFact_3e79907cfcc0085b	RH2F.sw6_3_0_6_0	propext
MhFact_3e79907cfcc0085b	RH2F.sw6_3_0_6_3	propext
MhFact_3e79907cfcc0085b	RH2F.sw6_3_0_6_5	propext
MhFact_3e79907cfcc0085b	RH2F.sw6_3_0_6_6	propext
MhFact_3e79907cfcc0085b	RH2F.sw6_3_0_7_0	propext
MhFact_3e79907cfcc0085b	RH2F.sw6_3_0_7_1	propext
MhFact_3e79907cfcc0085b	RH2F.sw6_3_0_8_0	propext
MhFact_3e79907cfcc0085b	RH2F.t6_2_2_4_0	propext
MhFact_3e79907cfcc0085b	RH2F.t6_2_2_4_4	propext
MhFact_3e79907cfcc0085b	RH2F.t6_2_2_6_0	propext
MhFact_3e79907cfcc0085b	RH2F.t6_2_2_6_3	propext
MhFact_3e79907cfcc0085b	RH2F.t6_2_2_6_5	propext
MhFact_3e79907cfcc0085b	RH2F.t6_2_2_6_6	propext
MhFact_3e79907cfcc0085b	RH2F.t6_2_2_7_0	propext
MhFact_3e79907cfcc0085b	RH2F.t6_2_2_7_1	propext
MhFact_3e79907cfcc0085b	RH2F.t6_2_2_8_0	propext
MhFact_3e79907cfcc0085b	RH2F.t6_3_0_4_0	propext
MhFact_3e79907cfcc0085b	RH2F.t6_3_0_4_4	propext
MhFact_3e79907cfcc0085b	RH2F.t6_3_0_6_0	propext
MhFact_3e79907cfcc0085b	RH2F.t6_3_0_6_3	propext
MhFact_3e79907cfcc0085b	RH2F.t6_3_0_6_5	propext
MhFact_3e79907cfcc0085b	RH2F.t6_3_0_6_6	propext
MhFact_3e79907cfcc0085b	RH2F.t6_3_0_7_0	propext
MhFact_3e79907cfcc0085b	RH2F.t6_3_0_7_1	propext
MhFact_3e79907cfcc0085b	RH2F.t6_3_0_8_0	propext
MhFact_3e79907cfcc0085b	RH2F.tabc46	propext,Classical.choice,Quot.sound
MhFact_413193082c4b8758	RH2F.Cut3.addHub_loopless	propext,Classical.choice,Quot.sound
MhFact_413193082c4b8758	RH2F.Cut3.brick	propext,Classical.choice,Quot.sound
MhFact_413193082c4b8758	RH2F.Cut3.cont_2cr	propext,Classical.choice,Quot.sound
MhFact_413193082c4b8758	RH2F.Cut3.cont_at_B	propext,Classical.choice,Quot.sound
MhFact_413193082c4b8758	RH2F.Cut3.cont_bridgeless	propext,Classical.choice,Quot.sound
MhFact_413193082c4b8758	RH2F.Cut3.cont_cases	propext,Classical.choice,Quot.sound
MhFact_413193082c4b8758	RH2F.Cut3.cont_connected	propext,Classical.choice,Quot.sound
MhFact_413193082c4b8758	RH2F.Cut3.cont_cubic	propext,Classical.choice,Quot.sound
MhFact_413193082c4b8758	RH2F.Cut3.cont_inG	propext,Classical.choice,Quot.sound
MhFact_413193082c4b8758	RH2F.Cut3.crosses_lift	propext,Classical.choice,Quot.sound
MhFact_413193082c4b8758	RH2F.Cut3.glue_track	propext,Classical.choice,Quot.sound
MhFact_413193082c4b8758	RH2F.Cut3.inc_of_joins'	
MhFact_413193082c4b8758	RH2F.Cut3.liftU.eq_1	propext,Quot.sound
MhFact_413193082c4b8758	RH2F.Cut3.liftU_A	propext,Quot.sound
MhFact_413193082c4b8758	RH2F.Cut3.liftU_B	propext,Quot.sound
MhFact_413193082c4b8758	RH2F.Cut3.liftU_const	propext,Classical.choice,Quot.sound
MhFact_413193082c4b8758	RH2F.Cut3.liftU_toV	propext,Quot.sound
MhFact_413193082c4b8758	RH2F.Cut3.mc_glue'	propext,Classical.choice,Quot.sound
MhFact_413193082c4b8758	RH2F.Cut3.meets_cont_hub	propext,Classical.choice,Quot.sound
MhFact_413193082c4b8758	RH2F.Cut3.meets_cont_hv	propext,Classical.choice,Quot.sound
MhFact_413193082c4b8758	RH2F.Cut3.not_crosses_inA	propext,Quot.sound
MhFact_413193082c4b8758	RH2F.Cut3.scount_cont	propext,Classical.choice,Quot.sound
MhFact_413193082c4b8758	RH2F.Cut3.scount_flip3	propext,Classical.choice,Quot.sound
MhFact_413193082c4b8758	RH2F.Cut3.scount_lift	propext,Classical.choice,Quot.sound
MhFact_413193082c4b8758	RH2F.Cut3.three_le_A	propext,Classical.choice,Quot.sound
MhFact_413193082c4b8758	RH2F.Cut3.three_le_B	propext,Classical.choice,Quot.sound
MhFact_413193082c4b8758	RH2F.Cut3.toCont_inc	propext,Classical.choice,Quot.sound
MhFact_413193082c4b8758	RH2F.Cut3.toV_eq_hv	propext,Quot.sound
MhFact_413193082c4b8758	RH2F.Cut3.twoCut_lift	propext,Classical.choice,Quot.sound
MhFact_413193082c4b8758	RH2F.Cut3.vcount_cont	propext,Classical.choice,Quot.sound
MhFact_413193082c4b8758	RH2F.ex1_of_mcol	propext
MhFact_413193082c4b8758	RH2F.layer15	propext,Classical.choice,Quot.sound
MhFact_413193082c4b8758	RH2F.layer_3cut	propext,Classical.choice,Quot.sound
MhFact_413193082c4b8758	RH2F.mcol_of_ex1	propext,Classical.choice,Quot.sound
MhFact_413193082c4b8758	RH2F.mcol_of_mc5	propext
MhFact_413193082c4b8758	RH2F.pm_of_mcol	propext
MhFact_4b6dbe605eac3a1d	RH2F.aTab12_12_len	
MhFact_4b6dbe605eac3a1d	RH2F.aTab12_12_ok	propext
MhFact_4b6dbe605eac3a1d	RH2F.aTab12_18_len	
MhFact_4b6dbe605eac3a1d	RH2F.aTab12_18_ok	propext
MhFact_4b6dbe605eac3a1d	RH2F.htab12_part2	propext,Classical.choice,Quot.sound
MhFact_4b7436a78212f56a	RH2F.wTab14R_135_180	propext,Classical.choice,Quot.sound
MhFact_4b7436a78212f56a	RH2F.wTab14_135_len	
MhFact_4b7436a78212f56a	RH2F.wTab14_135_ok	propext
MhFact_4b7436a78212f56a	RH2F.wTab14_136_len	
MhFact_4b7436a78212f56a	RH2F.wTab14_136_ok	propext
MhFact_4b7436a78212f56a	RH2F.wTab14_137_len	
MhFact_4b7436a78212f56a	RH2F.wTab14_137_ok	propext
MhFact_4b7436a78212f56a	RH2F.wTab14_138_len	
MhFact_4b7436a78212f56a	RH2F.wTab14_138_ok	propext
MhFact_4b7436a78212f56a	RH2F.wTab14_139_len	
MhFact_4b7436a78212f56a	RH2F.wTab14_139_ok	propext
MhFact_4b7436a78212f56a	RH2F.wTab14_140_len	
MhFact_4b7436a78212f56a	RH2F.wTab14_140_ok	propext
MhFact_4b7436a78212f56a	RH2F.wTab14_141_len	
MhFact_4b7436a78212f56a	RH2F.wTab14_141_ok	propext
MhFact_4b7436a78212f56a	RH2F.wTab14_142_len	
MhFact_4b7436a78212f56a	RH2F.wTab14_142_ok	propext
MhFact_4b7436a78212f56a	RH2F.wTab14_143_len	
MhFact_4b7436a78212f56a	RH2F.wTab14_143_ok	propext
MhFact_4b7436a78212f56a	RH2F.wTab14_144_len	
MhFact_4b7436a78212f56a	RH2F.wTab14_144_ok	propext
MhFact_4b7436a78212f56a	RH2F.wTab14_145_len	
MhFact_4b7436a78212f56a	RH2F.wTab14_145_ok	propext
MhFact_4b7436a78212f56a	RH2F.wTab14_146_len	
MhFact_4b7436a78212f56a	RH2F.wTab14_146_ok	propext
MhFact_4b7436a78212f56a	RH2F.wTab14_147_len	
MhFact_4b7436a78212f56a	RH2F.wTab14_147_ok	propext
MhFact_4b7436a78212f56a	RH2F.wTab14_148_len	
MhFact_4b7436a78212f56a	RH2F.wTab14_148_ok	propext
MhFact_4b7436a78212f56a	RH2F.wTab14_149_len	
MhFact_4b7436a78212f56a	RH2F.wTab14_149_ok	propext
MhFact_4b7436a78212f56a	RH2F.wTab14_150_len	
MhFact_4b7436a78212f56a	RH2F.wTab14_150_ok	propext
MhFact_4b7436a78212f56a	RH2F.wTab14_151_len	
MhFact_4b7436a78212f56a	RH2F.wTab14_151_ok	propext
MhFact_4b7436a78212f56a	RH2F.wTab14_152_len	
MhFact_4b7436a78212f56a	RH2F.wTab14_152_ok	propext
MhFact_4b7436a78212f56a	RH2F.wTab14_153_len	
MhFact_4b7436a78212f56a	RH2F.wTab14_153_ok	propext
MhFact_4b7436a78212f56a	RH2F.wTab14_154_len	
MhFact_4b7436a78212f56a	RH2F.wTab14_154_ok	propext
MhFact_4b7436a78212f56a	RH2F.wTab14_155_len	
MhFact_4b7436a78212f56a	RH2F.wTab14_155_ok	propext
MhFact_4b7436a78212f56a	RH2F.wTab14_156_len	
MhFact_4b7436a78212f56a	RH2F.wTab14_156_ok	propext
MhFact_4b7436a78212f56a	RH2F.wTab14_157_len	
MhFact_4b7436a78212f56a	RH2F.wTab14_157_ok	propext
MhFact_4b7436a78212f56a	RH2F.wTab14_158_len	
MhFact_4b7436a78212f56a	RH2F.wTab14_158_ok	propext
MhFact_4b7436a78212f56a	RH2F.wTab14_159_len	
MhFact_4b7436a78212f56a	RH2F.wTab14_159_ok	propext
MhFact_4b7436a78212f56a	RH2F.wTab14_160_len	
MhFact_4b7436a78212f56a	RH2F.wTab14_160_ok	propext
MhFact_4b7436a78212f56a	RH2F.wTab14_161_len	
MhFact_4b7436a78212f56a	RH2F.wTab14_161_ok	propext
MhFact_4b7436a78212f56a	RH2F.wTab14_162_len	
MhFact_4b7436a78212f56a	RH2F.wTab14_162_ok	propext
MhFact_4b7436a78212f56a	RH2F.wTab14_163_len	
MhFact_4b7436a78212f56a	RH2F.wTab14_163_ok	propext
MhFact_4b7436a78212f56a	RH2F.wTab14_164_len	
MhFact_4b7436a78212f56a	RH2F.wTab14_164_ok	propext
MhFact_4b7436a78212f56a	RH2F.wTab14_165_len	
MhFact_4b7436a78212f56a	RH2F.wTab14_165_ok	propext
MhFact_4b7436a78212f56a	RH2F.wTab14_166_len	
MhFact_4b7436a78212f56a	RH2F.wTab14_166_ok	propext
MhFact_4b7436a78212f56a	RH2F.wTab14_167_len	
MhFact_4b7436a78212f56a	RH2F.wTab14_167_ok	propext
MhFact_4b7436a78212f56a	RH2F.wTab14_168_len	
MhFact_4b7436a78212f56a	RH2F.wTab14_168_ok	propext
MhFact_4b7436a78212f56a	RH2F.wTab14_169_len	
MhFact_4b7436a78212f56a	RH2F.wTab14_169_ok	propext
MhFact_4b7436a78212f56a	RH2F.wTab14_170_len	
MhFact_4b7436a78212f56a	RH2F.wTab14_170_ok	propext
MhFact_4b7436a78212f56a	RH2F.wTab14_171_len	
MhFact_4b7436a78212f56a	RH2F.wTab14_171_ok	propext
MhFact_4b7436a78212f56a	RH2F.wTab14_172_len	
MhFact_4b7436a78212f56a	RH2F.wTab14_172_ok	propext
MhFact_4b7436a78212f56a	RH2F.wTab14_173_len	
MhFact_4b7436a78212f56a	RH2F.wTab14_173_ok	propext
MhFact_4b7436a78212f56a	RH2F.wTab14_174_len	
MhFact_4b7436a78212f56a	RH2F.wTab14_174_ok	propext
MhFact_4b7436a78212f56a	RH2F.wTab14_175_len	
MhFact_4b7436a78212f56a	RH2F.wTab14_175_ok	propext
MhFact_4b7436a78212f56a	RH2F.wTab14_176_len	
MhFact_4b7436a78212f56a	RH2F.wTab14_176_ok	propext
MhFact_4b7436a78212f56a	RH2F.wTab14_177_len	
MhFact_4b7436a78212f56a	RH2F.wTab14_177_ok	propext
MhFact_4b7436a78212f56a	RH2F.wTab14_178_len	
MhFact_4b7436a78212f56a	RH2F.wTab14_178_ok	propext
MhFact_4b7436a78212f56a	RH2F.wTab14_179_len	
MhFact_4b7436a78212f56a	RH2F.wTab14_179_ok	propext
MhFact_4e4dfbfc10836500	RH2F.gB8_2	propext,Classical.choice,Quot.sound
MhFact_4e4dfbfc10836500	RH2F.layer33_1	propext,Classical.choice,Quot.sound
MhFact_4e4dfbfc10836500	RH2F.pB8_2_0_ok	propext
MhFact_4e4dfbfc10836500	RH2F.pB8_2_12_ok	propext
MhFact_4e4dfbfc10836500	RH2F.pB8_2_18_ok	propext
MhFact_4e4dfbfc10836500	RH2F.pB8_2_24_ok	propext
MhFact_4e4dfbfc10836500	RH2F.pB8_2_30_ok	propext
MhFact_4e4dfbfc10836500	RH2F.pB8_2_36_ok	propext
MhFact_4e4dfbfc10836500	RH2F.pB8_2_42_ok	propext
MhFact_4e4dfbfc10836500	RH2F.pB8_2_48_ok	propext
MhFact_4e4dfbfc10836500	RH2F.pB8_2_54_ok	propext
MhFact_4e4dfbfc10836500	RH2F.pB8_2_60_ok	propext
MhFact_4e4dfbfc10836500	RH2F.pB8_2_6_ok	propext
MhFact_4e63409f7b05a806	RH2F.wTab14R_90_135	propext,Classical.choice,Quot.sound
MhFact_4e63409f7b05a806	RH2F.wTab14_100_len	
MhFact_4e63409f7b05a806	RH2F.wTab14_100_ok	propext
MhFact_4e63409f7b05a806	RH2F.wTab14_101_len	
MhFact_4e63409f7b05a806	RH2F.wTab14_101_ok	propext
MhFact_4e63409f7b05a806	RH2F.wTab14_102_len	
MhFact_4e63409f7b05a806	RH2F.wTab14_102_ok	propext
MhFact_4e63409f7b05a806	RH2F.wTab14_103_len	
MhFact_4e63409f7b05a806	RH2F.wTab14_103_ok	propext
MhFact_4e63409f7b05a806	RH2F.wTab14_104_len	
MhFact_4e63409f7b05a806	RH2F.wTab14_104_ok	propext
MhFact_4e63409f7b05a806	RH2F.wTab14_105_len	
MhFact_4e63409f7b05a806	RH2F.wTab14_105_ok	propext
MhFact_4e63409f7b05a806	RH2F.wTab14_106_len	
MhFact_4e63409f7b05a806	RH2F.wTab14_106_ok	propext
MhFact_4e63409f7b05a806	RH2F.wTab14_107_len	
MhFact_4e63409f7b05a806	RH2F.wTab14_107_ok	propext
MhFact_4e63409f7b05a806	RH2F.wTab14_108_len	
MhFact_4e63409f7b05a806	RH2F.wTab14_108_ok	propext
MhFact_4e63409f7b05a806	RH2F.wTab14_109_len	
MhFact_4e63409f7b05a806	RH2F.wTab14_109_ok	propext
MhFact_4e63409f7b05a806	RH2F.wTab14_110_len	
MhFact_4e63409f7b05a806	RH2F.wTab14_110_ok	propext
MhFact_4e63409f7b05a806	RH2F.wTab14_111_len	
MhFact_4e63409f7b05a806	RH2F.wTab14_111_ok	propext
MhFact_4e63409f7b05a806	RH2F.wTab14_112_len	
MhFact_4e63409f7b05a806	RH2F.wTab14_112_ok	propext
MhFact_4e63409f7b05a806	RH2F.wTab14_113_len	
MhFact_4e63409f7b05a806	RH2F.wTab14_113_ok	propext
MhFact_4e63409f7b05a806	RH2F.wTab14_114_len	
MhFact_4e63409f7b05a806	RH2F.wTab14_114_ok	propext
MhFact_4e63409f7b05a806	RH2F.wTab14_115_len	
MhFact_4e63409f7b05a806	RH2F.wTab14_115_ok	propext
MhFact_4e63409f7b05a806	RH2F.wTab14_116_len	
MhFact_4e63409f7b05a806	RH2F.wTab14_116_ok	propext
MhFact_4e63409f7b05a806	RH2F.wTab14_117_len	
MhFact_4e63409f7b05a806	RH2F.wTab14_117_ok	propext
MhFact_4e63409f7b05a806	RH2F.wTab14_118_len	
MhFact_4e63409f7b05a806	RH2F.wTab14_118_ok	propext
MhFact_4e63409f7b05a806	RH2F.wTab14_119_len	
MhFact_4e63409f7b05a806	RH2F.wTab14_119_ok	propext
MhFact_4e63409f7b05a806	RH2F.wTab14_120_len	
MhFact_4e63409f7b05a806	RH2F.wTab14_120_ok	propext
MhFact_4e63409f7b05a806	RH2F.wTab14_121_len	
MhFact_4e63409f7b05a806	RH2F.wTab14_121_ok	propext
MhFact_4e63409f7b05a806	RH2F.wTab14_122_len	
MhFact_4e63409f7b05a806	RH2F.wTab14_122_ok	propext
MhFact_4e63409f7b05a806	RH2F.wTab14_123_len	
MhFact_4e63409f7b05a806	RH2F.wTab14_123_ok	propext
MhFact_4e63409f7b05a806	RH2F.wTab14_124_len	
MhFact_4e63409f7b05a806	RH2F.wTab14_124_ok	propext
MhFact_4e63409f7b05a806	RH2F.wTab14_125_len	
MhFact_4e63409f7b05a806	RH2F.wTab14_125_ok	propext
MhFact_4e63409f7b05a806	RH2F.wTab14_126_len	
MhFact_4e63409f7b05a806	RH2F.wTab14_126_ok	propext
MhFact_4e63409f7b05a806	RH2F.wTab14_127_len	
MhFact_4e63409f7b05a806	RH2F.wTab14_127_ok	propext
MhFact_4e63409f7b05a806	RH2F.wTab14_128_len	
MhFact_4e63409f7b05a806	RH2F.wTab14_128_ok	propext
MhFact_4e63409f7b05a806	RH2F.wTab14_129_len	
MhFact_4e63409f7b05a806	RH2F.wTab14_129_ok	propext
MhFact_4e63409f7b05a806	RH2F.wTab14_130_len	
MhFact_4e63409f7b05a806	RH2F.wTab14_130_ok	propext
MhFact_4e63409f7b05a806	RH2F.wTab14_131_len	
MhFact_4e63409f7b05a806	RH2F.wTab14_131_ok	propext
MhFact_4e63409f7b05a806	RH2F.wTab14_132_len	
MhFact_4e63409f7b05a806	RH2F.wTab14_132_ok	propext
MhFact_4e63409f7b05a806	RH2F.wTab14_133_len	
MhFact_4e63409f7b05a806	RH2F.wTab14_133_ok	propext
MhFact_4e63409f7b05a806	RH2F.wTab14_134_len	
MhFact_4e63409f7b05a806	RH2F.wTab14_134_ok	propext
MhFact_4e63409f7b05a806	RH2F.wTab14_90_len	
MhFact_4e63409f7b05a806	RH2F.wTab14_90_ok	propext
MhFact_4e63409f7b05a806	RH2F.wTab14_91_len	
MhFact_4e63409f7b05a806	RH2F.wTab14_91_ok	propext
MhFact_4e63409f7b05a806	RH2F.wTab14_92_len	
MhFact_4e63409f7b05a806	RH2F.wTab14_92_ok	propext
MhFact_4e63409f7b05a806	RH2F.wTab14_93_len	
MhFact_4e63409f7b05a806	RH2F.wTab14_93_ok	propext
MhFact_4e63409f7b05a806	RH2F.wTab14_94_len	
MhFact_4e63409f7b05a806	RH2F.wTab14_94_ok	propext
MhFact_4e63409f7b05a806	RH2F.wTab14_95_len	
MhFact_4e63409f7b05a806	RH2F.wTab14_95_ok	propext
MhFact_4e63409f7b05a806	RH2F.wTab14_96_len	
MhFact_4e63409f7b05a806	RH2F.wTab14_96_ok	propext
MhFact_4e63409f7b05a806	RH2F.wTab14_97_len	
MhFact_4e63409f7b05a806	RH2F.wTab14_97_ok	propext
MhFact_4e63409f7b05a806	RH2F.wTab14_98_len	
MhFact_4e63409f7b05a806	RH2F.wTab14_98_ok	propext
MhFact_4e63409f7b05a806	RH2F.wTab14_99_len	
MhFact_4e63409f7b05a806	RH2F.wTab14_99_ok	propext
MhFact_4f913d5550e57c85	RH2F.aTab4_0_len	
MhFact_4f913d5550e57c85	RH2F.aTab4_0_ok	propext
MhFact_4f913d5550e57c85	RH2F.aTab6_0_len	
MhFact_4f913d5550e57c85	RH2F.aTab6_0_ok	propext
MhFact_4f913d5550e57c85	RH2F.aTab8_0_len	
MhFact_4f913d5550e57c85	RH2F.aTab8_0_ok	propext
MhFact_4f913d5550e57c85	RH2F.adS10_ok	propext
MhFact_4f913d5550e57c85	RH2F.adS12_ok	propext
MhFact_4f913d5550e57c85	RH2F.adS14_ok	propext
MhFact_4f913d5550e57c85	RH2F.adS6_ok	propext
MhFact_4f913d5550e57c85	RH2F.adS8_ok	propext
MhFact_4f913d5550e57c85	RH2F.htab4	propext,Classical.choice,Quot.sound
MhFact_4f913d5550e57c85	RH2F.htab6	propext,Classical.choice,Quot.sound
MhFact_4f913d5550e57c85	RH2F.htab8	propext,Classical.choice,Quot.sound
MhFact_4f913d5550e57c85	RH2F.layer29b	propext,Classical.choice,Quot.sound
MhFact_4f913d5550e57c85	RH2F.rep3_conc	propext,Classical.choice,Quot.sound
MhFact_4f913d5550e57c85	RH2F.sRep10_B	propext
MhFact_4f913d5550e57c85	RH2F.sRep10_len	
MhFact_4f913d5550e57c85	RH2F.sRep12_B	propext
MhFact_4f913d5550e57c85	RH2F.sRep12_len	
MhFact_4f913d5550e57c85	RH2F.sRep14_B	propext
MhFact_4f913d5550e57c85	RH2F.sRep14_len	
MhFact_4f913d5550e57c85	RH2F.sRep4_B	propext
MhFact_4f913d5550e57c85	RH2F.sRep4_len	
MhFact_4f913d5550e57c85	RH2F.sRep6_B	propext
MhFact_4f913d5550e57c85	RH2F.sRep6_len	
MhFact_4f913d5550e57c85	RH2F.sRep8_B	propext
MhFact_4f913d5550e57c85	RH2F.sRep8_len	
MhFact_4f913d5550e57c85	RH2F.scl10	propext,Classical.choice,Quot.sound
MhFact_4f913d5550e57c85	RH2F.scl4	propext,Classical.choice,Quot.sound
MhFact_4f913d5550e57c85	RH2F.scl6	propext,Classical.choice,Quot.sound
MhFact_4f913d5550e57c85	RH2F.scl8	propext,Classical.choice,Quot.sound
MhFact_51ff9480dc00823f	RH2F.cov14_10	propext
MhFact_51ff9480dc00823f	RH2F.cov14_100	propext
MhFact_51ff9480dc00823f	RH2F.cov14_102	propext
MhFact_51ff9480dc00823f	RH2F.cov14_103	propext
MhFact_51ff9480dc00823f	RH2F.cov14_104	propext
MhFact_51ff9480dc00823f	RH2F.cov14_105	propext
MhFact_51ff9480dc00823f	RH2F.cov14_106	propext
MhFact_51ff9480dc00823f	RH2F.cov14_107	propext
MhFact_51ff9480dc00823f	RH2F.cov14_108	propext
MhFact_51ff9480dc00823f	RH2F.cov14_11	propext
MhFact_51ff9480dc00823f	RH2F.cov14_136	propext
MhFact_51ff9480dc00823f	RH2F.cov14_14	propext
MhFact_51ff9480dc00823f	RH2F.cov14_15	propext
MhFact_51ff9480dc00823f	RH2F.cov14_150	propext
MhFact_51ff9480dc00823f	RH2F.cov14_160	propext
MhFact_51ff9480dc00823f	RH2F.cov14_162	propext
MhFact_51ff9480dc00823f	RH2F.cov14_163	propext
MhFact_51ff9480dc00823f	RH2F.cov14_164	propext
MhFact_51ff9480dc00823f	RH2F.cov14_165	propext
MhFact_51ff9480dc00823f	RH2F.cov14_166	propext
MhFact_51ff9480dc00823f	RH2F.cov14_170	propext
MhFact_51ff9480dc00823f	RH2F.cov14_171	propext
MhFact_51ff9480dc00823f	RH2F.cov14_173	propext
MhFact_51ff9480dc00823f	RH2F.cov14_174	propext
MhFact_51ff9480dc00823f	RH2F.cov14_177	propext
MhFact_51ff9480dc00823f	RH2F.cov14_178	propext
MhFact_51ff9480dc00823f	RH2F.cov14_182	propext
MhFact_51ff9480dc00823f	RH2F.cov14_183	propext
MhFact_51ff9480dc00823f	RH2F.cov14_187	propext
MhFact_51ff9480dc00823f	RH2F.cov14_188	propext
MhFact_51ff9480dc00823f	RH2F.cov14_191	propext
MhFact_51ff9480dc00823f	RH2F.cov14_20	propext
MhFact_51ff9480dc00823f	RH2F.cov14_200	propext
MhFact_51ff9480dc00823f	RH2F.cov14_201	propext
MhFact_51ff9480dc00823f	RH2F.cov14_203	propext
MhFact_51ff9480dc00823f	RH2F.cov14_204	propext
MhFact_51ff9480dc00823f	RH2F.cov14_208	propext
MhFact_51ff9480dc00823f	RH2F.cov14_21	propext
MhFact_51ff9480dc00823f	RH2F.cov14_210	propext
MhFact_51ff9480dc00823f	RH2F.cov14_212	propext
MhFact_51ff9480dc00823f	RH2F.cov14_22	propext
MhFact_51ff9480dc00823f	RH2F.cov14_23	propext
MhFact_51ff9480dc00823f	RH2F.cov14_24	propext
MhFact_51ff9480dc00823f	RH2F.cov14_26	propext
MhFact_51ff9480dc00823f	RH2F.cov14_263	propext
MhFact_51ff9480dc00823f	RH2F.cov14_27	propext
MhFact_51ff9480dc00823f	RH2F.cov14_270	propext
MhFact_51ff9480dc00823f	RH2F.cov14_276	propext
MhFact_51ff9480dc00823f	RH2F.cov14_3	propext
MhFact_51ff9480dc00823f	RH2F.cov14_308	propext
MhFact_51ff9480dc00823f	RH2F.cov14_310	propext
MhFact_51ff9480dc00823f	RH2F.cov14_315	propext
MhFact_51ff9480dc00823f	RH2F.cov14_331	propext
MhFact_51ff9480dc00823f	RH2F.cov14_43	propext
MhFact_51ff9480dc00823f	RH2F.cov14_44	propext
MhFact_51ff9480dc00823f	RH2F.cov14_45	propext
MhFact_51ff9480dc00823f	RH2F.cov14_47	propext
MhFact_51ff9480dc00823f	RH2F.cov14_5	propext
MhFact_51ff9480dc00823f	RH2F.cov14_50	propext
MhFact_51ff9480dc00823f	RH2F.cov14_51	propext
MhFact_51ff9480dc00823f	RH2F.cov14_52	propext
MhFact_51ff9480dc00823f	RH2F.cov14_53	propext
MhFact_51ff9480dc00823f	RH2F.cov14_54	propext
MhFact_51ff9480dc00823f	RH2F.cov14_56	propext
MhFact_51ff9480dc00823f	RH2F.cov14_6	propext
MhFact_51ff9480dc00823f	RH2F.cov14_62	propext
MhFact_51ff9480dc00823f	RH2F.cov14_68	propext
MhFact_51ff9480dc00823f	RH2F.cov14_7	propext
MhFact_51ff9480dc00823f	RH2F.cov14_8	propext
MhFact_51ff9480dc00823f	RH2F.cov14_85	propext
MhFact_51ff9480dc00823f	RH2F.cov14_86	propext
MhFact_51ff9480dc00823f	RH2F.cov14_88	propext
MhFact_51ff9480dc00823f	RH2F.cov14_89	propext
MhFact_51ff9480dc00823f	RH2F.cov14_9	propext
MhFact_51ff9480dc00823f	RH2F.cov14_90	propext
MhFact_51ff9480dc00823f	RH2F.cov14_91	propext
MhFact_51ff9480dc00823f	RH2F.cov14_92	propext
MhFact_51ff9480dc00823f	RH2F.cov14_93	propext
MhFact_51ff9480dc00823f	RH2F.cov14_94	propext
MhFact_51ff9480dc00823f	RH2F.cov14_95	propext
MhFact_51ff9480dc00823f	RH2F.cov14_96	propext
MhFact_51ff9480dc00823f	RH2F.cov14_97	propext
MhFact_51ff9480dc00823f	RH2F.cov14_98	propext
MhFact_51ff9480dc00823f	RH2F.cov14_99	propext
MhFact_51ff9480dc00823f	RH2F.cs14_100_0_ok	propext
MhFact_51ff9480dc00823f	RH2F.cs14_100_ok	propext
MhFact_51ff9480dc00823f	RH2F.cs14_102_0_ok	propext
MhFact_51ff9480dc00823f	RH2F.cs14_102_ok	propext
MhFact_51ff9480dc00823f	RH2F.cs14_103_0_ok	propext
MhFact_51ff9480dc00823f	RH2F.cs14_103_ok	propext
MhFact_51ff9480dc00823f	RH2F.cs14_104_0_ok	propext
MhFact_51ff9480dc00823f	RH2F.cs14_104_ok	propext
MhFact_51ff9480dc00823f	RH2F.cs14_105_0_ok	propext
MhFact_51ff9480dc00823f	RH2F.cs14_105_ok	propext
MhFact_51ff9480dc00823f	RH2F.cs14_106_0_ok	propext
MhFact_51ff9480dc00823f	RH2F.cs14_106_ok	propext
MhFact_51ff9480dc00823f	RH2F.cs14_107_0_ok	propext
MhFact_51ff9480dc00823f	RH2F.cs14_107_1_ok	propext
MhFact_51ff9480dc00823f	RH2F.cs14_107_ok	propext
MhFact_51ff9480dc00823f	RH2F.cs14_108_0_ok	propext
MhFact_51ff9480dc00823f	RH2F.cs14_108_ok	propext
MhFact_51ff9480dc00823f	RH2F.cs14_10_0_ok	propext
MhFact_51ff9480dc00823f	RH2F.cs14_10_ok	propext
MhFact_51ff9480dc00823f	RH2F.cs14_11_0_ok	propext
MhFact_51ff9480dc00823f	RH2F.cs14_11_ok	propext
MhFact_51ff9480dc00823f	RH2F.cs14_136_0_ok	propext
MhFact_51ff9480dc00823f	RH2F.cs14_136_ok	propext
MhFact_51ff9480dc00823f	RH2F.cs14_14_0_ok	propext
MhFact_51ff9480dc00823f	RH2F.cs14_14_ok	propext
MhFact_51ff9480dc00823f	RH2F.cs14_150_0_ok	propext
MhFact_51ff9480dc00823f	RH2F.cs14_150_ok	propext
MhFact_51ff9480dc00823f	RH2F.cs14_15_0_ok	propext
MhFact_51ff9480dc00823f	RH2F.cs14_15_ok	propext
MhFact_51ff9480dc00823f	RH2F.cs14_160_0_ok	propext
MhFact_51ff9480dc00823f	RH2F.cs14_160_ok	propext
MhFact_51ff9480dc00823f	RH2F.cs14_162_0_ok	propext
MhFact_51ff9480dc00823f	RH2F.cs14_162_ok	propext
MhFact_51ff9480dc00823f	RH2F.cs14_163_0_ok	propext
MhFact_51ff9480dc00823f	RH2F.cs14_163_ok	propext
MhFact_51ff9480dc00823f	RH2F.cs14_164_0_ok	propext
MhFact_51ff9480dc00823f	RH2F.cs14_164_1_ok	propext
MhFact_51ff9480dc00823f	RH2F.cs14_164_ok	propext
MhFact_51ff9480dc00823f	RH2F.cs14_165_0_ok	propext
MhFact_51ff9480dc00823f	RH2F.cs14_165_1_ok	propext
MhFact_51ff9480dc00823f	RH2F.cs14_165_ok	propext
MhFact_51ff9480dc00823f	RH2F.cs14_166_0_ok	propext
MhFact_51ff9480dc00823f	RH2F.cs14_166_1_ok	propext
MhFact_51ff9480dc00823f	RH2F.cs14_166_ok	propext
MhFact_51ff9480dc00823f	RH2F.cs14_170_0_ok	propext
MhFact_51ff9480dc00823f	RH2F.cs14_170_ok	propext
MhFact_51ff9480dc00823f	RH2F.cs14_171_0_ok	propext
MhFact_51ff9480dc00823f	RH2F.cs14_171_ok	propext
MhFact_51ff9480dc00823f	RH2F.cs14_173_0_ok	propext
MhFact_51ff9480dc00823f	RH2F.cs14_173_ok	propext
MhFact_51ff9480dc00823f	RH2F.cs14_174_0_ok	propext
MhFact_51ff9480dc00823f	RH2F.cs14_174_ok	propext
MhFact_51ff9480dc00823f	RH2F.cs14_177_0_ok	propext
MhFact_51ff9480dc00823f	RH2F.cs14_177_ok	propext
MhFact_51ff9480dc00823f	RH2F.cs14_178_0_ok	propext
MhFact_51ff9480dc00823f	RH2F.cs14_178_ok	propext
MhFact_51ff9480dc00823f	RH2F.cs14_182_0_ok	propext
MhFact_51ff9480dc00823f	RH2F.cs14_182_ok	propext
MhFact_51ff9480dc00823f	RH2F.cs14_183_0_ok	propext
MhFact_51ff9480dc00823f	RH2F.cs14_183_ok	propext
MhFact_51ff9480dc00823f	RH2F.cs14_187_0_ok	propext
MhFact_51ff9480dc00823f	RH2F.cs14_187_ok	propext
MhFact_51ff9480dc00823f	RH2F.cs14_188_0_ok	propext
MhFact_51ff9480dc00823f	RH2F.cs14_188_ok	propext
MhFact_51ff9480dc00823f	RH2F.cs14_191_0_ok	propext
MhFact_51ff9480dc00823f	RH2F.cs14_191_ok	propext
MhFact_51ff9480dc00823f	RH2F.cs14_200_0_ok	propext
MhFact_51ff9480dc00823f	RH2F.cs14_200_ok	propext
MhFact_51ff9480dc00823f	RH2F.cs14_201_0_ok	propext
MhFact_51ff9480dc00823f	RH2F.cs14_201_ok	propext
MhFact_51ff9480dc00823f	RH2F.cs14_203_0_ok	propext
MhFact_51ff9480dc00823f	RH2F.cs14_203_ok	propext
MhFact_51ff9480dc00823f	RH2F.cs14_204_0_ok	propext
MhFact_51ff9480dc00823f	RH2F.cs14_204_ok	propext
MhFact_51ff9480dc00823f	RH2F.cs14_208_0_ok	propext
MhFact_51ff9480dc00823f	RH2F.cs14_208_1_ok	propext
MhFact_51ff9480dc00823f	RH2F.cs14_208_ok	propext
MhFact_51ff9480dc00823f	RH2F.cs14_20_0_ok	propext
MhFact_51ff9480dc00823f	RH2F.cs14_20_ok	propext
MhFact_51ff9480dc00823f	RH2F.cs14_210_0_ok	propext
MhFact_51ff9480dc00823f	RH2F.cs14_210_1_ok	propext
MhFact_51ff9480dc00823f	RH2F.cs14_210_ok	propext
MhFact_51ff9480dc00823f	RH2F.cs14_212_0_ok	propext
MhFact_51ff9480dc00823f	RH2F.cs14_212_ok	propext
MhFact_51ff9480dc00823f	RH2F.cs14_21_0_ok	propext
MhFact_51ff9480dc00823f	RH2F.cs14_21_ok	propext
MhFact_51ff9480dc00823f	RH2F.cs14_22_0_ok	propext
MhFact_51ff9480dc00823f	RH2F.cs14_22_ok	propext
MhFact_51ff9480dc00823f	RH2F.cs14_23_0_ok	propext
MhFact_51ff9480dc00823f	RH2F.cs14_23_ok	propext
MhFact_51ff9480dc00823f	RH2F.cs14_24_0_ok	propext
MhFact_51ff9480dc00823f	RH2F.cs14_24_ok	propext
MhFact_51ff9480dc00823f	RH2F.cs14_263_0_ok	propext
MhFact_51ff9480dc00823f	RH2F.cs14_263_ok	propext
MhFact_51ff9480dc00823f	RH2F.cs14_26_0_ok	propext
MhFact_51ff9480dc00823f	RH2F.cs14_26_ok	propext
MhFact_51ff9480dc00823f	RH2F.cs14_270_0_ok	propext
MhFact_51ff9480dc00823f	RH2F.cs14_270_1_ok	propext
MhFact_51ff9480dc00823f	RH2F.cs14_270_ok	propext
MhFact_51ff9480dc00823f	RH2F.cs14_276_0_ok	propext
MhFact_51ff9480dc00823f	RH2F.cs14_276_ok	propext
MhFact_51ff9480dc00823f	RH2F.cs14_27_0_ok	propext
MhFact_51ff9480dc00823f	RH2F.cs14_27_ok	propext
MhFact_51ff9480dc00823f	RH2F.cs14_308_0_ok	propext
MhFact_51ff9480dc00823f	RH2F.cs14_308_ok	propext
MhFact_51ff9480dc00823f	RH2F.cs14_310_0_ok	propext
MhFact_51ff9480dc00823f	RH2F.cs14_310_ok	propext
MhFact_51ff9480dc00823f	RH2F.cs14_315_0_ok	propext
MhFact_51ff9480dc00823f	RH2F.cs14_315_ok	propext
MhFact_51ff9480dc00823f	RH2F.cs14_331_0_ok	propext
MhFact_51ff9480dc00823f	RH2F.cs14_331_ok	propext
MhFact_51ff9480dc00823f	RH2F.cs14_3_0_ok	propext
MhFact_51ff9480dc00823f	RH2F.cs14_3_ok	propext
MhFact_51ff9480dc00823f	RH2F.cs14_43_0_ok	propext
MhFact_51ff9480dc00823f	RH2F.cs14_43_ok	propext
MhFact_51ff9480dc00823f	RH2F.cs14_44_0_ok	propext
MhFact_51ff9480dc00823f	RH2F.cs14_44_ok	propext
MhFact_51ff9480dc00823f	RH2F.cs14_45_0_ok	propext
MhFact_51ff9480dc00823f	RH2F.cs14_45_ok	propext
MhFact_51ff9480dc00823f	RH2F.cs14_47_0_ok	propext
MhFact_51ff9480dc00823f	RH2F.cs14_47_ok	propext
MhFact_51ff9480dc00823f	RH2F.cs14_50_0_ok	propext
MhFact_51ff9480dc00823f	RH2F.cs14_50_ok	propext
MhFact_51ff9480dc00823f	RH2F.cs14_51_0_ok	propext
MhFact_51ff9480dc00823f	RH2F.cs14_51_ok	propext
MhFact_51ff9480dc00823f	RH2F.cs14_52_0_ok	propext
MhFact_51ff9480dc00823f	RH2F.cs14_52_1_ok	propext
MhFact_51ff9480dc00823f	RH2F.cs14_52_ok	propext
MhFact_51ff9480dc00823f	RH2F.cs14_53_0_ok	propext
MhFact_51ff9480dc00823f	RH2F.cs14_53_ok	propext
MhFact_51ff9480dc00823f	RH2F.cs14_54_0_ok	propext
MhFact_51ff9480dc00823f	RH2F.cs14_54_ok	propext
MhFact_51ff9480dc00823f	RH2F.cs14_56_0_ok	propext
MhFact_51ff9480dc00823f	RH2F.cs14_56_ok	propext
MhFact_51ff9480dc00823f	RH2F.cs14_5_0_ok	propext
MhFact_51ff9480dc00823f	RH2F.cs14_5_ok	propext
MhFact_51ff9480dc00823f	RH2F.cs14_62_0_ok	propext
MhFact_51ff9480dc00823f	RH2F.cs14_62_ok	propext
MhFact_51ff9480dc00823f	RH2F.cs14_68_0_ok	propext
MhFact_51ff9480dc00823f	RH2F.cs14_68_ok	propext
MhFact_51ff9480dc00823f	RH2F.cs14_6_0_ok	propext
MhFact_51ff9480dc00823f	RH2F.cs14_6_ok	propext
MhFact_51ff9480dc00823f	RH2F.cs14_7_0_ok	propext
MhFact_51ff9480dc00823f	RH2F.cs14_7_ok	propext
MhFact_51ff9480dc00823f	RH2F.cs14_85_0_ok	propext
MhFact_51ff9480dc00823f	RH2F.cs14_85_ok	propext
MhFact_51ff9480dc00823f	RH2F.cs14_86_0_ok	propext
MhFact_51ff9480dc00823f	RH2F.cs14_86_ok	propext
MhFact_51ff9480dc00823f	RH2F.cs14_88_0_ok	propext
MhFact_51ff9480dc00823f	RH2F.cs14_88_ok	propext
MhFact_51ff9480dc00823f	RH2F.cs14_89_0_ok	propext
MhFact_51ff9480dc00823f	RH2F.cs14_89_1_ok	propext
MhFact_51ff9480dc00823f	RH2F.cs14_89_ok	propext
MhFact_51ff9480dc00823f	RH2F.cs14_8_0_ok	propext
MhFact_51ff9480dc00823f	RH2F.cs14_8_ok	propext
MhFact_51ff9480dc00823f	RH2F.cs14_90_0_ok	propext
MhFact_51ff9480dc00823f	RH2F.cs14_90_1_ok	propext
MhFact_51ff9480dc00823f	RH2F.cs14_90_ok	propext
MhFact_51ff9480dc00823f	RH2F.cs14_91_0_ok	propext
MhFact_51ff9480dc00823f	RH2F.cs14_91_ok	propext
MhFact_51ff9480dc00823f	RH2F.cs14_92_0_ok	propext
MhFact_51ff9480dc00823f	RH2F.cs14_92_ok	propext
MhFact_51ff9480dc00823f	RH2F.cs14_93_0_ok	propext
MhFact_51ff9480dc00823f	RH2F.cs14_93_1_ok	propext
MhFact_51ff9480dc00823f	RH2F.cs14_93_ok	propext
MhFact_51ff9480dc00823f	RH2F.cs14_94_0_ok	propext
MhFact_51ff9480dc00823f	RH2F.cs14_94_1_ok	propext
MhFact_51ff9480dc00823f	RH2F.cs14_94_ok	propext
MhFact_51ff9480dc00823f	RH2F.cs14_95_0_ok	propext
MhFact_51ff9480dc00823f	RH2F.cs14_95_1_ok	propext
MhFact_51ff9480dc00823f	RH2F.cs14_95_ok	propext
MhFact_51ff9480dc00823f	RH2F.cs14_96_0_ok	propext
MhFact_51ff9480dc00823f	RH2F.cs14_96_ok	propext
MhFact_51ff9480dc00823f	RH2F.cs14_97_0_ok	propext
MhFact_51ff9480dc00823f	RH2F.cs14_97_ok	propext
MhFact_51ff9480dc00823f	RH2F.cs14_98_0_ok	propext
MhFact_51ff9480dc00823f	RH2F.cs14_98_1_ok	propext
MhFact_51ff9480dc00823f	RH2F.cs14_98_ok	propext
MhFact_51ff9480dc00823f	RH2F.cs14_99_0_ok	propext
MhFact_51ff9480dc00823f	RH2F.cs14_99_ok	propext
MhFact_51ff9480dc00823f	RH2F.cs14_9_0_ok	propext
MhFact_51ff9480dc00823f	RH2F.cs14_9_ok	propext
MhFact_51ff9480dc00823f	RH2F.hfe14R_0_341	propext,Classical.choice,Quot.sound
MhFact_51ff9480dc00823f	RH2F.hfe14R_0_40	propext,Classical.choice,Quot.sound
MhFact_51ff9480dc00823f	RH2F.hfe14R_120_160	propext,Classical.choice,Quot.sound
MhFact_51ff9480dc00823f	RH2F.hfe14R_160_200	propext,Classical.choice,Quot.sound
MhFact_51ff9480dc00823f	RH2F.hfe14R_200_240	propext,Classical.choice,Quot.sound
MhFact_51ff9480dc00823f	RH2F.hfe14R_240_280	propext,Classical.choice,Quot.sound
MhFact_51ff9480dc00823f	RH2F.hfe14R_280_320	propext,Classical.choice,Quot.sound
MhFact_51ff9480dc00823f	RH2F.hfe14R_320_341	propext,Classical.choice,Quot.sound
MhFact_51ff9480dc00823f	RH2F.hfe14R_40_80	propext,Classical.choice,Quot.sound
MhFact_51ff9480dc00823f	RH2F.hfe14R_80_120	propext,Classical.choice,Quot.sound
MhFact_51ff9480dc00823f	RH2F.hfe14_0	propext,Classical.choice,Quot.sound
MhFact_51ff9480dc00823f	RH2F.hfe14_1	propext,Classical.choice,Quot.sound
MhFact_51ff9480dc00823f	RH2F.hfe14_10	propext,Classical.choice,Quot.sound
MhFact_51ff9480dc00823f	RH2F.hfe14_100	propext,Classical.choice,Quot.sound
MhFact_51ff9480dc00823f	RH2F.hfe14_101	propext,Classical.choice,Quot.sound
MhFact_51ff9480dc00823f	RH2F.hfe14_102	propext,Classical.choice,Quot.sound
MhFact_51ff9480dc00823f	RH2F.hfe14_103	propext,Classical.choice,Quot.sound
MhFact_51ff9480dc00823f	RH2F.hfe14_104	propext,Classical.choice,Quot.sound
MhFact_51ff9480dc00823f	RH2F.hfe14_105	propext,Classical.choice,Quot.sound
MhFact_51ff9480dc00823f	RH2F.hfe14_106	propext,Classical.choice,Quot.sound
MhFact_51ff9480dc00823f	RH2F.hfe14_107	propext,Classical.choice,Quot.sound
MhFact_51ff9480dc00823f	RH2F.hfe14_108	propext,Classical.choice,Quot.sound
MhFact_51ff9480dc00823f	RH2F.hfe14_109	propext,Classical.choice,Quot.sound
MhFact_51ff9480dc00823f	RH2F.hfe14_11	propext,Classical.choice,Quot.sound
MhFact_51ff9480dc00823f	RH2F.hfe14_110	propext,Classical.choice,Quot.sound
MhFact_51ff9480dc00823f	RH2F.hfe14_111	propext,Classical.choice,Quot.sound
MhFact_51ff9480dc00823f	RH2F.hfe14_112	propext,Classical.choice,Quot.sound
MhFact_51ff9480dc00823f	RH2F.hfe14_113	propext,Classical.choice,Quot.sound
MhFact_51ff9480dc00823f	RH2F.hfe14_114	propext,Classical.choice,Quot.sound
MhFact_51ff9480dc00823f	RH2F.hfe14_115	propext,Classical.choice,Quot.sound
MhFact_51ff9480dc00823f	RH2F.hfe14_116	propext,Classical.choice,Quot.sound
MhFact_51ff9480dc00823f	RH2F.hfe14_117	propext,Classical.choice,Quot.sound
MhFact_51ff9480dc00823f	RH2F.hfe14_118	propext,Classical.choice,Quot.sound
MhFact_51ff9480dc00823f	RH2F.hfe14_119	propext,Classical.choice,Quot.sound
MhFact_51ff9480dc00823f	RH2F.hfe14_12	propext,Classical.choice,Quot.sound
MhFact_51ff9480dc00823f	RH2F.hfe14_120	propext,Classical.choice,Quot.sound
MhFact_51ff9480dc00823f	RH2F.hfe14_121	propext,Classical.choice,Quot.sound
MhFact_51ff9480dc00823f	RH2F.hfe14_122	propext,Classical.choice,Quot.sound
MhFact_51ff9480dc00823f	RH2F.hfe14_123	propext,Classical.choice,Quot.sound
MhFact_51ff9480dc00823f	RH2F.hfe14_124	propext,Classical.choice,Quot.sound
MhFact_51ff9480dc00823f	RH2F.hfe14_125	propext,Classical.choice,Quot.sound
MhFact_51ff9480dc00823f	RH2F.hfe14_126	propext,Classical.choice,Quot.sound
MhFact_51ff9480dc00823f	RH2F.hfe14_127	propext,Classical.choice,Quot.sound
MhFact_51ff9480dc00823f	RH2F.hfe14_128	propext,Classical.choice,Quot.sound
MhFact_51ff9480dc00823f	RH2F.hfe14_129	propext,Classical.choice,Quot.sound
MhFact_51ff9480dc00823f	RH2F.hfe14_13	propext,Classical.choice,Quot.sound
MhFact_51ff9480dc00823f	RH2F.hfe14_130	propext,Classical.choice,Quot.sound
MhFact_51ff9480dc00823f	RH2F.hfe14_131	propext,Classical.choice,Quot.sound
MhFact_51ff9480dc00823f	RH2F.hfe14_132	propext,Classical.choice,Quot.sound
MhFact_51ff9480dc00823f	RH2F.hfe14_133	propext,Classical.choice,Quot.sound
MhFact_51ff9480dc00823f	RH2F.hfe14_134	propext,Classical.choice,Quot.sound
MhFact_51ff9480dc00823f	RH2F.hfe14_135	propext,Classical.choice,Quot.sound
MhFact_51ff9480dc00823f	RH2F.hfe14_136	propext,Classical.choice,Quot.sound
MhFact_51ff9480dc00823f	RH2F.hfe14_137	propext,Classical.choice,Quot.sound
MhFact_51ff9480dc00823f	RH2F.hfe14_138	propext,Classical.choice,Quot.sound
MhFact_51ff9480dc00823f	RH2F.hfe14_139	propext,Classical.choice,Quot.sound
MhFact_51ff9480dc00823f	RH2F.hfe14_14	propext,Classical.choice,Quot.sound
MhFact_51ff9480dc00823f	RH2F.hfe14_140	propext,Classical.choice,Quot.sound
MhFact_51ff9480dc00823f	RH2F.hfe14_141	propext,Classical.choice,Quot.sound
MhFact_51ff9480dc00823f	RH2F.hfe14_142	propext,Classical.choice,Quot.sound
MhFact_51ff9480dc00823f	RH2F.hfe14_143	propext,Classical.choice,Quot.sound
MhFact_51ff9480dc00823f	RH2F.hfe14_144	propext,Classical.choice,Quot.sound
MhFact_51ff9480dc00823f	RH2F.hfe14_145	propext,Classical.choice,Quot.sound
MhFact_51ff9480dc00823f	RH2F.hfe14_146	propext,Classical.choice,Quot.sound
MhFact_51ff9480dc00823f	RH2F.hfe14_147	propext,Classical.choice,Quot.sound
MhFact_51ff9480dc00823f	RH2F.hfe14_148	propext,Classical.choice,Quot.sound
MhFact_51ff9480dc00823f	RH2F.hfe14_149	propext,Classical.choice,Quot.sound
MhFact_51ff9480dc00823f	RH2F.hfe14_15	propext,Classical.choice,Quot.sound
MhFact_51ff9480dc00823f	RH2F.hfe14_150	propext,Classical.choice,Quot.sound
MhFact_51ff9480dc00823f	RH2F.hfe14_151	propext,Classical.choice,Quot.sound
MhFact_51ff9480dc00823f	RH2F.hfe14_152	propext,Classical.choice,Quot.sound
MhFact_51ff9480dc00823f	RH2F.hfe14_153	propext,Classical.choice,Quot.sound
MhFact_51ff9480dc00823f	RH2F.hfe14_154	propext,Classical.choice,Quot.sound
MhFact_51ff9480dc00823f	RH2F.hfe14_155	propext,Classical.choice,Quot.sound
MhFact_51ff9480dc00823f	RH2F.hfe14_156	propext,Classical.choice,Quot.sound
MhFact_51ff9480dc00823f	RH2F.hfe14_157	propext,Classical.choice,Quot.sound
MhFact_51ff9480dc00823f	RH2F.hfe14_158	propext,Classical.choice,Quot.sound
MhFact_51ff9480dc00823f	RH2F.hfe14_159	propext,Classical.choice,Quot.sound
MhFact_51ff9480dc00823f	RH2F.hfe14_16	propext,Classical.choice,Quot.sound
MhFact_51ff9480dc00823f	RH2F.hfe14_160	propext,Classical.choice,Quot.sound
MhFact_51ff9480dc00823f	RH2F.hfe14_161	propext,Classical.choice,Quot.sound
MhFact_51ff9480dc00823f	RH2F.hfe14_162	propext,Classical.choice,Quot.sound
MhFact_51ff9480dc00823f	RH2F.hfe14_163	propext,Classical.choice,Quot.sound
MhFact_51ff9480dc00823f	RH2F.hfe14_164	propext,Classical.choice,Quot.sound
MhFact_51ff9480dc00823f	RH2F.hfe14_165	propext,Classical.choice,Quot.sound
MhFact_51ff9480dc00823f	RH2F.hfe14_166	propext,Classical.choice,Quot.sound
MhFact_51ff9480dc00823f	RH2F.hfe14_167	propext,Classical.choice,Quot.sound
MhFact_51ff9480dc00823f	RH2F.hfe14_168	propext,Classical.choice,Quot.sound
MhFact_51ff9480dc00823f	RH2F.hfe14_169	propext,Classical.choice,Quot.sound
MhFact_51ff9480dc00823f	RH2F.hfe14_17	propext,Classical.choice,Quot.sound
MhFact_51ff9480dc00823f	RH2F.hfe14_170	propext,Classical.choice,Quot.sound
MhFact_51ff9480dc00823f	RH2F.hfe14_171	propext,Classical.choice,Quot.sound
MhFact_51ff9480dc00823f	RH2F.hfe14_172	propext,Classical.choice,Quot.sound
MhFact_51ff9480dc00823f	RH2F.hfe14_173	propext,Classical.choice,Quot.sound
MhFact_51ff9480dc00823f	RH2F.hfe14_174	propext,Classical.choice,Quot.sound
MhFact_51ff9480dc00823f	RH2F.hfe14_175	propext,Classical.choice,Quot.sound
MhFact_51ff9480dc00823f	RH2F.hfe14_176	propext,Classical.choice,Quot.sound
MhFact_51ff9480dc00823f	RH2F.hfe14_177	propext,Classical.choice,Quot.sound
MhFact_51ff9480dc00823f	RH2F.hfe14_178	propext,Classical.choice,Quot.sound
MhFact_51ff9480dc00823f	RH2F.hfe14_179	propext,Classical.choice,Quot.sound
MhFact_51ff9480dc00823f	RH2F.hfe14_18	propext,Classical.choice,Quot.sound
MhFact_51ff9480dc00823f	RH2F.hfe14_180	propext,Classical.choice,Quot.sound
MhFact_51ff9480dc00823f	RH2F.hfe14_181	propext,Classical.choice,Quot.sound
MhFact_51ff9480dc00823f	RH2F.hfe14_182	propext,Classical.choice,Quot.sound
MhFact_51ff9480dc00823f	RH2F.hfe14_183	propext,Classical.choice,Quot.sound
MhFact_51ff9480dc00823f	RH2F.hfe14_184	propext,Classical.choice,Quot.sound
MhFact_51ff9480dc00823f	RH2F.hfe14_185	propext,Classical.choice,Quot.sound
MhFact_51ff9480dc00823f	RH2F.hfe14_186	propext,Classical.choice,Quot.sound
MhFact_51ff9480dc00823f	RH2F.hfe14_187	propext,Classical.choice,Quot.sound
MhFact_51ff9480dc00823f	RH2F.hfe14_188	propext,Classical.choice,Quot.sound
MhFact_51ff9480dc00823f	RH2F.hfe14_189	propext,Classical.choice,Quot.sound
MhFact_51ff9480dc00823f	RH2F.hfe14_19	propext,Classical.choice,Quot.sound
MhFact_51ff9480dc00823f	RH2F.hfe14_190	propext,Classical.choice,Quot.sound
MhFact_51ff9480dc00823f	RH2F.hfe14_191	propext,Classical.choice,Quot.sound
MhFact_51ff9480dc00823f	RH2F.hfe14_192	propext,Classical.choice,Quot.sound
MhFact_51ff9480dc00823f	RH2F.hfe14_193	propext,Classical.choice,Quot.sound
MhFact_51ff9480dc00823f	RH2F.hfe14_194	propext,Classical.choice,Quot.sound
MhFact_51ff9480dc00823f	RH2F.hfe14_195	propext,Classical.choice,Quot.sound
MhFact_51ff9480dc00823f	RH2F.hfe14_196	propext,Classical.choice,Quot.sound
MhFact_51ff9480dc00823f	RH2F.hfe14_197	propext,Classical.choice,Quot.sound
MhFact_51ff9480dc00823f	RH2F.hfe14_198	propext,Classical.choice,Quot.sound
MhFact_51ff9480dc00823f	RH2F.hfe14_199	propext,Classical.choice,Quot.sound
MhFact_51ff9480dc00823f	RH2F.hfe14_2	propext,Classical.choice,Quot.sound
MhFact_51ff9480dc00823f	RH2F.hfe14_20	propext,Classical.choice,Quot.sound
MhFact_51ff9480dc00823f	RH2F.hfe14_200	propext,Classical.choice,Quot.sound
MhFact_51ff9480dc00823f	RH2F.hfe14_201	propext,Classical.choice,Quot.sound
MhFact_51ff9480dc00823f	RH2F.hfe14_202	propext,Classical.choice,Quot.sound
MhFact_51ff9480dc00823f	RH2F.hfe14_203	propext,Classical.choice,Quot.sound
MhFact_51ff9480dc00823f	RH2F.hfe14_204	propext,Classical.choice,Quot.sound
MhFact_51ff9480dc00823f	RH2F.hfe14_205	propext,Classical.choice,Quot.sound
MhFact_51ff9480dc00823f	RH2F.hfe14_206	propext,Classical.choice,Quot.sound
MhFact_51ff9480dc00823f	RH2F.hfe14_207	propext,Classical.choice,Quot.sound
MhFact_51ff9480dc00823f	RH2F.hfe14_208	propext,Classical.choice,Quot.sound
MhFact_51ff9480dc00823f	RH2F.hfe14_209	propext,Classical.choice,Quot.sound
MhFact_51ff9480dc00823f	RH2F.hfe14_21	propext,Classical.choice,Quot.sound
MhFact_51ff9480dc00823f	RH2F.hfe14_210	propext,Classical.choice,Quot.sound
MhFact_51ff9480dc00823f	RH2F.hfe14_211	propext,Classical.choice,Quot.sound
MhFact_51ff9480dc00823f	RH2F.hfe14_212	propext,Classical.choice,Quot.sound
MhFact_51ff9480dc00823f	RH2F.hfe14_213	propext,Classical.choice,Quot.sound
MhFact_51ff9480dc00823f	RH2F.hfe14_214	propext,Classical.choice,Quot.sound
MhFact_51ff9480dc00823f	RH2F.hfe14_215	propext,Classical.choice,Quot.sound
MhFact_51ff9480dc00823f	RH2F.hfe14_216	propext,Classical.choice,Quot.sound
MhFact_51ff9480dc00823f	RH2F.hfe14_217	propext,Classical.choice,Quot.sound
MhFact_51ff9480dc00823f	RH2F.hfe14_218	propext,Classical.choice,Quot.sound
MhFact_51ff9480dc00823f	RH2F.hfe14_219	propext,Classical.choice,Quot.sound
MhFact_51ff9480dc00823f	RH2F.hfe14_22	propext,Classical.choice,Quot.sound
MhFact_51ff9480dc00823f	RH2F.hfe14_220	propext,Classical.choice,Quot.sound
MhFact_51ff9480dc00823f	RH2F.hfe14_221	propext,Classical.choice,Quot.sound
MhFact_51ff9480dc00823f	RH2F.hfe14_222	propext,Classical.choice,Quot.sound
MhFact_51ff9480dc00823f	RH2F.hfe14_223	propext,Classical.choice,Quot.sound
MhFact_51ff9480dc00823f	RH2F.hfe14_224	propext,Classical.choice,Quot.sound
MhFact_51ff9480dc00823f	RH2F.hfe14_225	propext,Classical.choice,Quot.sound
MhFact_51ff9480dc00823f	RH2F.hfe14_226	propext,Classical.choice,Quot.sound
MhFact_51ff9480dc00823f	RH2F.hfe14_227	propext,Classical.choice,Quot.sound
MhFact_51ff9480dc00823f	RH2F.hfe14_228	propext,Classical.choice,Quot.sound
MhFact_51ff9480dc00823f	RH2F.hfe14_229	propext,Classical.choice,Quot.sound
MhFact_51ff9480dc00823f	RH2F.hfe14_23	propext,Classical.choice,Quot.sound
MhFact_51ff9480dc00823f	RH2F.hfe14_230	propext,Classical.choice,Quot.sound
MhFact_51ff9480dc00823f	RH2F.hfe14_231	propext,Classical.choice,Quot.sound
MhFact_51ff9480dc00823f	RH2F.hfe14_232	propext,Classical.choice,Quot.sound
MhFact_51ff9480dc00823f	RH2F.hfe14_233	propext,Classical.choice,Quot.sound
MhFact_51ff9480dc00823f	RH2F.hfe14_234	propext,Classical.choice,Quot.sound
MhFact_51ff9480dc00823f	RH2F.hfe14_235	propext,Classical.choice,Quot.sound
MhFact_51ff9480dc00823f	RH2F.hfe14_236	propext,Classical.choice,Quot.sound
MhFact_51ff9480dc00823f	RH2F.hfe14_237	propext,Classical.choice,Quot.sound
MhFact_51ff9480dc00823f	RH2F.hfe14_238	propext,Classical.choice,Quot.sound
MhFact_51ff9480dc00823f	RH2F.hfe14_239	propext,Classical.choice,Quot.sound
MhFact_51ff9480dc00823f	RH2F.hfe14_24	propext,Classical.choice,Quot.sound
MhFact_51ff9480dc00823f	RH2F.hfe14_240	propext,Classical.choice,Quot.sound
MhFact_51ff9480dc00823f	RH2F.hfe14_241	propext,Classical.choice,Quot.sound
MhFact_51ff9480dc00823f	RH2F.hfe14_242	propext,Classical.choice,Quot.sound
MhFact_51ff9480dc00823f	RH2F.hfe14_243	propext,Classical.choice,Quot.sound
MhFact_51ff9480dc00823f	RH2F.hfe14_244	propext,Classical.choice,Quot.sound
MhFact_51ff9480dc00823f	RH2F.hfe14_245	propext,Classical.choice,Quot.sound
MhFact_51ff9480dc00823f	RH2F.hfe14_246	propext,Classical.choice,Quot.sound
MhFact_51ff9480dc00823f	RH2F.hfe14_247	propext,Classical.choice,Quot.sound
MhFact_51ff9480dc00823f	RH2F.hfe14_248	propext,Classical.choice,Quot.sound
MhFact_51ff9480dc00823f	RH2F.hfe14_249	propext,Classical.choice,Quot.sound
MhFact_51ff9480dc00823f	RH2F.hfe14_25	propext,Classical.choice,Quot.sound
MhFact_51ff9480dc00823f	RH2F.hfe14_250	propext,Classical.choice,Quot.sound
MhFact_51ff9480dc00823f	RH2F.hfe14_251	propext,Classical.choice,Quot.sound
MhFact_51ff9480dc00823f	RH2F.hfe14_252	propext,Classical.choice,Quot.sound
MhFact_51ff9480dc00823f	RH2F.hfe14_253	propext,Classical.choice,Quot.sound
MhFact_51ff9480dc00823f	RH2F.hfe14_254	propext,Classical.choice,Quot.sound
MhFact_51ff9480dc00823f	RH2F.hfe14_255	propext,Classical.choice,Quot.sound
MhFact_51ff9480dc00823f	RH2F.hfe14_256	propext,Classical.choice,Quot.sound
MhFact_51ff9480dc00823f	RH2F.hfe14_257	propext,Classical.choice,Quot.sound
MhFact_51ff9480dc00823f	RH2F.hfe14_258	propext,Classical.choice,Quot.sound
MhFact_51ff9480dc00823f	RH2F.hfe14_259	propext,Classical.choice,Quot.sound
MhFact_51ff9480dc00823f	RH2F.hfe14_26	propext,Classical.choice,Quot.sound
MhFact_51ff9480dc00823f	RH2F.hfe14_260	propext,Classical.choice,Quot.sound
MhFact_51ff9480dc00823f	RH2F.hfe14_261	propext,Classical.choice,Quot.sound
MhFact_51ff9480dc00823f	RH2F.hfe14_262	propext,Classical.choice,Quot.sound
MhFact_51ff9480dc00823f	RH2F.hfe14_263	propext,Classical.choice,Quot.sound
MhFact_51ff9480dc00823f	RH2F.hfe14_264	propext,Classical.choice,Quot.sound
MhFact_51ff9480dc00823f	RH2F.hfe14_265	propext,Classical.choice,Quot.sound
MhFact_51ff9480dc00823f	RH2F.hfe14_266	propext,Classical.choice,Quot.sound
MhFact_51ff9480dc00823f	RH2F.hfe14_267	propext,Classical.choice,Quot.sound
MhFact_51ff9480dc00823f	RH2F.hfe14_268	propext,Classical.choice,Quot.sound
MhFact_51ff9480dc00823f	RH2F.hfe14_269	propext,Classical.choice,Quot.sound
MhFact_51ff9480dc00823f	RH2F.hfe14_27	propext,Classical.choice,Quot.sound
MhFact_51ff9480dc00823f	RH2F.hfe14_270	propext,Classical.choice,Quot.sound
MhFact_51ff9480dc00823f	RH2F.hfe14_271	propext,Classical.choice,Quot.sound
MhFact_51ff9480dc00823f	RH2F.hfe14_272	propext,Classical.choice,Quot.sound
MhFact_51ff9480dc00823f	RH2F.hfe14_273	propext,Classical.choice,Quot.sound
MhFact_51ff9480dc00823f	RH2F.hfe14_274	propext,Classical.choice,Quot.sound
MhFact_51ff9480dc00823f	RH2F.hfe14_275	propext,Classical.choice,Quot.sound
MhFact_51ff9480dc00823f	RH2F.hfe14_276	propext,Classical.choice,Quot.sound
MhFact_51ff9480dc00823f	RH2F.hfe14_277	propext,Classical.choice,Quot.sound
MhFact_51ff9480dc00823f	RH2F.hfe14_278	propext,Classical.choice,Quot.sound
MhFact_51ff9480dc00823f	RH2F.hfe14_279	propext,Classical.choice,Quot.sound
MhFact_51ff9480dc00823f	RH2F.hfe14_28	propext,Classical.choice,Quot.sound
MhFact_51ff9480dc00823f	RH2F.hfe14_280	propext,Classical.choice,Quot.sound
MhFact_51ff9480dc00823f	RH2F.hfe14_281	propext,Classical.choice,Quot.sound
MhFact_51ff9480dc00823f	RH2F.hfe14_282	propext,Classical.choice,Quot.sound
MhFact_51ff9480dc00823f	RH2F.hfe14_283	propext,Classical.choice,Quot.sound
MhFact_51ff9480dc00823f	RH2F.hfe14_284	propext,Classical.choice,Quot.sound
MhFact_51ff9480dc00823f	RH2F.hfe14_285	propext,Classical.choice,Quot.sound
MhFact_51ff9480dc00823f	RH2F.hfe14_286	propext,Classical.choice,Quot.sound
MhFact_51ff9480dc00823f	RH2F.hfe14_287	propext,Classical.choice,Quot.sound
MhFact_51ff9480dc00823f	RH2F.hfe14_288	propext,Classical.choice,Quot.sound
MhFact_51ff9480dc00823f	RH2F.hfe14_289	propext,Classical.choice,Quot.sound
MhFact_51ff9480dc00823f	RH2F.hfe14_29	propext,Classical.choice,Quot.sound
MhFact_51ff9480dc00823f	RH2F.hfe14_290	propext,Classical.choice,Quot.sound
MhFact_51ff9480dc00823f	RH2F.hfe14_291	propext,Classical.choice,Quot.sound
MhFact_51ff9480dc00823f	RH2F.hfe14_292	propext,Classical.choice,Quot.sound
MhFact_51ff9480dc00823f	RH2F.hfe14_293	propext,Classical.choice,Quot.sound
MhFact_51ff9480dc00823f	RH2F.hfe14_294	propext,Classical.choice,Quot.sound
MhFact_51ff9480dc00823f	RH2F.hfe14_295	propext,Classical.choice,Quot.sound
MhFact_51ff9480dc00823f	RH2F.hfe14_296	propext,Classical.choice,Quot.sound
MhFact_51ff9480dc00823f	RH2F.hfe14_297	propext,Classical.choice,Quot.sound
MhFact_51ff9480dc00823f	RH2F.hfe14_298	propext,Classical.choice,Quot.sound
MhFact_51ff9480dc00823f	RH2F.hfe14_299	propext,Classical.choice,Quot.sound
MhFact_51ff9480dc00823f	RH2F.hfe14_3	propext,Classical.choice,Quot.sound
MhFact_51ff9480dc00823f	RH2F.hfe14_30	propext,Classical.choice,Quot.sound
MhFact_51ff9480dc00823f	RH2F.hfe14_300	propext,Classical.choice,Quot.sound
MhFact_51ff9480dc00823f	RH2F.hfe14_301	propext,Classical.choice,Quot.sound
MhFact_51ff9480dc00823f	RH2F.hfe14_302	propext,Classical.choice,Quot.sound
MhFact_51ff9480dc00823f	RH2F.hfe14_303	propext,Classical.choice,Quot.sound
MhFact_51ff9480dc00823f	RH2F.hfe14_304	propext,Classical.choice,Quot.sound
MhFact_51ff9480dc00823f	RH2F.hfe14_305	propext,Classical.choice,Quot.sound
MhFact_51ff9480dc00823f	RH2F.hfe14_306	propext,Classical.choice,Quot.sound
MhFact_51ff9480dc00823f	RH2F.hfe14_307	propext,Classical.choice,Quot.sound
MhFact_51ff9480dc00823f	RH2F.hfe14_308	propext,Classical.choice,Quot.sound
MhFact_51ff9480dc00823f	RH2F.hfe14_309	propext,Classical.choice,Quot.sound
MhFact_51ff9480dc00823f	RH2F.hfe14_31	propext,Classical.choice,Quot.sound
MhFact_51ff9480dc00823f	RH2F.hfe14_310	propext,Classical.choice,Quot.sound
MhFact_51ff9480dc00823f	RH2F.hfe14_311	propext,Classical.choice,Quot.sound
MhFact_51ff9480dc00823f	RH2F.hfe14_312	propext,Classical.choice,Quot.sound
MhFact_51ff9480dc00823f	RH2F.hfe14_313	propext,Classical.choice,Quot.sound
MhFact_51ff9480dc00823f	RH2F.hfe14_314	propext,Classical.choice,Quot.sound
MhFact_51ff9480dc00823f	RH2F.hfe14_315	propext,Classical.choice,Quot.sound
MhFact_51ff9480dc00823f	RH2F.hfe14_316	propext,Classical.choice,Quot.sound
MhFact_51ff9480dc00823f	RH2F.hfe14_317	propext,Classical.choice,Quot.sound
MhFact_51ff9480dc00823f	RH2F.hfe14_318	propext,Classical.choice,Quot.sound
MhFact_51ff9480dc00823f	RH2F.hfe14_319	propext,Classical.choice,Quot.sound
MhFact_51ff9480dc00823f	RH2F.hfe14_32	propext,Classical.choice,Quot.sound
MhFact_51ff9480dc00823f	RH2F.hfe14_320	propext,Classical.choice,Quot.sound
MhFact_51ff9480dc00823f	RH2F.hfe14_321	propext,Classical.choice,Quot.sound
MhFact_51ff9480dc00823f	RH2F.hfe14_322	propext,Classical.choice,Quot.sound
MhFact_51ff9480dc00823f	RH2F.hfe14_323	propext,Classical.choice,Quot.sound
MhFact_51ff9480dc00823f	RH2F.hfe14_324	propext,Classical.choice,Quot.sound
MhFact_51ff9480dc00823f	RH2F.hfe14_325	propext,Classical.choice,Quot.sound
MhFact_51ff9480dc00823f	RH2F.hfe14_326	propext,Classical.choice,Quot.sound
MhFact_51ff9480dc00823f	RH2F.hfe14_327	propext,Classical.choice,Quot.sound
MhFact_51ff9480dc00823f	RH2F.hfe14_328	propext,Classical.choice,Quot.sound
MhFact_51ff9480dc00823f	RH2F.hfe14_329	propext,Classical.choice,Quot.sound
MhFact_51ff9480dc00823f	RH2F.hfe14_33	propext,Classical.choice,Quot.sound
MhFact_51ff9480dc00823f	RH2F.hfe14_330	propext,Classical.choice,Quot.sound
MhFact_51ff9480dc00823f	RH2F.hfe14_331	propext,Classical.choice,Quot.sound
MhFact_51ff9480dc00823f	RH2F.hfe14_332	propext,Classical.choice,Quot.sound
MhFact_51ff9480dc00823f	RH2F.hfe14_333	propext,Classical.choice,Quot.sound
MhFact_51ff9480dc00823f	RH2F.hfe14_334	propext,Classical.choice,Quot.sound
MhFact_51ff9480dc00823f	RH2F.hfe14_335	propext,Classical.choice,Quot.sound
MhFact_51ff9480dc00823f	RH2F.hfe14_336	propext,Classical.choice,Quot.sound
MhFact_51ff9480dc00823f	RH2F.hfe14_337	propext,Classical.choice,Quot.sound
MhFact_51ff9480dc00823f	RH2F.hfe14_338	propext,Classical.choice,Quot.sound
MhFact_51ff9480dc00823f	RH2F.hfe14_339	propext,Classical.choice,Quot.sound
MhFact_51ff9480dc00823f	RH2F.hfe14_34	propext,Classical.choice,Quot.sound
MhFact_51ff9480dc00823f	RH2F.hfe14_340	propext,Classical.choice,Quot.sound
MhFact_51ff9480dc00823f	RH2F.hfe14_35	propext,Classical.choice,Quot.sound
MhFact_51ff9480dc00823f	RH2F.hfe14_36	propext,Classical.choice,Quot.sound
MhFact_51ff9480dc00823f	RH2F.hfe14_37	propext,Classical.choice,Quot.sound
MhFact_51ff9480dc00823f	RH2F.hfe14_38	propext,Classical.choice,Quot.sound
MhFact_51ff9480dc00823f	RH2F.hfe14_39	propext,Classical.choice,Quot.sound
MhFact_51ff9480dc00823f	RH2F.hfe14_4	propext,Classical.choice,Quot.sound
MhFact_51ff9480dc00823f	RH2F.hfe14_40	propext,Classical.choice,Quot.sound
MhFact_51ff9480dc00823f	RH2F.hfe14_41	propext,Classical.choice,Quot.sound
MhFact_51ff9480dc00823f	RH2F.hfe14_42	propext,Classical.choice,Quot.sound
MhFact_51ff9480dc00823f	RH2F.hfe14_43	propext,Classical.choice,Quot.sound
MhFact_51ff9480dc00823f	RH2F.hfe14_44	propext,Classical.choice,Quot.sound
MhFact_51ff9480dc00823f	RH2F.hfe14_45	propext,Classical.choice,Quot.sound
MhFact_51ff9480dc00823f	RH2F.hfe14_46	propext,Classical.choice,Quot.sound
MhFact_51ff9480dc00823f	RH2F.hfe14_47	propext,Classical.choice,Quot.sound
MhFact_51ff9480dc00823f	RH2F.hfe14_48	propext,Classical.choice,Quot.sound
MhFact_51ff9480dc00823f	RH2F.hfe14_49	propext,Classical.choice,Quot.sound
MhFact_51ff9480dc00823f	RH2F.hfe14_5	propext,Classical.choice,Quot.sound
MhFact_51ff9480dc00823f	RH2F.hfe14_50	propext,Classical.choice,Quot.sound
MhFact_51ff9480dc00823f	RH2F.hfe14_51	propext,Classical.choice,Quot.sound
MhFact_51ff9480dc00823f	RH2F.hfe14_52	propext,Classical.choice,Quot.sound
MhFact_51ff9480dc00823f	RH2F.hfe14_53	propext,Classical.choice,Quot.sound
MhFact_51ff9480dc00823f	RH2F.hfe14_54	propext,Classical.choice,Quot.sound
MhFact_51ff9480dc00823f	RH2F.hfe14_55	propext,Classical.choice,Quot.sound
MhFact_51ff9480dc00823f	RH2F.hfe14_56	propext,Classical.choice,Quot.sound
MhFact_51ff9480dc00823f	RH2F.hfe14_57	propext,Classical.choice,Quot.sound
MhFact_51ff9480dc00823f	RH2F.hfe14_58	propext,Classical.choice,Quot.sound
MhFact_51ff9480dc00823f	RH2F.hfe14_59	propext,Classical.choice,Quot.sound
MhFact_51ff9480dc00823f	RH2F.hfe14_6	propext,Classical.choice,Quot.sound
MhFact_51ff9480dc00823f	RH2F.hfe14_60	propext,Classical.choice,Quot.sound
MhFact_51ff9480dc00823f	RH2F.hfe14_61	propext,Classical.choice,Quot.sound
MhFact_51ff9480dc00823f	RH2F.hfe14_62	propext,Classical.choice,Quot.sound
MhFact_51ff9480dc00823f	RH2F.hfe14_63	propext,Classical.choice,Quot.sound
MhFact_51ff9480dc00823f	RH2F.hfe14_64	propext,Classical.choice,Quot.sound
MhFact_51ff9480dc00823f	RH2F.hfe14_65	propext,Classical.choice,Quot.sound
MhFact_51ff9480dc00823f	RH2F.hfe14_66	propext,Classical.choice,Quot.sound
MhFact_51ff9480dc00823f	RH2F.hfe14_67	propext,Classical.choice,Quot.sound
MhFact_51ff9480dc00823f	RH2F.hfe14_68	propext,Classical.choice,Quot.sound
MhFact_51ff9480dc00823f	RH2F.hfe14_69	propext,Classical.choice,Quot.sound
MhFact_51ff9480dc00823f	RH2F.hfe14_7	propext,Classical.choice,Quot.sound
MhFact_51ff9480dc00823f	RH2F.hfe14_70	propext,Classical.choice,Quot.sound
MhFact_51ff9480dc00823f	RH2F.hfe14_71	propext,Classical.choice,Quot.sound
MhFact_51ff9480dc00823f	RH2F.hfe14_72	propext,Classical.choice,Quot.sound
MhFact_51ff9480dc00823f	RH2F.hfe14_73	propext,Classical.choice,Quot.sound
MhFact_51ff9480dc00823f	RH2F.hfe14_74	propext,Classical.choice,Quot.sound
MhFact_51ff9480dc00823f	RH2F.hfe14_75	propext,Classical.choice,Quot.sound
MhFact_51ff9480dc00823f	RH2F.hfe14_76	propext,Classical.choice,Quot.sound
MhFact_51ff9480dc00823f	RH2F.hfe14_77	propext,Classical.choice,Quot.sound
MhFact_51ff9480dc00823f	RH2F.hfe14_78	propext,Classical.choice,Quot.sound
MhFact_51ff9480dc00823f	RH2F.hfe14_79	propext,Classical.choice,Quot.sound
MhFact_51ff9480dc00823f	RH2F.hfe14_8	propext,Classical.choice,Quot.sound
MhFact_51ff9480dc00823f	RH2F.hfe14_80	propext,Classical.choice,Quot.sound
MhFact_51ff9480dc00823f	RH2F.hfe14_81	propext,Classical.choice,Quot.sound
MhFact_51ff9480dc00823f	RH2F.hfe14_82	propext,Classical.choice,Quot.sound
MhFact_51ff9480dc00823f	RH2F.hfe14_83	propext,Classical.choice,Quot.sound
MhFact_51ff9480dc00823f	RH2F.hfe14_84	propext,Classical.choice,Quot.sound
MhFact_51ff9480dc00823f	RH2F.hfe14_85	propext,Classical.choice,Quot.sound
MhFact_51ff9480dc00823f	RH2F.hfe14_86	propext,Classical.choice,Quot.sound
MhFact_51ff9480dc00823f	RH2F.hfe14_87	propext,Classical.choice,Quot.sound
MhFact_51ff9480dc00823f	RH2F.hfe14_88	propext,Classical.choice,Quot.sound
MhFact_51ff9480dc00823f	RH2F.hfe14_89	propext,Classical.choice,Quot.sound
MhFact_51ff9480dc00823f	RH2F.hfe14_9	propext,Classical.choice,Quot.sound
MhFact_51ff9480dc00823f	RH2F.hfe14_90	propext,Classical.choice,Quot.sound
MhFact_51ff9480dc00823f	RH2F.hfe14_91	propext,Classical.choice,Quot.sound
MhFact_51ff9480dc00823f	RH2F.hfe14_92	propext,Classical.choice,Quot.sound
MhFact_51ff9480dc00823f	RH2F.hfe14_93	propext,Classical.choice,Quot.sound
MhFact_51ff9480dc00823f	RH2F.hfe14_94	propext,Classical.choice,Quot.sound
MhFact_51ff9480dc00823f	RH2F.hfe14_95	propext,Classical.choice,Quot.sound
MhFact_51ff9480dc00823f	RH2F.hfe14_96	propext,Classical.choice,Quot.sound
MhFact_51ff9480dc00823f	RH2F.hfe14_97	propext,Classical.choice,Quot.sound
MhFact_51ff9480dc00823f	RH2F.hfe14_98	propext,Classical.choice,Quot.sound
MhFact_51ff9480dc00823f	RH2F.hfe14_99	propext,Classical.choice,Quot.sound
MhFact_5343a2db598602a9	RH2F.gB10_3	propext,Classical.choice,Quot.sound
MhFact_5343a2db598602a9	RH2F.gB10_4	propext,Classical.choice,Quot.sound
MhFact_5343a2db598602a9	RH2F.layer33_3	propext,Classical.choice,Quot.sound
MhFact_5343a2db598602a9	RH2F.pB10_3_0_ok	propext
MhFact_5343a2db598602a9	RH2F.pB10_3_12_ok	propext
MhFact_5343a2db598602a9	RH2F.pB10_3_18_ok	propext
MhFact_5343a2db598602a9	RH2F.pB10_3_24_ok	propext
MhFact_5343a2db598602a9	RH2F.pB10_3_30_ok	propext
MhFact_5343a2db598602a9	RH2F.pB10_3_36_ok	propext
MhFact_5343a2db598602a9	RH2F.pB10_3_6_ok	propext
MhFact_5343a2db598602a9	RH2F.pB10_4_0_ok	propext
MhFact_5343a2db598602a9	RH2F.pB10_4_12_ok	propext
MhFact_5343a2db598602a9	RH2F.pB10_4_18_ok	propext
MhFact_5343a2db598602a9	RH2F.pB10_4_24_ok	propext
MhFact_5343a2db598602a9	RH2F.pB10_4_30_ok	propext
MhFact_5343a2db598602a9	RH2F.pB10_4_6_ok	propext
MhFact_54ed0ff9a1ed26b6	RH2F.Crosses.eq_1	
MhFact_54ed0ff9a1ed26b6	RH2F.RedData.N1_ne_N2	
MhFact_54ed0ff9a1ed26b6	RH2F.RedData.a12	
MhFact_54ed0ff9a1ed26b6	RH2F.RedData.a1_b1	
MhFact_54ed0ff9a1ed26b6	RH2F.RedData.a1_b2	
MhFact_54ed0ff9a1ed26b6	RH2F.RedData.a2_b1	
MhFact_54ed0ff9a1ed26b6	RH2F.RedData.a2_b2	
MhFact_54ed0ff9a1ed26b6	RH2F.RedData.a_not_v	
MhFact_54ed0ff9a1ed26b6	RH2F.RedData.at_w	
MhFact_54ed0ff9a1ed26b6	RH2F.RedData.avoid_ne_special	
MhFact_54ed0ff9a1ed26b6	RH2F.RedData.b12	
MhFact_54ed0ff9a1ed26b6	RH2F.RedData.b_not_u	
MhFact_54ed0ff9a1ed26b6	RH2F.RedData.conn3_red	propext,Classical.choice,Quot.sound
MhFact_54ed0ff9a1ed26b6	RH2F.RedData.covu	
MhFact_54ed0ff9a1ed26b6	RH2F.RedData.covv	
MhFact_54ed0ff9a1ed26b6	RH2F.RedData.crosses_of_joins	
MhFact_54ed0ff9a1ed26b6	RH2F.RedData.cubic_red	propext
MhFact_54ed0ff9a1ed26b6	RH2F.RedData.e_a1	
MhFact_54ed0ff9a1ed26b6	RH2F.RedData.e_a2	
MhFact_54ed0ff9a1ed26b6	RH2F.RedData.e_b1	
MhFact_54ed0ff9a1ed26b6	RH2F.RedData.e_b2	
MhFact_54ed0ff9a1ed26b6	RH2F.RedData.edge_cases	propext,Quot.sound
MhFact_54ed0ff9a1ed26b6	RH2F.RedData.ends_N1	propext
MhFact_54ed0ff9a1ed26b6	RH2F.RedData.ends_N2	propext
MhFact_54ed0ff9a1ed26b6	RH2F.RedData.ends_oE	propext
MhFact_54ed0ff9a1ed26b6	RH2F.RedData.five_in	propext,Classical.choice,Quot.sound
MhFact_54ed0ff9a1ed26b6	RH2F.RedData.h12_of	propext,Classical.choice,Quot.sound
MhFact_54ed0ff9a1ed26b6	RH2F.RedData.hN1_of_common	propext,Classical.choice,Quot.sound
MhFact_54ed0ff9a1ed26b6	RH2F.RedData.hN1_of_trifree	
MhFact_54ed0ff9a1ed26b6	RH2F.RedData.hN2_of_common	propext,Classical.choice,Quot.sound
MhFact_54ed0ff9a1ed26b6	RH2F.RedData.hN2_of_trifree	
MhFact_54ed0ff9a1ed26b6	RH2F.RedData.ha1	
MhFact_54ed0ff9a1ed26b6	RH2F.RedData.ha2	
MhFact_54ed0ff9a1ed26b6	RH2F.RedData.hb1	
MhFact_54ed0ff9a1ed26b6	RH2F.RedData.hb2	
MhFact_54ed0ff9a1ed26b6	RH2F.RedData.he	
MhFact_54ed0ff9a1ed26b6	RH2F.RedData.huv	
MhFact_54ed0ff9a1ed26b6	RH2F.RedData.inS_red	propext,Classical.choice,Quot.sound
MhFact_54ed0ff9a1ed26b6	RH2F.RedData.inc_N1	propext
MhFact_54ed0ff9a1ed26b6	RH2F.RedData.inc_N2	propext
MhFact_54ed0ff9a1ed26b6	RH2F.RedData.inc_oE	propext
MhFact_54ed0ff9a1ed26b6	RH2F.RedData.inner4	propext
MhFact_54ed0ff9a1ed26b6	RH2F.RedData.ja1	
MhFact_54ed0ff9a1ed26b6	RH2F.RedData.ja2	
MhFact_54ed0ff9a1ed26b6	RH2F.RedData.jb1	
MhFact_54ed0ff9a1ed26b6	RH2F.RedData.jb2	
MhFact_54ed0ff9a1ed26b6	RH2F.RedData.je	
MhFact_54ed0ff9a1ed26b6	RH2F.RedData.joins_N1	propext
MhFact_54ed0ff9a1ed26b6	RH2F.RedData.joins_N2	propext
MhFact_54ed0ff9a1ed26b6	RH2F.RedData.joins_oE	propext
MhFact_54ed0ff9a1ed26b6	RH2F.RedData.lift	propext,Classical.choice,Quot.sound
MhFact_54ed0ff9a1ed26b6	RH2F.RedData.liftS.eq_1	
MhFact_54ed0ff9a1ed26b6	RH2F.RedData.liftS_o	propext
MhFact_54ed0ff9a1ed26b6	RH2F.RedData.liftS_u	propext
MhFact_54ed0ff9a1ed26b6	RH2F.RedData.liftS_v	propext
MhFact_54ed0ff9a1ed26b6	RH2F.RedData.loopless_G2	propext,Quot.sound
MhFact_54ed0ff9a1ed26b6	RH2F.RedData.meets_red	propext
MhFact_54ed0ff9a1ed26b6	RH2F.RedData.mk.inj	
MhFact_54ed0ff9a1ed26b6	RH2F.RedData.mk.injEq	propext
MhFact_54ed0ff9a1ed26b6	RH2F.RedData.mk.sizeOf_spec	
MhFact_54ed0ff9a1ed26b6	RH2F.RedData.nbr_u	
MhFact_54ed0ff9a1ed26b6	RH2F.RedData.nbr_v	
MhFact_54ed0ff9a1ed26b6	RH2F.RedData.oE_inj	
MhFact_54ed0ff9a1ed26b6	RH2F.RedData.oE_ne_N1	
MhFact_54ed0ff9a1ed26b6	RH2F.RedData.oE_ne_N2	
MhFact_54ed0ff9a1ed26b6	RH2F.RedData.red_oE	
MhFact_54ed0ff9a1ed26b6	RH2F.RedData.side4.eq_1	
MhFact_54ed0ff9a1ed26b6	RH2F.RedData.side4_le	propext,Classical.choice,Quot.sound
MhFact_54ed0ff9a1ed26b6	RH2F.RedData.simple_red	propext
MhFact_54ed0ff9a1ed26b6	RH2F.RedData.u12	
MhFact_54ed0ff9a1ed26b6	RH2F.RedData.u1u	
MhFact_54ed0ff9a1ed26b6	RH2F.RedData.u1v	
MhFact_54ed0ff9a1ed26b6	RH2F.RedData.u2u	
MhFact_54ed0ff9a1ed26b6	RH2F.RedData.u2v	
MhFact_54ed0ff9a1ed26b6	RH2F.RedData.v12	
MhFact_54ed0ff9a1ed26b6	RH2F.RedData.v1u	
MhFact_54ed0ff9a1ed26b6	RH2F.RedData.v1v	
MhFact_54ed0ff9a1ed26b6	RH2F.RedData.v2u	
MhFact_54ed0ff9a1ed26b6	RH2F.RedData.v2v	
MhFact_54ed0ff9a1ed26b6	RH2F.RedData.vcount_red	propext,Classical.choice,Quot.sound
MhFact_54ed0ff9a1ed26b6	RH2F.RedData.xc_red	propext,Classical.choice,Quot.sound
MhFact_54ed0ff9a1ed26b6	RH2F.adGo_sound	propext,Classical.choice,Quot.sound
MhFact_54ed0ff9a1ed26b6	RH2F.adjF.eq_1	propext
MhFact_54ed0ff9a1ed26b6	RH2F.cntF_add_le	propext,Classical.choice,Quot.sound
MhFact_54ed0ff9a1ed26b6	RH2F.cntF_guard3	propext,Classical.choice,Quot.sound
MhFact_54ed0ff9a1ed26b6	RH2F.cntF_or_le	propext,Classical.choice,Quot.sound
MhFact_54ed0ff9a1ed26b6	RH2F.concIso_of_adj	propext,Classical.choice,Quot.sound
MhFact_54ed0ff9a1ed26b6	RH2F.concIso_trans	
MhFact_54ed0ff9a1ed26b6	RH2F.cond_beq	propext
MhFact_54ed0ff9a1ed26b6	RH2F.conn3_ne	propext,Classical.choice,Quot.sound
MhFact_54ed0ff9a1ed26b6	RH2F.conn3_of	propext,Classical.choice,Quot.sound
MhFact_54ed0ff9a1ed26b6	RH2F.dgt_encE	propext,Classical.choice,Quot.sound
MhFact_54ed0ff9a1ed26b6	RH2F.dgt_succ	propext
MhFact_54ed0ff9a1ed26b6	RH2F.dgt_zero	propext
MhFact_54ed0ff9a1ed26b6	RH2F.elOK_insL	propext,Classical.choice,Quot.sound
MhFact_54ed0ff9a1ed26b6	RH2F.elOK_of_gE	propext,Quot.sound
MhFact_54ed0ff9a1ed26b6	RH2F.exists_edge	propext,Classical.choice,Quot.sound
MhFact_54ed0ff9a1ed26b6	RH2F.exists_minSide	propext,Classical.choice,Quot.sound
MhFact_54ed0ff9a1ed26b6	RH2F.exists_other	propext,Classical.choice,Quot.sound
MhFact_54ed0ff9a1ed26b6	RH2F.freshGo_sound	propext,Classical.choice,Quot.sound
MhFact_54ed0ff9a1ed26b6	RH2F.gE_cons_succ	propext
MhFact_54ed0ff9a1ed26b6	RH2F.gE_cons_zero	propext
MhFact_54ed0ff9a1ed26b6	RH2F.gE_insGo_hi	propext,Quot.sound
MhFact_54ed0ff9a1ed26b6	RH2F.gE_insGo_lo	propext,Classical.choice,Quot.sound
MhFact_54ed0ff9a1ed26b6	RH2F.gE_insL_hi	propext,Quot.sound
MhFact_54ed0ff9a1ed26b6	RH2F.gE_insL_lo	propext,Classical.choice,Quot.sound
MhFact_54ed0ff9a1ed26b6	RH2F.gE_mem	propext,Quot.sound
MhFact_54ed0ff9a1ed26b6	RH2F.gE_small	propext
MhFact_54ed0ff9a1ed26b6	RH2F.hostTab_of_range	propext,Classical.choice,Quot.sound
MhFact_54ed0ff9a1ed26b6	RH2F.hostTab_of_tabA	propext,Classical.choice,Quot.sound
MhFact_54ed0ff9a1ed26b6	RH2F.inG_of_conn3	propext,Classical.choice,Quot.sound
MhFact_54ed0ff9a1ed26b6	RH2F.insG.eq_1	
MhFact_54ed0ff9a1ed26b6	RH2F.insG_ends_i	propext
MhFact_54ed0ff9a1ed26b6	RH2F.insG_ends_j	propext
MhFact_54ed0ff9a1ed26b6	RH2F.insG_ends_m0	propext,Quot.sound
MhFact_54ed0ff9a1ed26b6	RH2F.insG_ends_m1	propext,Classical.choice,Quot.sound
MhFact_54ed0ff9a1ed26b6	RH2F.insG_ends_m2	propext,Classical.choice,Quot.sound
MhFact_54ed0ff9a1ed26b6	RH2F.insG_ends_old	propext
MhFact_54ed0ff9a1ed26b6	RH2F.insGo.eq_1	
MhFact_54ed0ff9a1ed26b6	RH2F.insGo_length	propext,Quot.sound
MhFact_54ed0ff9a1ed26b6	RH2F.insL_swap	propext,Classical.choice,Quot.sound
MhFact_54ed0ff9a1ed26b6	RH2F.insLift	propext,Classical.choice,Quot.sound
MhFact_54ed0ff9a1ed26b6	RH2F.ins_conc	propext,Classical.choice,Quot.sound
MhFact_54ed0ff9a1ed26b6	RH2F.ins_edge_cases	propext,Quot.sound
MhFact_54ed0ff9a1ed26b6	RH2F.isoC_sound	propext,Classical.choice,Quot.sound
MhFact_54ed0ff9a1ed26b6	RH2F.ite_iff	
MhFact_54ed0ff9a1ed26b6	RH2F.layer29a	propext,Classical.choice,Quot.sound
MhFact_54ed0ff9a1ed26b6	RH2F.length_insL	propext,Quot.sound
MhFact_54ed0ff9a1ed26b6	RH2F.mapGo_eq	propext
MhFact_54ed0ff9a1ed26b6	RH2F.minSide_sub	propext,Classical.choice,Quot.sound
MhFact_54ed0ff9a1ed26b6	RH2F.ne_edge_e	
MhFact_54ed0ff9a1ed26b6	RH2F.ne_edge_uv	
MhFact_54ed0ff9a1ed26b6	RH2F.orPerm.eq_1	propext
MhFact_54ed0ff9a1ed26b6	RH2F.permB_sound	propext,Classical.choice,Quot.sound
MhFact_54ed0ff9a1ed26b6	RH2F.redData_of	
MhFact_54ed0ff9a1ed26b6	RH2F.red_ends	
MhFact_54ed0ff9a1ed26b6	RH2F.removable	propext,Classical.choice,Quot.sound
MhFact_54ed0ff9a1ed26b6	RH2F.repsB_get	propext,Quot.sound
MhFact_54ed0ff9a1ed26b6	RH2F.repsOK_get	propext,Quot.sound
MhFact_54ed0ff9a1ed26b6	RH2F.repsOK_of_repsB	propext,Quot.sound
MhFact_54ed0ff9a1ed26b6	RH2F.sc_joins_of_inc	
MhFact_54ed0ff9a1ed26b6	RH2F.scl_step	propext,Classical.choice,Quot.sound
MhFact_54ed0ff9a1ed26b6	RH2F.scl_stepA	propext,Classical.choice,Quot.sound
MhFact_54ed0ff9a1ed26b6	RH2F.scount_false_mono	propext,Classical.choice,Quot.sound
MhFact_54ed0ff9a1ed26b6	RH2F.scount_lt	propext,Classical.choice,Quot.sound
MhFact_54ed0ff9a1ed26b6	RH2F.scount_not	propext,Classical.choice,Quot.sound
MhFact_54ed0ff9a1ed26b6	RH2F.scount_pos	propext,Classical.choice,Quot.sound
MhFact_54ed0ff9a1ed26b6	RH2F.scount_uniq	propext,Classical.choice,Quot.sound
MhFact_54ed0ff9a1ed26b6	RH2F.simple_of_isoFrom	
MhFact_54ed0ff9a1ed26b6	RH2F.small_dense	propext,Classical.choice,Quot.sound
MhFact_54ed0ff9a1ed26b6	RH2F.small_of_elOK	propext,Classical.choice,Quot.sound
MhFact_54ed0ff9a1ed26b6	RH2F.sv_lt	propext,Quot.sound
MhFact_54ed0ff9a1ed26b6	RH2F.tabA_row	propext,Classical.choice,Quot.sound
MhFact_54ed0ff9a1ed26b6	RH2F.tabC_row	propext,Classical.choice,Quot.sound
MhFact_54ed0ff9a1ed26b6	RH2F.tabC_sound	propext,Classical.choice,Quot.sound
MhFact_54ed0ff9a1ed26b6	RH2F.tabRangeC_sound	propext,Classical.choice,Quot.sound
MhFact_54ed0ff9a1ed26b6	RH2F.testBit_adjF	propext,Classical.choice,Quot.sound
MhFact_54ed0ff9a1ed26b6	RH2F.testBit_orPerm	propext,Quot.sound
MhFact_54ed0ff9a1ed26b6	RH2F.tri_minSide	propext,Classical.choice,Quot.sound
MhFact_54ed0ff9a1ed26b6	RH2F.two_le_scount	propext,Classical.choice,Quot.sound
MhFact_54ed0ff9a1ed26b6	RH2F.two_others	
MhFact_54ed0ff9a1ed26b6	RH2F.uncross	propext,Classical.choice,Quot.sound
MhFact_54ed0ff9a1ed26b6	RH2F.uncross_half	propext,Classical.choice,Quot.sound
MhFact_54ed0ff9a1ed26b6	RH2F.uncross_step1	propext,Classical.choice,Quot.sound
MhFact_54ed0ff9a1ed26b6	RH2F.walkA_get	propext,Classical.choice,Quot.sound
MhFact_54ed0ff9a1ed26b6	RH2F.walkC_get	propext,Classical.choice,Quot.sound
MhFact_54ed0ff9a1ed26b6	RH2F.xc_ge3	propext,Classical.choice,Quot.sound
MhFact_54ed0ff9a1ed26b6	RH2F.xc_not	propext,Classical.choice,Quot.sound
MhFact_54ed0ff9a1ed26b6	RH2F.xc_submod	propext,Classical.choice,Quot.sound
MhFact_54ed0ff9a1ed26b6	RH2F.xe.eq_1	
MhFact_54ed0ff9a1ed26b6	RH2F.xe_inj	
MhFact_54ed0ff9a1ed26b6	RH2F.xe_ne_m0	propext,Quot.sound
MhFact_54ed0ff9a1ed26b6	RH2F.xe_ne_m1	propext,Quot.sound
MhFact_54ed0ff9a1ed26b6	RH2F.xe_ne_m2	propext,Quot.sound
MhFact_54ed0ff9a1ed26b6	RH2F.xm0.eq_1	propext,Quot.sound
MhFact_54ed0ff9a1ed26b6	RH2F.xm01	propext,Classical.choice,Quot.sound
MhFact_54ed0ff9a1ed26b6	RH2F.xm02	propext,Classical.choice,Quot.sound
MhFact_54ed0ff9a1ed26b6	RH2F.xm1.eq_1	propext,Quot.sound
MhFact_54ed0ff9a1ed26b6	RH2F.xm12	propext,Quot.sound
MhFact_54ed0ff9a1ed26b6	RH2F.xm2.eq_1	propext,Quot.sound
MhFact_55368cd7a0c74072	RH2F.cB12_34_ok	propext
MhFact_55368cd7a0c74072	RH2F.cB12_39_ok	propext
MhFact_55368cd7a0c74072	RH2F.gB12_33	propext,Classical.choice,Quot.sound
MhFact_55368cd7a0c74072	RH2F.gB12_34	propext,Classical.choice,Quot.sound
MhFact_55368cd7a0c74072	RH2F.gB12_35	propext,Classical.choice,Quot.sound
MhFact_55368cd7a0c74072	RH2F.gB12_36	propext,Classical.choice,Quot.sound
MhFact_55368cd7a0c74072	RH2F.gB12_37	propext,Classical.choice,Quot.sound
MhFact_55368cd7a0c74072	RH2F.gB12_38	propext,Classical.choice,Quot.sound
MhFact_55368cd7a0c74072	RH2F.gB12_39	propext,Classical.choice,Quot.sound
MhFact_55368cd7a0c74072	RH2F.layer33_12	propext,Classical.choice,Quot.sound
MhFact_55368cd7a0c74072	RH2F.pB12_33_0_ok	propext
MhFact_55368cd7a0c74072	RH2F.pB12_33_12_ok	propext
MhFact_55368cd7a0c74072	RH2F.pB12_33_6_ok	propext
MhFact_55368cd7a0c74072	RH2F.pB12_35_0_ok	propext
MhFact_55368cd7a0c74072	RH2F.pB12_35_6_ok	propext
MhFact_55368cd7a0c74072	RH2F.pB12_36_0_ok	propext
MhFact_55368cd7a0c74072	RH2F.pB12_36_6_ok	propext
MhFact_55368cd7a0c74072	RH2F.pB12_37_0_ok	propext
MhFact_55368cd7a0c74072	RH2F.pB12_37_6_ok	propext
MhFact_55368cd7a0c74072	RH2F.pB12_38_0_ok	propext
MhFact_55368cd7a0c74072	RH2F.pB12_38_6_ok	propext
MhFact_57ea4db232a2b7f5	RH2F.castAdd_inj3	
MhFact_57ea4db232a2b7f5	RH2F.chk25_0	propext
MhFact_57ea4db232a2b7f5	RH2F.chk25_1	propext
MhFact_57ea4db232a2b7f5	RH2F.chk25_2	propext
MhFact_57ea4db232a2b7f5	RH2F.chk25_3	propext
MhFact_57ea4db232a2b7f5	RH2F.chk25_4	propext
MhFact_57ea4db232a2b7f5	RH2F.chk25_5	propext
MhFact_57ea4db232a2b7f5	RH2F.chk25_6	propext
MhFact_57ea4db232a2b7f5	RH2F.chk25_7	propext
MhFact_57ea4db232a2b7f5	RH2F.chk6_0	propext
MhFact_57ea4db232a2b7f5	RH2F.chk6_1	propext
MhFact_57ea4db232a2b7f5	RH2F.chk7_0	propext
MhFact_57ea4db232a2b7f5	RH2F.chk7_1	propext
MhFact_57ea4db232a2b7f5	RH2F.chk7_2	propext
MhFact_57ea4db232a2b7f5	RH2F.chk7_3	propext
MhFact_57ea4db232a2b7f5	RH2F.chk7_4	propext
MhFact_57ea4db232a2b7f5	RH2F.chk7_5	propext
MhFact_57ea4db232a2b7f5	RH2F.chk8_0	propext
MhFact_57ea4db232a2b7f5	RH2F.chk8_1	propext
MhFact_57ea4db232a2b7f5	RH2F.chk8_2	propext
MhFact_57ea4db232a2b7f5	RH2F.chk8_3	propext
MhFact_57ea4db232a2b7f5	RH2F.chk8_4	propext
MhFact_57ea4db232a2b7f5	RH2F.chk8_5	propext
MhFact_57ea4db232a2b7f5	RH2F.dominant_of_poleN	propext,Classical.choice,Quot.sound
MhFact_57ea4db232a2b7f5	RH2F.gE_lt	propext,Quot.sound
MhFact_57ea4db232a2b7f5	RH2F.gE_splitL	propext
MhFact_57ea4db232a2b7f5	RH2F.layer26	propext,Classical.choice,Quot.sound
MhFact_57ea4db232a2b7f5	RH2F.list_one	propext,Classical.choice,Quot.sound
MhFact_57ea4db232a2b7f5	RH2F.list_three	propext
MhFact_57ea4db232a2b7f5	RH2F.mem_nbR	propext,Quot.sound
MhFact_57ea4db232a2b7f5	RH2F.not_port_of_inc	
MhFact_57ea4db232a2b7f5	RH2F.ofList_bridgeless	propext,Quot.sound
MhFact_57ea4db232a2b7f5	RH2F.ofList_connected	propext,Quot.sound
MhFact_57ea4db232a2b7f5	RH2F.ofList_cubic	propext,Classical.choice,Quot.sound
MhFact_57ea4db232a2b7f5	RH2F.ofList_inG	propext,Classical.choice,Quot.sound
MhFact_57ea4db232a2b7f5	RH2F.ofList_inc	propext,Quot.sound
MhFact_57ea4db232a2b7f5	RH2F.ofList_joins_of_inc	propext,Quot.sound
MhFact_57ea4db232a2b7f5	RH2F.ofList_joins_oth	propext,Classical.choice,Quot.sound
MhFact_57ea4db232a2b7f5	RH2F.ofList_loopless	propext,Quot.sound
MhFact_57ea4db232a2b7f5	RH2F.oth_lt	propext,Quot.sound
MhFact_57ea4db232a2b7f5	RH2F.pd_rep25	propext,Classical.choice,Quot.sound
MhFact_57ea4db232a2b7f5	RH2F.pd_rep6	propext,Classical.choice,Quot.sound
MhFact_57ea4db232a2b7f5	RH2F.pd_rep7	propext,Classical.choice,Quot.sound
MhFact_57ea4db232a2b7f5	RH2F.pd_rep8	propext,Classical.choice,Quot.sound
MhFact_57ea4db232a2b7f5	RH2F.perm_mem	propext
MhFact_57ea4db232a2b7f5	RH2F.perms3.eq_1	
MhFact_57ea4db232a2b7f5	RH2F.perms3_props	propext
MhFact_57ea4db232a2b7f5	RH2F.pm_of_pmN	propext,Classical.choice,Quot.sound
MhFact_57ea4db232a2b7f5	RH2F.posN.eq_1	
MhFact_57ea4db232a2b7f5	RH2F.posN_inj	propext,Classical.choice,Quot.sound
MhFact_57ea4db232a2b7f5	RH2F.posN_lt	propext,Quot.sound
MhFact_57ea4db232a2b7f5	RH2F.repG25_inG	propext,Classical.choice,Quot.sound
MhFact_57ea4db232a2b7f5	RH2F.repG6_inG	propext,Classical.choice,Quot.sound
MhFact_57ea4db232a2b7f5	RH2F.repG7_inG	propext,Classical.choice,Quot.sound
MhFact_57ea4db232a2b7f5	RH2F.repG8_inG	propext,Classical.choice,Quot.sound
MhFact_57ea4db232a2b7f5	RH2F.sE.eq_1	propext
MhFact_57ea4db232a2b7f5	RH2F.shape_of_all	propext,Quot.sound
MhFact_57ea4db232a2b7f5	RH2F.smallpd	propext,Classical.choice,Quot.sound
MhFact_57ea4db232a2b7f5	RH2F.splitL.eq_1	propext
MhFact_57ea4db232a2b7f5	RH2F.split_inc_old	propext,Classical.choice,Quot.sound
MhFact_57ea4db232a2b7f5	RH2F.starOn_top	
MhFact_57ea4db232a2b7f5	RH2F.star_of_fast2R	propext,Quot.sound
MhFact_57ea4db232a2b7f5	RH2F.star_split	propext,Classical.choice,Quot.sound
MhFact_57ea4db232a2b7f5	RH2F.treeAux.eq_def	propext
MhFact_57ea4db232a2b7f5	RH2F.treeAux_sound	propext,Quot.sound
MhFact_57ea4db232a2b7f5	RH2F.treeOK_const	propext,Quot.sound
MhFact_57ea4db232a2b7f5	RH2F.vBlk_iff_B	propext,Classical.choice,Quot.sound
MhFact_57ea4db232a2b7f5	RH2F.vCol_iff_B	propext,Classical.choice,Quot.sound
MhFact_57ea4db232a2b7f5	RH2F.vPole_all	
MhFact_57ea4db232a2b7f5	RH2F.wcol_of_wN	propext,Classical.choice,Quot.sound
MhFact_59c06cb7808fc140	RH2F.aTab12_36_len	
MhFact_59c06cb7808fc140	RH2F.aTab12_36_ok	propext
MhFact_59c06cb7808fc140	RH2F.aTab12_42_len	
MhFact_59c06cb7808fc140	RH2F.aTab12_42_ok	propext
MhFact_59c06cb7808fc140	RH2F.htab12_part4	propext,Classical.choice,Quot.sound
MhFact_5c1eb3f583cf643f	MGraph.SuppData.at_l_at_y	
MhFact_5c1eb3f583cf643f	MGraph.SuppData.at_y_other	
MhFact_5c1eb3f583cf643f	MGraph.SuppData.hQ1	
MhFact_5c1eb3f583cf643f	MGraph.SuppData.hQ2	
MhFact_5c1eb3f583cf643f	MGraph.SuppData.hf1	
MhFact_5c1eb3f583cf643f	MGraph.SuppData.hf12	
MhFact_5c1eb3f583cf643f	MGraph.SuppData.hf2	
MhFact_5c1eb3f583cf643f	MGraph.SuppData.hl	
MhFact_5c1eb3f583cf643f	MGraph.SuppData.hlleaf	
MhFact_5c1eb3f583cf643f	MGraph.SuppData.hlu	
MhFact_5c1eb3f583cf643f	MGraph.SuppData.hlw	
MhFact_5c1eb3f583cf643f	MGraph.SuppData.hrest	
MhFact_5c1eb3f583cf643f	MGraph.SuppData.hy	
MhFact_5c1eb3f583cf643f	MGraph.SuppData.lift.eq_1	
MhFact_5c1eb3f583cf643f	MGraph.SuppData.lift_l	propext
MhFact_5c1eb3f583cf643f	MGraph.SuppData.lift_other	propext
MhFact_5c1eb3f583cf643f	MGraph.SuppData.lift_sep	propext
MhFact_5c1eb3f583cf643f	MGraph.SuppData.lift_y	propext
MhFact_5c1eb3f583cf643f	MGraph.SuppData.mk.inj	
MhFact_5c1eb3f583cf643f	MGraph.SuppData.mk.injEq	propext
MhFact_5c1eb3f583cf643f	MGraph.SuppData.mk.sizeOf_spec	
MhFact_5c1eb3f583cf643f	MGraph.SuppData.not_l_of_not_y	
MhFact_5c1eb3f583cf643f	MGraph.SuppData.supp_bridgeless	propext,Quot.sound
MhFact_5c1eb3f583cf643f	MGraph.SuppData.supp_connected	propext,Quot.sound
MhFact_5c1eb3f583cf643f	MGraph.SuppData.supp_cubic	propext,Classical.choice,Quot.sound
MhFact_5c1eb3f583cf643f	MGraph.SuppData.supp_new	
MhFact_5c1eb3f583cf643f	MGraph.SuppData.supp_old	propext
MhFact_5c1eb3f583cf643f	MGraph.SuppData.u_ne_w	propext,Quot.sound
MhFact_5c1eb3f583cf643f	MGraph.SuppData.y_ne_u	
MhFact_5c1eb3f583cf643f	MGraph.SuppData.y_ne_w	
MhFact_5c1eb3f583cf643f	MGraph.addEdge.eq_1	
MhFact_5c1eb3f583cf643f	MGraph.addEdge_cases	propext,Quot.sound
MhFact_5c1eb3f583cf643f	MGraph.addEdge_ends_new	propext
MhFact_5c1eb3f583cf643f	MGraph.addEdge_ends_old	propext
MhFact_5c1eb3f583cf643f	MGraph.addEdge_inc_new	propext
MhFact_5c1eb3f583cf643f	MGraph.addEdge_inc_old	propext
MhFact_5c1eb3f583cf643f	MGraph.addEdge_joins_new	propext
MhFact_5c1eb3f583cf643f	MGraph.addEdge_joins_old	propext
MhFact_5c1eb3f583cf643f	MGraph.addEdge_loopless	propext,Quot.sound
MhFact_5c1eb3f583cf643f	MGraph.at_most_three	propext,Classical.choice,Quot.sound
MhFact_5c1eb3f583cf643f	MGraph.bicol_rev	
MhFact_5c1eb3f583cf643f	MGraph.bridgeless_sep	propext
MhFact_5c1eb3f583cf643f	MGraph.colourable_of_iso	propext,Classical.choice,Quot.sound
MhFact_5c1eb3f583cf643f	MGraph.colourable_of_sides	propext,Classical.choice
MhFact_5c1eb3f583cf643f	MGraph.cut_of_sep	propext
MhFact_5c1eb3f583cf643f	MGraph.dbl.ea.eq_1	propext,Quot.sound
MhFact_5c1eb3f583cf643f	MGraph.dbl.ea_inj	propext,Quot.sound
MhFact_5c1eb3f583cf643f	MGraph.dbl.ea_ne_eb	propext,Quot.sound
MhFact_5c1eb3f583cf643f	MGraph.dbl.eb.eq_1	propext,Quot.sound
MhFact_5c1eb3f583cf643f	MGraph.dbl.eb_inj	propext,Quot.sound
MhFact_5c1eb3f583cf643f	MGraph.dbl.ec.eq_1	propext,Quot.sound
MhFact_5c1eb3f583cf643f	MGraph.dbl.ec_inj	propext,Quot.sound
MhFact_5c1eb3f583cf643f	MGraph.dbl.ec_ne_ea	propext,Quot.sound
MhFact_5c1eb3f583cf643f	MGraph.dbl.ec_ne_eb	propext,Quot.sound
MhFact_5c1eb3f583cf643f	MGraph.dbl.ecases	propext,Quot.sound
MhFact_5c1eb3f583cf643f	MGraph.dbl.ends_ea	propext,Quot.sound
MhFact_5c1eb3f583cf643f	MGraph.dbl.ends_eb	propext,Quot.sound
MhFact_5c1eb3f583cf643f	MGraph.dbl.ends_ec	propext,Quot.sound
MhFact_5c1eb3f583cf643f	MGraph.dbl.ends_eo	propext,Quot.sound
MhFact_5c1eb3f583cf643f	MGraph.dbl.eo.eq_1	propext,Quot.sound
MhFact_5c1eb3f583cf643f	MGraph.dbl.eo_inj	propext,Quot.sound
MhFact_5c1eb3f583cf643f	MGraph.dbl.eo_ne_ea	propext,Quot.sound
MhFact_5c1eb3f583cf643f	MGraph.dbl.eo_ne_eb	propext,Quot.sound
MhFact_5c1eb3f583cf643f	MGraph.dbl.eo_ne_ec	propext,Quot.sound
MhFact_5c1eb3f583cf643f	MGraph.dbl.eq_1	propext,Quot.sound
MhFact_5c1eb3f583cf643f	MGraph.dbl.inc_ea_vc	propext,Quot.sound
MhFact_5c1eb3f583cf643f	MGraph.dbl.inc_ea_vo	propext,Quot.sound
MhFact_5c1eb3f583cf643f	MGraph.dbl.inc_eb_vc	propext,Quot.sound
MhFact_5c1eb3f583cf643f	MGraph.dbl.inc_eb_vo	propext,Quot.sound
MhFact_5c1eb3f583cf643f	MGraph.dbl.inc_ec_vc	propext,Quot.sound
MhFact_5c1eb3f583cf643f	MGraph.dbl.inc_eo_vo	propext,Quot.sound
MhFact_5c1eb3f583cf643f	MGraph.dbl.joins_ec	propext,Quot.sound
MhFact_5c1eb3f583cf643f	MGraph.dbl.joins_eo	propext,Quot.sound
MhFact_5c1eb3f583cf643f	MGraph.dbl.loopless	propext,Quot.sound
MhFact_5c1eb3f583cf643f	MGraph.dbl.not_inc_ec_vo	propext,Quot.sound
MhFact_5c1eb3f583cf643f	MGraph.dbl.not_inc_eo_vc	propext,Quot.sound
MhFact_5c1eb3f583cf643f	MGraph.dbl.vc.eq_1	propext,Quot.sound
MhFact_5c1eb3f583cf643f	MGraph.dbl.vc_inj	propext,Quot.sound
MhFact_5c1eb3f583cf643f	MGraph.dbl.vcases	propext,Quot.sound
MhFact_5c1eb3f583cf643f	MGraph.dbl.vo.eq_1	propext,Quot.sound
MhFact_5c1eb3f583cf643f	MGraph.dbl.vo_inj	propext,Quot.sound
MhFact_5c1eb3f583cf643f	MGraph.dbl.vo_ne_vc	propext,Quot.sound
MhFact_5c1eb3f583cf643f	MGraph.dblP_bridgeless	propext,Classical.choice,Quot.sound
MhFact_5c1eb3f583cf643f	MGraph.dblP_connected	propext,Quot.sound
MhFact_5c1eb3f583cf643f	MGraph.dblP_cubic	propext,Classical.choice,Quot.sound
MhFact_5c1eb3f583cf643f	MGraph.dblP_ea	propext,Quot.sound
MhFact_5c1eb3f583cf643f	MGraph.dblP_eb	propext,Quot.sound
MhFact_5c1eb3f583cf643f	MGraph.dblP_ec	propext,Quot.sound
MhFact_5c1eb3f583cf643f	MGraph.dblP_eo	propext,Quot.sound
MhFact_5c1eb3f583cf643f	MGraph.deg1_of_pendant	propext,Classical.choice,Quot.sound
MhFact_5c1eb3f583cf643f	MGraph.dms_of_hole	propext,Classical.choice,Quot.sound
MhFact_5c1eb3f583cf643f	MGraph.emb6_inj	propext,Quot.sound
MhFact_5c1eb3f583cf643f	MGraph.emb6_lt	propext,Quot.sound
MhFact_5c1eb3f583cf643f	MGraph.embed_inc	
MhFact_5c1eb3f583cf643f	MGraph.embed_joins	
MhFact_5c1eb3f583cf643f	MGraph.exists_other_of_not_pendant	propext,Classical.choice,Quot.sound
MhFact_5c1eb3f583cf643f	MGraph.hole_extend	propext,Classical.choice,Quot.sound
MhFact_5c1eb3f583cf643f	MGraph.iso_inc	
MhFact_5c1eb3f583cf643f	MGraph.iso_inc'	
MhFact_5c1eb3f583cf643f	MGraph.iso_joins	
MhFact_5c1eb3f583cf643f	MGraph.joins_ea	propext,Quot.sound
MhFact_5c1eb3f583cf643f	MGraph.joins_eb	propext,Quot.sound
MhFact_5c1eb3f583cf643f	MGraph.joins_of_ends	
MhFact_5c1eb3f583cf643f	MGraph.k33_check	propext
MhFact_5c1eb3f583cf643f	MGraph.k33_colourable	propext,Classical.choice,Quot.sound
MhFact_5c1eb3f583cf643f	MGraph.k33_cover	propext,Quot.sound
MhFact_5c1eb3f583cf643f	MGraph.k33_ends_eq	propext
MhFact_5c1eb3f583cf643f	MGraph.k33_loop	
MhFact_5c1eb3f583cf643f	MGraph.k33_star6	propext,Quot.sound
MhFact_5c1eb3f583cf643f	MGraph.k33_supp_colourable	propext,Classical.choice,Quot.sound
MhFact_5c1eb3f583cf643f	MGraph.lab_inc	
MhFact_5c1eb3f583cf643f	MGraph.lab_joins	
MhFact_5c1eb3f583cf643f	MGraph.meets_of_deg1	
MhFact_5c1eb3f583cf643f	MGraph.meets_of_deg2	
MhFact_5c1eb3f583cf643f	MGraph.minimal_connected	propext,Classical.choice,Quot.sound
MhFact_5c1eb3f583cf643f	MGraph.minimal_core_connected	propext,Classical.choice,Quot.sound
MhFact_5c1eb3f583cf643f	MGraph.minimal_impossible	propext,Classical.choice,Quot.sound
MhFact_5c1eb3f583cf643f	MGraph.ne_of_joins	
MhFact_5c1eb3f583cf643f	MGraph.pendant_attach	propext,Classical.choice,Quot.sound
MhFact_5c1eb3f583cf643f	MGraph.pendant_of_deg1	
MhFact_5c1eb3f583cf643f	MGraph.qdeg1_not2	
MhFact_5c1eb3f583cf643f	MGraph.qdeg1_not3	
MhFact_5c1eb3f583cf643f	MGraph.qdeg2_not3	
MhFact_5c1eb3f583cf643f	MGraph.qdeg_cases	propext,Classical.choice,Quot.sound
MhFact_5c1eb3f583cf643f	MGraph.rev_e1	
MhFact_5c1eb3f583cf643f	MGraph.rev_e2	
MhFact_5c1eb3f583cf643f	MGraph.rev_e3	
MhFact_5c1eb3f583cf643f	MGraph.rev_e4	
MhFact_5c1eb3f583cf643f	MGraph.shift_inj	propext,Quot.sound
MhFact_5c1eb3f583cf643f	MGraph.shift_lt	propext,Quot.sound
MhFact_5c1eb3f583cf643f	MGraph.starOn_embed	
MhFact_5c1eb3f583cf643f	MGraph.tG_10	propext
MhFact_5c1eb3f583cf643f	MGraph.tG_8	propext,Quot.sound
MhFact_5c1eb3f583cf643f	MGraph.tG_9	propext,Quot.sound
MhFact_5c1eb3f583cf643f	MGraph.tG_check	propext
MhFact_5c1eb3f583cf643f	MGraph.tG_check_0	propext
MhFact_5c1eb3f583cf643f	MGraph.tG_check_1	propext
MhFact_5c1eb3f583cf643f	MGraph.tG_check_2	propext
MhFact_5c1eb3f583cf643f	MGraph.tG_check_3	propext
MhFact_5c1eb3f583cf643f	MGraph.tG_check_4	propext
MhFact_5c1eb3f583cf643f	MGraph.tG_check_5	propext
MhFact_5c1eb3f583cf643f	MGraph.tG_check_6	propext
MhFact_5c1eb3f583cf643f	MGraph.tG_check_7	propext
MhFact_5c1eb3f583cf643f	MGraph.tG_check_8	propext
MhFact_5c1eb3f583cf643f	MGraph.tG_old	propext,Quot.sound
MhFact_5c1eb3f583cf643f	MGraph.tG_star	propext,Quot.sound
MhFact_5c1eb3f583cf643f	MGraph.three_minus_one	
MhFact_5e8f7a0c3cb04161	RH2F.cB14_180_len	
MhFact_5e8f7a0c3cb04161	RH2F.cB14_180_ok	propext
MhFact_5e8f7a0c3cb04161	RH2F.cB14_186_len	
MhFact_5e8f7a0c3cb04161	RH2F.cB14_186_ok	propext
MhFact_5e8f7a0c3cb04161	RH2F.cB14_192_len	
MhFact_5e8f7a0c3cb04161	RH2F.cB14_192_ok	propext
MhFact_5e8f7a0c3cb04161	RH2F.cB14_198_len	
MhFact_5e8f7a0c3cb04161	RH2F.cB14_198_ok	propext
MhFact_5e8f7a0c3cb04161	RH2F.cB14_204_len	
MhFact_5e8f7a0c3cb04161	RH2F.cB14_204_ok	propext
MhFact_5e8f7a0c3cb04161	RH2F.cB14_210_len	
MhFact_5e8f7a0c3cb04161	RH2F.cB14_210_ok	propext
MhFact_5e8f7a0c3cb04161	RH2F.cB14_216_len	
MhFact_5e8f7a0c3cb04161	RH2F.cB14_216_ok	propext
MhFact_5e8f7a0c3cb04161	RH2F.cB14_222_len	
MhFact_5e8f7a0c3cb04161	RH2F.cB14_222_ok	propext
MhFact_5e8f7a0c3cb04161	RH2F.cB14_228_len	
MhFact_5e8f7a0c3cb04161	RH2F.cB14_228_ok	propext
MhFact_5e8f7a0c3cb04161	RH2F.cB14_234_len	
MhFact_5e8f7a0c3cb04161	RH2F.cB14_234_ok	propext
MhFact_5e8f7a0c3cb04161	RH2F.layer34_3	propext,Classical.choice,Quot.sound
MhFact_643ccea3769075c0	RH2F.DigData.at_w	
MhFact_643ccea3769075c0	RH2F.DigData.covu	
MhFact_643ccea3769075c0	RH2F.DigData.covv	
MhFact_643ccea3769075c0	RH2F.DigData.d12	
MhFact_643ccea3769075c0	RH2F.DigData.gu_at	
MhFact_643ccea3769075c0	RH2F.DigData.gv_at	
MhFact_643ccea3769075c0	RH2F.DigData.hd1	
MhFact_643ccea3769075c0	RH2F.DigData.hd2	
MhFact_643ccea3769075c0	RH2F.DigData.hgg	
MhFact_643ccea3769075c0	RH2F.DigData.hgu	
MhFact_643ccea3769075c0	RH2F.DigData.hgv	
MhFact_643ccea3769075c0	RH2F.DigData.huv	
MhFact_643ccea3769075c0	RH2F.DigData.hxu	
MhFact_643ccea3769075c0	RH2F.DigData.hxv	
MhFact_643ccea3769075c0	RH2F.DigData.hxy	
MhFact_643ccea3769075c0	RH2F.DigData.hyu	
MhFact_643ccea3769075c0	RH2F.DigData.hyv	
MhFact_643ccea3769075c0	RH2F.DigData.inG_digP	propext,Quot.sound
MhFact_643ccea3769075c0	RH2F.DigData.j1	
MhFact_643ccea3769075c0	RH2F.DigData.j2	
MhFact_643ccea3769075c0	RH2F.DigData.ju	
MhFact_643ccea3769075c0	RH2F.DigData.jv	
MhFact_643ccea3769075c0	RH2F.DigData.lift	propext,Classical.choice,Quot.sound
MhFact_643ccea3769075c0	RH2F.DigData.meets_digP	propext
MhFact_643ccea3769075c0	RH2F.DigData.mk.inj	
MhFact_643ccea3769075c0	RH2F.DigData.mk.injEq	propext
MhFact_643ccea3769075c0	RH2F.DigData.mk.sizeOf_spec	
MhFact_643ccea3769075c0	RH2F.DigData.vcount_digP	propext,Classical.choice,Quot.sound
MhFact_643ccea3769075c0	RH2F.TriData.a'a	
MhFact_643ccea3769075c0	RH2F.TriData.a'b	
MhFact_643ccea3769075c0	RH2F.TriData.a'c	
MhFact_643ccea3769075c0	RH2F.TriData.at_w	
MhFact_643ccea3769075c0	RH2F.TriData.b'a	
MhFact_643ccea3769075c0	RH2F.TriData.b'b	
MhFact_643ccea3769075c0	RH2F.TriData.b'c	
MhFact_643ccea3769075c0	RH2F.TriData.c'a	
MhFact_643ccea3769075c0	RH2F.TriData.c'b	
MhFact_643ccea3769075c0	RH2F.TriData.c'c	
MhFact_643ccea3769075c0	RH2F.TriData.cova	
MhFact_643ccea3769075c0	RH2F.TriData.covb	
MhFact_643ccea3769075c0	RH2F.TriData.covc	
MhFact_643ccea3769075c0	RH2F.TriData.ea_ne_eb	
MhFact_643ccea3769075c0	RH2F.TriData.ea_ne_ec	
MhFact_643ccea3769075c0	RH2F.TriData.eb_ne_ec	
MhFact_643ccea3769075c0	RH2F.TriData.hab	
MhFact_643ccea3769075c0	RH2F.TriData.hbc	
MhFact_643ccea3769075c0	RH2F.TriData.hca	
MhFact_643ccea3769075c0	RH2F.TriData.hea	
MhFact_643ccea3769075c0	RH2F.TriData.heb	
MhFact_643ccea3769075c0	RH2F.TriData.hec	
MhFact_643ccea3769075c0	RH2F.TriData.inG_triP	propext,Classical.choice,Quot.sound
MhFact_643ccea3769075c0	RH2F.TriData.jab	
MhFact_643ccea3769075c0	RH2F.TriData.jbc	
MhFact_643ccea3769075c0	RH2F.TriData.jca	
MhFact_643ccea3769075c0	RH2F.TriData.jea	
MhFact_643ccea3769075c0	RH2F.TriData.jeb	
MhFact_643ccea3769075c0	RH2F.TriData.jec	
MhFact_643ccea3769075c0	RH2F.TriData.lift	propext,Classical.choice,Quot.sound
MhFact_643ccea3769075c0	RH2F.TriData.meets_triP_last	propext,Quot.sound
MhFact_643ccea3769075c0	RH2F.TriData.meets_triP_old	propext,Classical.choice,Quot.sound
MhFact_643ccea3769075c0	RH2F.TriData.mk.inj	
MhFact_643ccea3769075c0	RH2F.TriData.mk.injEq	propext
MhFact_643ccea3769075c0	RH2F.TriData.mk.sizeOf_spec	
MhFact_643ccea3769075c0	RH2F.TriData.nab	
MhFact_643ccea3769075c0	RH2F.TriData.nac	
MhFact_643ccea3769075c0	RH2F.TriData.nbc	
MhFact_643ccea3769075c0	RH2F.TriData.vcount_triP	propext,Classical.choice,Quot.sound
MhFact_643ccea3769075c0	RH2F.allFin_sound	propext,Quot.sound
MhFact_643ccea3769075c0	RH2F.castSucc_ne_lastV	
MhFact_643ccea3769075c0	RH2F.concIso_of_chk	propext,Quot.sound
MhFact_643ccea3769075c0	RH2F.cubic_at_of_map	
MhFact_643ccea3769075c0	RH2F.digData_of	propext,Classical.choice,Quot.sound
MhFact_643ccea3769075c0	RH2F.ie.eq_1	
MhFact_643ccea3769075c0	RH2F.ie_inj	
MhFact_643ccea3769075c0	RH2F.ie_ne_m0	propext,Quot.sound
MhFact_643ccea3769075c0	RH2F.ie_ne_m1	propext,Quot.sound
MhFact_643ccea3769075c0	RH2F.ie_ne_m2	propext,Quot.sound
MhFact_643ccea3769075c0	RH2F.im0.eq_1	propext,Quot.sound
MhFact_643ccea3769075c0	RH2F.im01	propext,Classical.choice,Quot.sound
MhFact_643ccea3769075c0	RH2F.im02	propext,Classical.choice,Quot.sound
MhFact_643ccea3769075c0	RH2F.im1.eq_1	propext,Quot.sound
MhFact_643ccea3769075c0	RH2F.im12	propext,Quot.sound
MhFact_643ccea3769075c0	RH2F.im2.eq_1	propext,Quot.sound
MhFact_643ccea3769075c0	RH2F.infChk_1	propext
MhFact_643ccea3769075c0	RH2F.infChk_2	propext
MhFact_643ccea3769075c0	RH2F.infChk_3	propext
MhFact_643ccea3769075c0	RH2F.infChk_4	propext
MhFact_643ccea3769075c0	RH2F.infChk_5	propext
MhFact_643ccea3769075c0	RH2F.infChk_6	propext
MhFact_643ccea3769075c0	RH2F.infChk_7	propext
MhFact_643ccea3769075c0	RH2F.infChk_8	propext
MhFact_643ccea3769075c0	RH2F.infG.eq_1	
MhFact_643ccea3769075c0	RH2F.infG_ends_i2	propext
MhFact_643ccea3769075c0	RH2F.infG_ends_i3	propext
MhFact_643ccea3769075c0	RH2F.infG_ends_m0	propext,Quot.sound
MhFact_643ccea3769075c0	RH2F.infG_ends_m1	propext,Classical.choice,Quot.sound
MhFact_643ccea3769075c0	RH2F.infG_ends_m2	propext,Classical.choice,Quot.sound
MhFact_643ccea3769075c0	RH2F.infG_ends_old	propext
MhFact_643ccea3769075c0	RH2F.inf_edge_cases	propext,Quot.sound
MhFact_643ccea3769075c0	RH2F.isoChk.eq_1	propext
MhFact_643ccea3769075c0	RH2F.isoFrom_trans	
MhFact_643ccea3769075c0	RH2F.joins_ends_of	
MhFact_643ccea3769075c0	RH2F.joins_map	
MhFact_643ccea3769075c0	RH2F.layer5	propext,Classical.choice,Quot.sound
MhFact_643ccea3769075c0	RH2F.lget.congr_simp	propext
MhFact_643ccea3769075c0	RH2F.no_triple	propext,Classical.choice,Quot.sound
MhFact_643ccea3769075c0	RH2F.nv0.eq_1	
MhFact_643ccea3769075c0	RH2F.nv01	propext,Classical.choice,Quot.sound
MhFact_643ccea3769075c0	RH2F.nv1.eq_1	
MhFact_643ccea3769075c0	RH2F.ov.eq_1	
MhFact_643ccea3769075c0	RH2F.ov_inj	
MhFact_643ccea3769075c0	RH2F.ov_ne0	propext,Quot.sound
MhFact_643ccea3769075c0	RH2F.ov_ne1	propext,Quot.sound
MhFact_643ccea3769075c0	RH2F.repM_pos	
MhFact_643ccea3769075c0	RH2F.repN_pos	
MhFact_643ccea3769075c0	RH2F.repl.eq_1	
MhFact_643ccea3769075c0	RH2F.repl_joins	propext
MhFact_643ccea3769075c0	RH2F.se.eq_1	
MhFact_643ccea3769075c0	RH2F.se_inj	
MhFact_643ccea3769075c0	RH2F.se_ne_m0	propext,Quot.sound
MhFact_643ccea3769075c0	RH2F.se_ne_m1	propext,Quot.sound
MhFact_643ccea3769075c0	RH2F.se_ne_m2	propext,Quot.sound
MhFact_643ccea3769075c0	RH2F.sm0.eq_1	propext,Quot.sound
MhFact_643ccea3769075c0	RH2F.sm01	propext,Classical.choice,Quot.sound
MhFact_643ccea3769075c0	RH2F.sm02	propext,Classical.choice,Quot.sound
MhFact_643ccea3769075c0	RH2F.sm1.eq_1	propext,Quot.sound
MhFact_643ccea3769075c0	RH2F.sm12	propext,Quot.sound
MhFact_643ccea3769075c0	RH2F.sm2.eq_1	propext,Quot.sound
MhFact_643ccea3769075c0	RH2F.subChk_1	propext
MhFact_643ccea3769075c0	RH2F.subChk_2	propext
MhFact_643ccea3769075c0	RH2F.subChk_3	propext
MhFact_643ccea3769075c0	RH2F.subChk_4	propext
MhFact_643ccea3769075c0	RH2F.subChk_5	propext
MhFact_643ccea3769075c0	RH2F.subChk_6	propext
MhFact_643ccea3769075c0	RH2F.subChk_7	propext
MhFact_643ccea3769075c0	RH2F.subChk_8	propext
MhFact_643ccea3769075c0	RH2F.subG.eq_1	
MhFact_643ccea3769075c0	RH2F.subG_ends_i	propext
MhFact_643ccea3769075c0	RH2F.subG_ends_m0	propext,Quot.sound
MhFact_643ccea3769075c0	RH2F.subG_ends_m1	propext,Classical.choice,Quot.sound
MhFact_643ccea3769075c0	RH2F.subG_ends_m2	propext,Classical.choice,Quot.sound
MhFact_643ccea3769075c0	RH2F.subG_ends_old	propext
MhFact_643ccea3769075c0	RH2F.subLift	propext,Classical.choice,Quot.sound
MhFact_643ccea3769075c0	RH2F.sub_edge_cases	propext,Quot.sound
MhFact_643ccea3769075c0	RH2F.te.eq_1	
MhFact_643ccea3769075c0	RH2F.te_inj	
MhFact_643ccea3769075c0	RH2F.te_ne0	propext,Quot.sound
MhFact_643ccea3769075c0	RH2F.te_ne1	propext,Quot.sound
MhFact_643ccea3769075c0	RH2F.te_ne2	propext,Quot.sound
MhFact_643ccea3769075c0	RH2F.tm0.eq_1	propext,Quot.sound
MhFact_643ccea3769075c0	RH2F.tm01	propext,Classical.choice,Quot.sound
MhFact_643ccea3769075c0	RH2F.tm02	propext,Classical.choice,Quot.sound
MhFact_643ccea3769075c0	RH2F.tm1.eq_1	propext,Quot.sound
MhFact_643ccea3769075c0	RH2F.tm12	propext,Quot.sound
MhFact_643ccea3769075c0	RH2F.tm2.eq_1	propext,Quot.sound
MhFact_643ccea3769075c0	RH2F.triData_of	
MhFact_643ccea3769075c0	RH2F.triG.eq_1	
MhFact_643ccea3769075c0	RH2F.triG_ends_m0	propext,Quot.sound
MhFact_643ccea3769075c0	RH2F.triG_ends_m1	propext,Classical.choice,Quot.sound
MhFact_643ccea3769075c0	RH2F.triG_ends_m2	propext,Classical.choice,Quot.sound
MhFact_643ccea3769075c0	RH2F.triG_ends_old	propext
MhFact_643ccea3769075c0	RH2F.tri_edge_cases	propext,Quot.sound
MhFact_6460e64b00785972	RH2F.cB14_0_len	
MhFact_6460e64b00785972	RH2F.cB14_0_ok	propext
MhFact_6460e64b00785972	RH2F.cB14_12_len	
MhFact_6460e64b00785972	RH2F.cB14_12_ok	propext
MhFact_6460e64b00785972	RH2F.cB14_18_len	
MhFact_6460e64b00785972	RH2F.cB14_18_ok	propext
MhFact_6460e64b00785972	RH2F.cB14_24_len	
MhFact_6460e64b00785972	RH2F.cB14_24_ok	propext
MhFact_6460e64b00785972	RH2F.cB14_30_len	
MhFact_6460e64b00785972	RH2F.cB14_30_ok	propext
MhFact_6460e64b00785972	RH2F.cB14_36_len	
MhFact_6460e64b00785972	RH2F.cB14_36_ok	propext
MhFact_6460e64b00785972	RH2F.cB14_42_len	
MhFact_6460e64b00785972	RH2F.cB14_42_ok	propext
MhFact_6460e64b00785972	RH2F.cB14_48_len	
MhFact_6460e64b00785972	RH2F.cB14_48_ok	propext
MhFact_6460e64b00785972	RH2F.cB14_54_len	
MhFact_6460e64b00785972	RH2F.cB14_54_ok	propext
MhFact_6460e64b00785972	RH2F.cB14_6_len	
MhFact_6460e64b00785972	RH2F.cB14_6_ok	propext
MhFact_6460e64b00785972	RH2F.layer34_0	propext,Classical.choice,Quot.sound
MhFact_657e581f1145250f	RH2F.Cut2.F_at_A	propext
MhFact_657e581f1145250f	RH2F.Cut2.Pset_pair	propext,Classical.choice,Quot.sound
MhFact_657e581f1145250f	RH2F.Cut2.certM_of_clo	propext,Classical.choice,Quot.sound
MhFact_657e581f1145250f	RH2F.Cut2.certM_of_cloD	propext,Classical.choice,Quot.sound
MhFact_657e581f1145250f	RH2F.Cut2.cl1_class	propext,Classical.choice,Quot.sound
MhFact_657e581f1145250f	RH2F.Cut2.cl1_small	propext,Classical.choice,Quot.sound
MhFact_657e581f1145250f	RH2F.Cut2.cl2_class	propext,Classical.choice,Quot.sound
MhFact_657e581f1145250f	RH2F.Cut2.cl3	propext,Classical.choice,Quot.sound
MhFact_657e581f1145250f	RH2F.Cut2.cl3_walk	propext,Classical.choice,Quot.sound
MhFact_657e581f1145250f	RH2F.Cut2.cloD_N_b1	propext
MhFact_657e581f1145250f	RH2F.Cut2.cloD_at_b	propext
MhFact_657e581f1145250f	RH2F.Cut2.feq_of_clo	propext,Classical.choice,Quot.sound
MhFact_657e581f1145250f	RH2F.Cut2.flip_flip_CertF	propext,Quot.sound
MhFact_657e581f1145250f	RH2F.Cut2.flip_flip_CoverA	propext,Quot.sound
MhFact_657e581f1145250f	RH2F.Cut2.flip_flip_Fnc	propext,Quot.sound
MhFact_657e581f1145250f	RH2F.Cut2.flip_flip_S_eq	propext,Quot.sound
MhFact_657e581f1145250f	RH2F.Cut2.flip_flip_inA_eq	propext,Quot.sound
MhFact_657e581f1145250f	RH2F.Cut2.flip_flip_pole_eq	propext,Quot.sound
MhFact_657e581f1145250f	RH2F.Cut2.fnc_of_clo	propext,Classical.choice,Quot.sound
MhFact_657e581f1145250f	RH2F.Cut2.fneq_of_cloD	propext,Classical.choice,Quot.sound
MhFact_657e581f1145250f	RH2F.Cut2.g1_meet	propext,Classical.choice,Quot.sound
MhFact_657e581f1145250f	RH2F.Cut2.g1_small	propext,Classical.choice,Quot.sound
MhFact_657e581f1145250f	RH2F.Cut2.g_eq	propext,Classical.choice,Quot.sound
MhFact_657e581f1145250f	RH2F.Cut2.g_nc	propext,Classical.choice,Quot.sound
MhFact_657e581f1145250f	RH2F.Cut2.g_nc'	propext,Classical.choice,Quot.sound
MhFact_657e581f1145250f	RH2F.Cut2.glueF_facts	propext,Classical.choice,Quot.sound
MhFact_657e581f1145250f	RH2F.Cut2.glueOK_flip	propext
MhFact_657e581f1145250f	RH2F.Cut2.glue_Mt	propext,Classical.choice,Quot.sound
MhFact_657e581f1145250f	RH2F.Cut2.glue_eq	propext,Classical.choice,Quot.sound
MhFact_657e581f1145250f	RH2F.Cut2.glue_nc	propext,Classical.choice,Quot.sound
MhFact_657e581f1145250f	RH2F.Cut2.mc5_swD	propext,Quot.sound
MhFact_657e581f1145250f	RH2F.Cut2.pair_at	propext,Classical.choice,Quot.sound
MhFact_657e581f1145250f	RH2F.Cut2.pm_swD	propext,Quot.sound
MhFact_657e581f1145250f	RH2F.Cut2.sr_a	propext,Classical.choice,Quot.sound
MhFact_657e581f1145250f	RH2F.Cut2.sr_b	propext,Classical.choice,Quot.sound
MhFact_657e581f1145250f	RH2F.Cut2.swD.eq_1	
MhFact_657e581f1145250f	RH2F.Cut2.swD_cloD	propext,Quot.sound
MhFact_657e581f1145250f	RH2F.Cut2.swD_dl1	propext
MhFact_657e581f1145250f	RH2F.Cut2.swD_dl2	propext
MhFact_657e581f1145250f	RH2F.Cut2.swD_ends	propext,Quot.sound
MhFact_657e581f1145250f	RH2F.Cut2.swD_inc	propext,Quot.sound
MhFact_657e581f1145250f	RH2F.Cut2.swD_invol	propext,Quot.sound
MhFact_657e581f1145250f	RH2F.Cut2.swD_oD	propext
MhFact_657e581f1145250f	RH2F.g4aChk_ok	propext
MhFact_657e581f1145250f	RH2F.layer3	propext,Classical.choice,Quot.sound
MhFact_657e581f1145250f	RH2F.meet3	propext
MhFact_657e581f1145250f	RH2F.meet_chk	propext
MhFact_657e581f1145250f	RH2F.perm_4a	propext,Quot.sound
MhFact_657e581f1145250f	RH2F.seq_of_sets	
MhFact_66a4a19c81528d5b	RH2F.b14d	propext,Classical.choice,Quot.sound
MhFact_66a4a19c81528d5b	RH2F.d14	propext,Classical.choice,Quot.sound
MhFact_66a4a19c81528d5b	RH2F.gB10	propext,Classical.choice,Quot.sound
MhFact_66a4a19c81528d5b	RH2F.gB12	propext,Classical.choice,Quot.sound
MhFact_66a4a19c81528d5b	RH2F.gB14	propext,Classical.choice,Quot.sound
MhFact_66a4a19c81528d5b	RH2F.gB4	propext,Classical.choice,Quot.sound
MhFact_66a4a19c81528d5b	RH2F.gB6	propext,Classical.choice,Quot.sound
MhFact_66a4a19c81528d5b	RH2F.gB8	propext,Classical.choice,Quot.sound
MhFact_66a4a19c81528d5b	RH2F.iid14	propext,Classical.choice,Quot.sound
MhFact_66a4a19c81528d5b	RH2F.layer35	propext,Classical.choice,Quot.sound
MhFact_66a4a19c81528d5b	RH2F.simple14	propext,Classical.choice,Quot.sound
MhFact_6882aa6fa76ff8ed	RH2F.cB12_40_ok	propext
MhFact_6882aa6fa76ff8ed	RH2F.cB12_41_ok	propext
MhFact_6882aa6fa76ff8ed	RH2F.cB12_43_ok	propext
MhFact_6882aa6fa76ff8ed	RH2F.cB12_44_ok	propext
MhFact_6882aa6fa76ff8ed	RH2F.gB12_40	propext,Classical.choice,Quot.sound
MhFact_6882aa6fa76ff8ed	RH2F.gB12_41	propext,Classical.choice,Quot.sound
MhFact_6882aa6fa76ff8ed	RH2F.gB12_42	propext,Classical.choice,Quot.sound
MhFact_6882aa6fa76ff8ed	RH2F.gB12_43	propext,Classical.choice,Quot.sound
MhFact_6882aa6fa76ff8ed	RH2F.gB12_44	propext,Classical.choice,Quot.sound
MhFact_6882aa6fa76ff8ed	RH2F.gB12_45	propext,Classical.choice,Quot.sound
MhFact_6882aa6fa76ff8ed	RH2F.gB12_46	propext,Classical.choice,Quot.sound
MhFact_6882aa6fa76ff8ed	RH2F.gB12_47	propext,Classical.choice,Quot.sound
MhFact_6882aa6fa76ff8ed	RH2F.gB12_48	propext,Classical.choice,Quot.sound
MhFact_6882aa6fa76ff8ed	RH2F.layer33_13	propext,Classical.choice,Quot.sound
MhFact_6882aa6fa76ff8ed	RH2F.pB12_42_0_ok	propext
MhFact_6882aa6fa76ff8ed	RH2F.pB12_42_6_ok	propext
MhFact_6882aa6fa76ff8ed	RH2F.pB12_45_0_ok	propext
MhFact_6882aa6fa76ff8ed	RH2F.pB12_45_6_ok	propext
MhFact_6882aa6fa76ff8ed	RH2F.pB12_46_0_ok	propext
MhFact_6882aa6fa76ff8ed	RH2F.pB12_46_6_ok	propext
MhFact_6882aa6fa76ff8ed	RH2F.pB12_47_0_ok	propext
MhFact_6882aa6fa76ff8ed	RH2F.pB12_47_12_ok	propext
MhFact_6882aa6fa76ff8ed	RH2F.pB12_47_6_ok	propext
MhFact_6882aa6fa76ff8ed	RH2F.pB12_48_0_ok	propext
MhFact_6882aa6fa76ff8ed	RH2F.pB12_48_6_ok	propext
MhFact_6b1f8729194e23a3	RH2F.cls16c	propext,Classical.choice,Quot.sound
MhFact_6b1f8729194e23a3	RH2F.feexist16	propext,Classical.choice,Quot.sound
MhFact_6b1f8729194e23a3	RH2F.feexistD10_of_18	propext,Classical.choice,Quot.sound
MhFact_6b1f8729194e23a3	RH2F.htab14W	propext,Classical.choice,Quot.sound
MhFact_6b1f8729194e23a3	RH2F.layer36	propext,Classical.choice,Quot.sound
MhFact_6c78409a046a3fe7	RH2Fid.Rep.bridgeless_iff	propext,Classical.choice,Quot.sound
MhFact_6c78409a046a3fe7	RH2Fid.Rep.classOn_iff	propext,Classical.choice,Quot.sound
MhFact_6c78409a046a3fe7	RH2Fid.Rep.colourable_iff	propext,Classical.choice,Quot.sound
MhFact_6c78409a046a3fe7	RH2Fid.Rep.connectedOn_of	propext,Quot.sound
MhFact_6c78409a046a3fe7	RH2Fid.Rep.connectedP_of	propext,Classical.choice,Quot.sound
MhFact_6c78409a046a3fe7	RH2Fid.Rep.const_of_conn	propext,Quot.sound
MhFact_6c78409a046a3fe7	RH2Fid.Rep.crosses_iff	propext,Quot.sound
MhFact_6c78409a046a3fe7	RH2Fid.Rep.cubicOn_of	propext,Classical.choice,Quot.sound
MhFact_6c78409a046a3fe7	RH2Fid.Rep.cubicP_of	propext,Classical.choice,Quot.sound
MhFact_6c78409a046a3fe7	RH2Fid.Rep.cut_iff	propext,Classical.choice,Quot.sound
MhFact_6c78409a046a3fe7	RH2Fid.Rep.decide_φ	propext,Classical.choice,Quot.sound
MhFact_6c78409a046a3fe7	RH2Fid.Rep.ends_cases	propext,Quot.sound
MhFact_6c78409a046a3fe7	RH2Fid.Rep.hend	Quot.sound
MhFact_6c78409a046a3fe7	RH2Fid.Rep.image_meets	propext,Classical.choice,Quot.sound
MhFact_6c78409a046a3fe7	RH2Fid.Rep.inc_iff	propext,Quot.sound
MhFact_6c78409a046a3fe7	RH2Fid.Rep.inc_vert	Quot.sound
MhFact_6c78409a046a3fe7	RH2Fid.Rep.joins_iff	propext,Quot.sound
MhFact_6c78409a046a3fe7	RH2Fid.Rep.joins_of	propext,Quot.sound
MhFact_6c78409a046a3fe7	RH2Fid.Rep.liftC_ψ	propext,Classical.choice,Quot.sound
MhFact_6c78409a046a3fe7	RH2Fid.Rep.liftN_P	Quot.sound
MhFact_6c78409a046a3fe7	RH2Fid.Rep.liftN_ψ	Quot.sound
MhFact_6c78409a046a3fe7	RH2Fid.Rep.maxDeg3_of	propext,Classical.choice,Quot.sound
MhFact_6c78409a046a3fe7	RH2Fid.Rep.mk.inj	Quot.sound
MhFact_6c78409a046a3fe7	RH2Fid.Rep.mk.injEq	propext,Quot.sound
MhFact_6c78409a046a3fe7	RH2Fid.Rep.mk.sizeOf_spec	Quot.sound
MhFact_6c78409a046a3fe7	RH2Fid.Rep.pmOn_iff	propext,Quot.sound
MhFact_6c78409a046a3fe7	RH2Fid.Rep.reachU_const	propext,Classical.choice,Quot.sound
MhFact_6c78409a046a3fe7	RH2Fid.Rep.reachU_φ	propext,Classical.choice,Quot.sound
MhFact_6c78409a046a3fe7	RH2Fid.Rep.scount_eq	propext,Classical.choice,Quot.sound
MhFact_6c78409a046a3fe7	RH2Fid.Rep.starOn_iff	propext,Classical.choice,Quot.sound
MhFact_6c78409a046a3fe7	RH2Fid.Rep.subcubic_of	propext,Classical.choice,Quot.sound
MhFact_6c78409a046a3fe7	RH2Fid.Rep.twoCutReduced_iff	propext,Classical.choice,Quot.sound
MhFact_6c78409a046a3fe7	RH2Fid.Rep.twoCut_iff	propext,Classical.choice,Quot.sound
MhFact_6c78409a046a3fe7	RH2Fid.Rep.vcount_eq	propext,Classical.choice,Quot.sound
MhFact_6c78409a046a3fe7	RH2Fid.Rep.φinj	Quot.sound
MhFact_6c78409a046a3fe7	RH2Fid.Rep.φinj'	Quot.sound
MhFact_6c78409a046a3fe7	RH2Fid.Rep.φsurj	Quot.sound
MhFact_6c78409a046a3fe7	RH2Fid.Rep.ψP	Quot.sound
MhFact_6c78409a046a3fe7	RH2Fid.Rep.ψinj	Quot.sound
MhFact_6c78409a046a3fe7	RH2Fid.Rep.ψsurj	Quot.sound
MhFact_6c78409a046a3fe7	RH2Fid.bridge_iff	propext,Classical.choice,Quot.sound
MhFact_6c78409a046a3fe7	RH2Fid.bridgeless_of_check	
MhFact_6c78409a046a3fe7	RH2Fid.bridgeless_of_walks	propext,Classical.choice,Quot.sound
MhFact_6c78409a046a3fe7	RH2Fid.cntF_eq	propext,Classical.choice,Quot.sound
MhFact_6c78409a046a3fe7	RH2Fid.conn_equiv	Quot.sound
MhFact_6c78409a046a3fe7	RH2Fid.conn_symm	Quot.sound
MhFact_6c78409a046a3fe7	RH2Fid.connectedOn_of_check	
MhFact_6c78409a046a3fe7	RH2Fid.connectedOn_of_walks	propext,Quot.sound
MhFact_6c78409a046a3fe7	RH2Fid.cubicOn_of_table	
MhFact_6c78409a046a3fe7	RH2Fid.cubic_hV	propext,Classical.choice,Quot.sound
MhFact_6c78409a046a3fe7	RH2Fid.dms_iff	propext,Classical.choice,Quot.sound
MhFact_6c78409a046a3fe7	RH2Fid.enT.eq_1	propext,Quot.sound
MhFact_6c78409a046a3fe7	RH2Fid.enT.eq_2	propext,Quot.sound
MhFact_6c78409a046a3fe7	RH2Fid.encG.eq_1	propext,Classical.choice,Quot.sound
MhFact_6c78409a046a3fe7	RH2Fid.encG_ends	propext,Classical.choice,Quot.sound
MhFact_6c78409a046a3fe7	RH2Fid.enc_loopless	propext,Classical.choice,Quot.sound
MhFact_6c78409a046a3fe7	RH2Fid.ends_newE	propext,Classical.choice,Quot.sound
MhFact_6c78409a046a3fe7	RH2Fid.exists_four	propext,Classical.choice,Quot.sound
MhFact_6c78409a046a3fe7	RH2Fid.fidelity	propext,Classical.choice,Quot.sound
MhFact_6c78409a046a3fe7	RH2Fid.fidelity_bundle	propext,Classical.choice,Quot.sound
MhFact_6c78409a046a3fe7	RH2Fid.finN.congr_simp	
MhFact_6c78409a046a3fe7	RH2Fid.four_le_card	propext,Classical.choice,Quot.sound
MhFact_6c78409a046a3fe7	RH2Fid.fullEn.eq_1	
MhFact_6c78409a046a3fe7	RH2Fid.full_hV	propext,Quot.sound
MhFact_6c78409a046a3fe7	RH2Fid.g0.eq_1	
MhFact_6c78409a046a3fe7	RH2Fid.hyp_iff	propext,Classical.choice,Quot.sound
MhFact_6c78409a046a3fe7	RH2Fid.hyp_premise_witness	propext,Classical.choice,Quot.sound
MhFact_6c78409a046a3fe7	RH2Fid.ii_iff	propext,Classical.choice,Quot.sound
MhFact_6c78409a046a3fe7	RH2Fid.inc_iff_sym2	propext,Quot.sound
MhFact_6c78409a046a3fe7	RH2Fid.ind_bool	propext,Classical.choice,Quot.sound
MhFact_6c78409a046a3fe7	RH2Fid.ind_iff	propext,Classical.choice,Quot.sound
MhFact_6c78409a046a3fe7	RH2Fid.joins_iff_sym2	propext,Quot.sound
MhFact_6c78409a046a3fe7	RH2Fid.leafB_eq	propext,Quot.sound
MhFact_6c78409a046a3fe7	RH2Fid.leaf_cases'	propext,Quot.sound
MhFact_6c78409a046a3fe7	RH2Fid.oriG.eq_1	propext,Classical.choice,Quot.sound
MhFact_6c78409a046a3fe7	RH2Fid.oriG_spec	propext,Classical.choice,Quot.sound
MhFact_6c78409a046a3fe7	RH2Fid.ori_spec	Classical.choice
MhFact_6c78409a046a3fe7	RH2Fid.rh2_plain	propext,Classical.choice,Quot.sound
MhFact_6c78409a046a3fe7	RH2Fid.star6P_iff	propext,Classical.choice,Quot.sound
MhFact_6c78409a046a3fe7	RH2Fid.starOn_of_all	
MhFact_6c78409a046a3fe7	RH2Fid.starP_congr	propext,Quot.sound
MhFact_6c78409a046a3fe7	RH2Fid.step_symm	Quot.sound
MhFact_6c78409a046a3fe7	RH2Fid.subEn.eq_1	
MhFact_6c78409a046a3fe7	RH2Fid.sub_hV	propext,Quot.sound
MhFact_6c78409a046a3fe7	RH2Fid.sub_loopless	propext,Quot.sound
MhFact_6c78409a046a3fe7	RH2Fid.sym2_rep	
MhFact_6c78409a046a3fe7	RH2Fid.toN.eq_1	
MhFact_6c78409a046a3fe7	RH2Fid.toN_range	propext,Classical.choice,Quot.sound
MhFact_6c78409a046a3fe7	RH2Fid.twoCutReduced_of_check	propext,Classical.choice,Quot.sound
MhFact_6c78409a046a3fe7	RH2Fid.twoCutReduced_of_walks	propext,Classical.choice,Quot.sound
MhFact_6c78409a046a3fe7	RH2Fid.wD8_inG	propext,Classical.choice,Quot.sound
MhFact_6c78409a046a3fe7	RH2Fid.wD8_not_2cr	propext,Classical.choice,Quot.sound
MhFact_6c78409a046a3fe7	RH2Fid.wD8_plain	propext,Classical.choice,Quot.sound
MhFact_6c78409a046a3fe7	RH2Fid.wDig_bad	propext
MhFact_6c78409a046a3fe7	RH2Fid.wDig_bridgeless	propext,Classical.choice,Quot.sound
MhFact_6c78409a046a3fe7	RH2Fid.wDig_cubic	propext
MhFact_6c78409a046a3fe7	RH2Fid.wDig_loopless	
MhFact_6c78409a046a3fe7	RH2Fid.wDig_plain	propext,Classical.choice,Quot.sound
MhFact_6c78409a046a3fe7	RH2Fid.wDig_star	propext,Quot.sound
MhFact_6c78409a046a3fe7	RH2Fid.wK33_2cr	propext,Classical.choice,Quot.sound
MhFact_6c78409a046a3fe7	RH2Fid.wK33_bad	propext
MhFact_6c78409a046a3fe7	RH2Fid.wK33_bridgeless	propext,Classical.choice,Quot.sound
MhFact_6c78409a046a3fe7	RH2Fid.wK33_cubic	propext
MhFact_6c78409a046a3fe7	RH2Fid.wK33_plain	propext,Classical.choice,Quot.sound
MhFact_6c78409a046a3fe7	RH2Fid.wK4_bad	propext
MhFact_6c78409a046a3fe7	RH2Fid.wK4_bridgeless	propext,Classical.choice,Quot.sound
MhFact_6c78409a046a3fe7	RH2Fid.wK4_connected	propext,Quot.sound
MhFact_6c78409a046a3fe7	RH2Fid.wK4_cubic	propext
MhFact_6c78409a046a3fe7	RH2Fid.wK4_hV	propext,Quot.sound
MhFact_6c78409a046a3fe7	RH2Fid.wK4_loopless	
MhFact_6c78409a046a3fe7	RH2Fid.wK4_plain	propext,Classical.choice,Quot.sound
MhFact_6c78409a046a3fe7	RH2Fid.wK4_star	propext,Quot.sound
MhFact_6c78409a046a3fe7	RH2Fid.wLeaf_not_bridgeless	propext,Quot.sound
MhFact_6c78409a046a3fe7	RH2Fid.wLeaf_not_cubic	propext,Quot.sound
MhFact_6c78409a046a3fe7	RH2Fid.wLeaf_plain	propext,Classical.choice,Quot.sound
MhFact_6c78409a046a3fe7	RH2Fid.wLeaf_star	propext,Quot.sound
MhFact_6c78409a046a3fe7	RH2Fid.wLeaf_vl_only	propext,Quot.sound
MhFact_6c78409a046a3fe7	RH2Fid.wPet_2cr	propext,Classical.choice,Quot.sound
MhFact_6c78409a046a3fe7	RH2Fid.wPet_inG	propext,Classical.choice,Quot.sound
MhFact_6c78409a046a3fe7	RH2Fid.wPet_vcount	propext,Classical.choice,Quot.sound
MhFact_6c78409a046a3fe7	RH2Fid.wPrism_bad	propext
MhFact_6c78409a046a3fe7	RH2Fid.wPrism_bridgeless	propext,Classical.choice,Quot.sound
MhFact_6c78409a046a3fe7	RH2Fid.wPrism_cubic	propext
MhFact_6c78409a046a3fe7	RH2Fid.wPrism_plain	propext,Classical.choice,Quot.sound
MhFact_6c78409a046a3fe7	RH2Fid.wPrism_star	propext,Quot.sound
MhFact_6c78409a046a3fe7	RH2Fid.walkB.eq_1	
MhFact_6c78409a046a3fe7	RH2Fid.walkB.eq_2	
MhFact_6c78409a046a3fe7	RH2Fid.walkB.eq_def	
MhFact_6c78409a046a3fe7	RH2Fid.walkB_sound	propext,Quot.sound
MhFact_6c78409a046a3fe7	RH2Fid.φT.eq_1	propext,Quot.sound
MhFact_6c78409a046a3fe7	RH2Fid.φT.eq_2	propext,Quot.sound
MhFact_6c78409a046a3fe7	RH2Fid.ψT.eq_1	propext,Quot.sound
MhFact_6c78409a046a3fe7	RH2Fid.ψT.eq_2	propext,Quot.sound
MhFact_6e44d3c2232b5736	RH2F.b8s	propext,Classical.choice,Quot.sound
MhFact_6e44d3c2232b5736	RH2F.cls	propext,Classical.choice,Quot.sound
MhFact_6e44d3c2232b5736	RH2F.colourable_of_iso	
MhFact_6e44d3c2232b5736	RH2F.gE.eq_1	propext
MhFact_6e44d3c2232b5736	RH2F.infChk_all	propext,Quot.sound
MhFact_6e44d3c2232b5736	RH2F.isoChk.congr_simp	propext
MhFact_6e44d3c2232b5736	RH2F.iso_rep1	propext,Classical.choice,Quot.sound
MhFact_6e44d3c2232b5736	RH2F.layer6b	propext,Classical.choice,Quot.sound
MhFact_6e44d3c2232b5736	RH2F.meets.eq_1	
MhFact_6e44d3c2232b5736	RH2F.mem_inc	propext,Classical.choice,Quot.sound
MhFact_6e44d3c2232b5736	RH2F.ofList_ends	propext,Quot.sound
MhFact_6e44d3c2232b5736	RH2F.ofList_loop	propext,Quot.sound
MhFact_6e44d3c2232b5736	RH2F.oth_of_joins	propext,Classical.choice,Quot.sound
MhFact_6e44d3c2232b5736	RH2F.range_of_repN	propext,Quot.sound
MhFact_6e44d3c2232b5736	RH2F.repFast	propext,Quot.sound
MhFact_6e44d3c2232b5736	RH2F.repFast_1	propext
MhFact_6e44d3c2232b5736	RH2F.repFast_10	propext
MhFact_6e44d3c2232b5736	RH2F.repFast_11	propext
MhFact_6e44d3c2232b5736	RH2F.repFast_12	propext
MhFact_6e44d3c2232b5736	RH2F.repFast_13	propext
MhFact_6e44d3c2232b5736	RH2F.repFast_14	propext
MhFact_6e44d3c2232b5736	RH2F.repFast_15	propext
MhFact_6e44d3c2232b5736	RH2F.repFast_16	propext
MhFact_6e44d3c2232b5736	RH2F.repFast_17	propext
MhFact_6e44d3c2232b5736	RH2F.repFast_18	propext
MhFact_6e44d3c2232b5736	RH2F.repFast_19	propext
MhFact_6e44d3c2232b5736	RH2F.repFast_2	propext
MhFact_6e44d3c2232b5736	RH2F.repFast_20	propext
MhFact_6e44d3c2232b5736	RH2F.repFast_21	propext
MhFact_6e44d3c2232b5736	RH2F.repFast_22	propext
MhFact_6e44d3c2232b5736	RH2F.repFast_23	propext
MhFact_6e44d3c2232b5736	RH2F.repFast_24	propext
MhFact_6e44d3c2232b5736	RH2F.repFast_25	propext
MhFact_6e44d3c2232b5736	RH2F.repFast_3	propext
MhFact_6e44d3c2232b5736	RH2F.repFast_4	propext
MhFact_6e44d3c2232b5736	RH2F.repFast_5	propext
MhFact_6e44d3c2232b5736	RH2F.repFast_6	propext
MhFact_6e44d3c2232b5736	RH2F.repFast_7	propext
MhFact_6e44d3c2232b5736	RH2F.repFast_8	propext
MhFact_6e44d3c2232b5736	RH2F.repFast_9	propext
MhFact_6e44d3c2232b5736	RH2F.repInc	propext,Classical.choice,Quot.sound
MhFact_6e44d3c2232b5736	RH2F.repN.eq_1	
MhFact_6e44d3c2232b5736	RH2F.repN.eq_10	
MhFact_6e44d3c2232b5736	RH2F.repN.eq_11	
MhFact_6e44d3c2232b5736	RH2F.repN.eq_12	
MhFact_6e44d3c2232b5736	RH2F.repN.eq_13	
MhFact_6e44d3c2232b5736	RH2F.repN.eq_14	
MhFact_6e44d3c2232b5736	RH2F.repN.eq_15	
MhFact_6e44d3c2232b5736	RH2F.repN.eq_16	
MhFact_6e44d3c2232b5736	RH2F.repN.eq_17	
MhFact_6e44d3c2232b5736	RH2F.repN.eq_18	
MhFact_6e44d3c2232b5736	RH2F.repN.eq_19	
MhFact_6e44d3c2232b5736	RH2F.repN.eq_2	
MhFact_6e44d3c2232b5736	RH2F.repN.eq_20	
MhFact_6e44d3c2232b5736	RH2F.repN.eq_21	
MhFact_6e44d3c2232b5736	RH2F.repN.eq_22	
MhFact_6e44d3c2232b5736	RH2F.repN.eq_23	
MhFact_6e44d3c2232b5736	RH2F.repN.eq_24	
MhFact_6e44d3c2232b5736	RH2F.repN.eq_25	
MhFact_6e44d3c2232b5736	RH2F.repN.eq_26	
MhFact_6e44d3c2232b5736	RH2F.repN.eq_3	
MhFact_6e44d3c2232b5736	RH2F.repN.eq_4	
MhFact_6e44d3c2232b5736	RH2F.repN.eq_5	
MhFact_6e44d3c2232b5736	RH2F.repN.eq_6	
MhFact_6e44d3c2232b5736	RH2F.repN.eq_7	
MhFact_6e44d3c2232b5736	RH2F.repN.eq_8	
MhFact_6e44d3c2232b5736	RH2F.repN.eq_9	
MhFact_6e44d3c2232b5736	RH2F.repN_big	propext,Quot.sound
MhFact_6e44d3c2232b5736	RH2F.repN_ge2	
MhFact_6e44d3c2232b5736	RH2F.repN_small	propext,Classical.choice,Quot.sound
MhFact_6e44d3c2232b5736	RH2F.rep_colourable	propext,Classical.choice,Quot.sound
MhFact_6e44d3c2232b5736	RH2F.simple_of_iso	propext
MhFact_6e44d3c2232b5736	RH2F.starOn_of_iso	
MhFact_6e44d3c2232b5736	RH2F.star_of_fast	propext,Classical.choice,Quot.sound
MhFact_6e44d3c2232b5736	RH2F.subChk_all	propext,Quot.sound
MhFact_6e44d3c2232b5736	RH2F.vcount_iso	propext,Classical.choice,Quot.sound
MhFact_7217c8f0517c24a9	RH2F.cB12_20_ok	propext
MhFact_7217c8f0517c24a9	RH2F.cB12_22_ok	propext
MhFact_7217c8f0517c24a9	RH2F.cB12_23_ok	propext
MhFact_7217c8f0517c24a9	RH2F.cB12_25_ok	propext
MhFact_7217c8f0517c24a9	RH2F.gB12_17	propext,Classical.choice,Quot.sound
MhFact_7217c8f0517c24a9	RH2F.gB12_18	propext,Classical.choice,Quot.sound
MhFact_7217c8f0517c24a9	RH2F.gB12_19	propext,Classical.choice,Quot.sound
MhFact_7217c8f0517c24a9	RH2F.gB12_20	propext,Classical.choice,Quot.sound
MhFact_7217c8f0517c24a9	RH2F.gB12_21	propext,Classical.choice,Quot.sound
MhFact_7217c8f0517c24a9	RH2F.gB12_22	propext,Classical.choice,Quot.sound
MhFact_7217c8f0517c24a9	RH2F.gB12_23	propext,Classical.choice,Quot.sound
MhFact_7217c8f0517c24a9	RH2F.gB12_24	propext,Classical.choice,Quot.sound
MhFact_7217c8f0517c24a9	RH2F.gB12_25	propext,Classical.choice,Quot.sound
MhFact_7217c8f0517c24a9	RH2F.layer33_10	propext,Classical.choice,Quot.sound
MhFact_7217c8f0517c24a9	RH2F.pB12_17_0_ok	propext
MhFact_7217c8f0517c24a9	RH2F.pB12_17_6_ok	propext
MhFact_7217c8f0517c24a9	RH2F.pB12_18_0_ok	propext
MhFact_7217c8f0517c24a9	RH2F.pB12_18_6_ok	propext
MhFact_7217c8f0517c24a9	RH2F.pB12_19_0_ok	propext
MhFact_7217c8f0517c24a9	RH2F.pB12_19_6_ok	propext
MhFact_7217c8f0517c24a9	RH2F.pB12_21_0_ok	propext
MhFact_7217c8f0517c24a9	RH2F.pB12_21_6_ok	propext
MhFact_7217c8f0517c24a9	RH2F.pB12_24_0_ok	propext
MhFact_7217c8f0517c24a9	RH2F.pB12_24_6_ok	propext
MhFact_724d35f964ae6f7d	RH2F.aTab12_24_len	
MhFact_724d35f964ae6f7d	RH2F.aTab12_24_ok	propext
MhFact_724d35f964ae6f7d	RH2F.aTab12_30_len	
MhFact_724d35f964ae6f7d	RH2F.aTab12_30_ok	propext
MhFact_724d35f964ae6f7d	RH2F.htab12_part3	propext,Classical.choice,Quot.sound
MhFact_75fc19c47ee38b89	RH2F.Cut2.e1_ends	
MhFact_75fc19c47ee38b89	RH2F.Cut2.flip_inA_S	propext
MhFact_75fc19c47ee38b89	RH2F.Cut2.glue_ts	propext,Classical.choice,Quot.sound
MhFact_75fc19c47ee38b89	RH2F.Cut2.glue_two	propext,Classical.choice,Quot.sound
MhFact_75fc19c47ee38b89	RH2F.Cut2.leafB.congr_simp	propext,Classical.choice,Quot.sound
MhFact_75fc19c47ee38b89	RH2F.Cut2.leafB.eq_1	propext,Classical.choice,Quot.sound
MhFact_75fc19c47ee38b89	RH2F.Cut2.leafB_closure	propext,Classical.choice,Quot.sound
MhFact_75fc19c47ee38b89	RH2F.Cut2.leafB_inA	propext,Classical.choice,Quot.sound
MhFact_75fc19c47ee38b89	RH2F.Cut2.leafB_pole	propext,Classical.choice,Quot.sound
MhFact_75fc19c47ee38b89	RH2F.Cut2.leafB_twoSided	propext,Classical.choice,Quot.sound
MhFact_75fc19c47ee38b89	RH2F.Cut2.leafE.eq_1	propext,Classical.choice,Quot.sound
MhFact_75fc19c47ee38b89	RH2F.Cut2.leafE_closure	propext,Classical.choice,Quot.sound
MhFact_75fc19c47ee38b89	RH2F.Cut2.leafE_e1	propext,Classical.choice,Quot.sound
MhFact_75fc19c47ee38b89	RH2F.Cut2.leafE_inA	propext,Classical.choice,Quot.sound
MhFact_75fc19c47ee38b89	RH2F.Cut2.leafE_pole	propext,Classical.choice,Quot.sound
MhFact_75fc19c47ee38b89	RH2F.Cut2.leafE_twoSided	propext,Classical.choice,Quot.sound
MhFact_75fc19c47ee38b89	RH2F.Cut2.leaf_glue_B	propext,Classical.choice,Quot.sound
MhFact_75fc19c47ee38b89	RH2F.Cut2.leaf_glue_E	propext,Classical.choice,Quot.sound
MhFact_75fc19c47ee38b89	RH2F.Cut2.mk.congr_simp	
MhFact_75fc19c47ee38b89	RH2F.Cut2.pairAt	propext
MhFact_75fc19c47ee38b89	RH2F.Cut2.pole_eq_of_clo	propext,Classical.choice,Quot.sound
MhFact_75fc19c47ee38b89	RH2F.Cut2.psetPair	propext
MhFact_75fc19c47ee38b89	RH2F.Cut2.pset_swap	propext
MhFact_75fc19c47ee38b89	RH2F.Cut2.side_pair	propext
MhFact_75fc19c47ee38b89	RH2F.Cut2.swap12_twoSided	
MhFact_75fc19c47ee38b89	RH2F.Cut2.swap_cut	propext
MhFact_75fc19c47ee38b89	RH2F.Cut2.tmeet_swap	propext
MhFact_75fc19c47ee38b89	RH2F.Cut2.tsmall_swap	propext
MhFact_75fc19c47ee38b89	RH2F.Cut2.twoSided_emb	propext
MhFact_75fc19c47ee38b89	RH2F.Cut2.twoSided_of_ex1	propext,Classical.choice,Quot.sound
MhFact_75fc19c47ee38b89	RH2F.addEdge_m'	
MhFact_75fc19c47ee38b89	RH2F.colourable_emb	
MhFact_75fc19c47ee38b89	RH2F.cubicAt_leaf	propext,Classical.choice,Quot.sound
MhFact_75fc19c47ee38b89	RH2F.cubicAt_leaf_vx	propext,Classical.choice,Quot.sound
MhFact_75fc19c47ee38b89	RH2F.cubicAt_of_cubic	
MhFact_75fc19c47ee38b89	RH2F.glue_nM	propext,Classical.choice,Quot.sound
MhFact_75fc19c47ee38b89	RH2F.inc_map	
MhFact_75fc19c47ee38b89	RH2F.inc_old_lv	propext,Quot.sound
MhFact_75fc19c47ee38b89	RH2F.layer10	propext,Classical.choice,Quot.sound
MhFact_75fc19c47ee38b89	RH2F.leafG_m	
MhFact_75fc19c47ee38b89	RH2F.leaf_cases	propext,Quot.sound
MhFact_75fc19c47ee38b89	RH2F.leaf_inc_new0	propext,Quot.sound
MhFact_75fc19c47ee38b89	RH2F.leaf_inc_new1	propext,Classical.choice,Quot.sound
MhFact_75fc19c47ee38b89	RH2F.leaf_inc_new2	propext,Classical.choice,Quot.sound
MhFact_75fc19c47ee38b89	RH2F.leaf_inc_old	propext,Quot.sound
MhFact_75fc19c47ee38b89	RH2F.leaf_inc_old_vl	propext,Quot.sound
MhFact_75fc19c47ee38b89	RH2F.leaf_inc_old_vx	propext,Quot.sound
MhFact_75fc19c47ee38b89	RH2F.leaf_joins_of	propext,Quot.sound
MhFact_75fc19c47ee38b89	RH2F.leaf_joins_old	propext,Quot.sound
MhFact_75fc19c47ee38b89	RH2F.liftS.eq_1	
MhFact_75fc19c47ee38b89	RH2F.liftS_lv	propext
MhFact_75fc19c47ee38b89	RH2F.liftS_vl	propext
MhFact_75fc19c47ee38b89	RH2F.liftS_vx	propext
MhFact_75fc19c47ee38b89	RH2F.muB.eq_1	propext,Quot.sound
MhFact_75fc19c47ee38b89	RH2F.muB_ends	propext,Classical.choice,Quot.sound
MhFact_75fc19c47ee38b89	RH2F.muB_inj	propext,Quot.sound
MhFact_75fc19c47ee38b89	RH2F.muB_last	propext,Quot.sound
MhFact_75fc19c47ee38b89	RH2F.muB_new	propext,Quot.sound
MhFact_75fc19c47ee38b89	RH2F.muB_old	propext,Quot.sound
MhFact_75fc19c47ee38b89	RH2F.muE.eq_1	propext,Quot.sound
MhFact_75fc19c47ee38b89	RH2F.muE_eq	propext,Classical.choice,Quot.sound
MhFact_75fc19c47ee38b89	RH2F.muE_last	propext,Quot.sound
MhFact_75fc19c47ee38b89	RH2F.muE_new0	propext,Quot.sound
MhFact_75fc19c47ee38b89	RH2F.muE_new1	propext,Quot.sound
MhFact_75fc19c47ee38b89	RH2F.muE_new2	propext,Quot.sound
MhFact_75fc19c47ee38b89	RH2F.muE_old	propext,Quot.sound
MhFact_75fc19c47ee38b89	RH2F.muL.eq_1	
MhFact_75fc19c47ee38b89	RH2F.muL_new	propext,Quot.sound
MhFact_75fc19c47ee38b89	RH2F.muL_old	propext,Quot.sound
MhFact_75fc19c47ee38b89	RH2F.new_ne	propext,Quot.sound
MhFact_75fc19c47ee38b89	RH2F.oldE_inj	propext,Quot.sound
MhFact_75fc19c47ee38b89	RH2F.oldE_ne_new	propext,Quot.sound
MhFact_75fc19c47ee38b89	RH2F.rhoL.eq_1	
MhFact_75fc19c47ee38b89	RH2F.rhoL_lv	propext
MhFact_75fc19c47ee38b89	RH2F.rhoL_vx	propext
MhFact_77a5aa23394eb0f0	RH2F.cB12_49_ok	propext
MhFact_77a5aa23394eb0f0	RH2F.cB12_53_ok	propext
MhFact_77a5aa23394eb0f0	RH2F.cB12_54_ok	propext
MhFact_77a5aa23394eb0f0	RH2F.cB12_55_ok	propext
MhFact_77a5aa23394eb0f0	RH2F.cB12_56_ok	propext
MhFact_77a5aa23394eb0f0	RH2F.gB12_49	propext,Classical.choice,Quot.sound
MhFact_77a5aa23394eb0f0	RH2F.gB12_50	propext,Classical.choice,Quot.sound
MhFact_77a5aa23394eb0f0	RH2F.gB12_51	propext,Classical.choice,Quot.sound
MhFact_77a5aa23394eb0f0	RH2F.gB12_52	propext,Classical.choice,Quot.sound
MhFact_77a5aa23394eb0f0	RH2F.gB12_53	propext,Classical.choice,Quot.sound
MhFact_77a5aa23394eb0f0	RH2F.gB12_54	propext,Classical.choice,Quot.sound
MhFact_77a5aa23394eb0f0	RH2F.gB12_55	propext,Classical.choice,Quot.sound
MhFact_77a5aa23394eb0f0	RH2F.gB12_56	propext,Classical.choice,Quot.sound
MhFact_77a5aa23394eb0f0	RH2F.layer33_14	propext,Classical.choice,Quot.sound
MhFact_77a5aa23394eb0f0	RH2F.pB12_50_0_ok	propext
MhFact_77a5aa23394eb0f0	RH2F.pB12_50_6_ok	propext
MhFact_77a5aa23394eb0f0	RH2F.pB12_51_0_ok	propext
MhFact_77a5aa23394eb0f0	RH2F.pB12_51_6_ok	propext
MhFact_77a5aa23394eb0f0	RH2F.pB12_52_0_ok	propext
MhFact_77a5aa23394eb0f0	RH2F.pB12_52_6_ok	propext
MhFact_77e9ac7f87ab804f	RH2F.shPart2	propext,Classical.choice,Quot.sound
MhFact_77e9ac7f87ab804f	RH2F.shchk24_100	propext
MhFact_77e9ac7f87ab804f	RH2F.shchk24_110	propext
MhFact_77e9ac7f87ab804f	RH2F.shchk24_120	propext
MhFact_77e9ac7f87ab804f	RH2F.shchk24_90	propext
MhFact_77e9ac7f87ab804f	RH2F.shchk25_0	propext
MhFact_77e9ac7f87ab804f	RH2F.shchk25_10	propext
MhFact_77e9ac7f87ab804f	RH2F.shchk25_20	propext
MhFact_77e9ac7f87ab804f	RH2F.shchk25_30	propext
MhFact_77e9ac7f87ab804f	RH2F.shchk25_40	propext
MhFact_77e9ac7f87ab804f	RH2F.shchk25_50	propext
MhFact_77e9ac7f87ab804f	RH2F.shfull24_100	propext,Classical.choice,Quot.sound
MhFact_77e9ac7f87ab804f	RH2F.shfull24_110	propext,Classical.choice,Quot.sound
MhFact_77e9ac7f87ab804f	RH2F.shfull24_120	propext,Classical.choice,Quot.sound
MhFact_77e9ac7f87ab804f	RH2F.shfull24_90	propext,Classical.choice,Quot.sound
MhFact_77e9ac7f87ab804f	RH2F.shfull25_0	propext,Classical.choice,Quot.sound
MhFact_77e9ac7f87ab804f	RH2F.shfull25_10	propext,Classical.choice,Quot.sound
MhFact_77e9ac7f87ab804f	RH2F.shfull25_20	propext,Classical.choice,Quot.sound
MhFact_77e9ac7f87ab804f	RH2F.shfull25_30	propext,Classical.choice,Quot.sound
MhFact_77e9ac7f87ab804f	RH2F.shfull25_40	propext,Classical.choice,Quot.sound
MhFact_77e9ac7f87ab804f	RH2F.shfull25_50	propext,Classical.choice,Quot.sound
MhFact_77e9ac7f87ab804f	RH2F.shfullR24_90_129	propext,Classical.choice,Quot.sound
MhFact_77e9ac7f87ab804f	RH2F.shfullR25_0_60	propext,Classical.choice,Quot.sound
MhFact_78a34517ee1a6fff	RH2F.wTab14R_225_270	propext,Classical.choice,Quot.sound
MhFact_78a34517ee1a6fff	RH2F.wTab14_225_len	
MhFact_78a34517ee1a6fff	RH2F.wTab14_225_ok	propext
MhFact_78a34517ee1a6fff	RH2F.wTab14_226_len	
MhFact_78a34517ee1a6fff	RH2F.wTab14_226_ok	propext
MhFact_78a34517ee1a6fff	RH2F.wTab14_227_len	
MhFact_78a34517ee1a6fff	RH2F.wTab14_227_ok	propext
MhFact_78a34517ee1a6fff	RH2F.wTab14_228_len	
MhFact_78a34517ee1a6fff	RH2F.wTab14_228_ok	propext
MhFact_78a34517ee1a6fff	RH2F.wTab14_229_len	
MhFact_78a34517ee1a6fff	RH2F.wTab14_229_ok	propext
MhFact_78a34517ee1a6fff	RH2F.wTab14_230_len	
MhFact_78a34517ee1a6fff	RH2F.wTab14_230_ok	propext
MhFact_78a34517ee1a6fff	RH2F.wTab14_231_len	
MhFact_78a34517ee1a6fff	RH2F.wTab14_231_ok	propext
MhFact_78a34517ee1a6fff	RH2F.wTab14_232_len	
MhFact_78a34517ee1a6fff	RH2F.wTab14_232_ok	propext
MhFact_78a34517ee1a6fff	RH2F.wTab14_233_len	
MhFact_78a34517ee1a6fff	RH2F.wTab14_233_ok	propext
MhFact_78a34517ee1a6fff	RH2F.wTab14_234_len	
MhFact_78a34517ee1a6fff	RH2F.wTab14_234_ok	propext
MhFact_78a34517ee1a6fff	RH2F.wTab14_235_len	
MhFact_78a34517ee1a6fff	RH2F.wTab14_235_ok	propext
MhFact_78a34517ee1a6fff	RH2F.wTab14_236_len	
MhFact_78a34517ee1a6fff	RH2F.wTab14_236_ok	propext
MhFact_78a34517ee1a6fff	RH2F.wTab14_237_len	
MhFact_78a34517ee1a6fff	RH2F.wTab14_237_ok	propext
MhFact_78a34517ee1a6fff	RH2F.wTab14_238_len	
MhFact_78a34517ee1a6fff	RH2F.wTab14_238_ok	propext
MhFact_78a34517ee1a6fff	RH2F.wTab14_239_len	
MhFact_78a34517ee1a6fff	RH2F.wTab14_239_ok	propext
MhFact_78a34517ee1a6fff	RH2F.wTab14_240_len	
MhFact_78a34517ee1a6fff	RH2F.wTab14_240_ok	propext
MhFact_78a34517ee1a6fff	RH2F.wTab14_241_len	
MhFact_78a34517ee1a6fff	RH2F.wTab14_241_ok	propext
MhFact_78a34517ee1a6fff	RH2F.wTab14_242_len	
MhFact_78a34517ee1a6fff	RH2F.wTab14_242_ok	propext
MhFact_78a34517ee1a6fff	RH2F.wTab14_243_len	
MhFact_78a34517ee1a6fff	RH2F.wTab14_243_ok	propext
MhFact_78a34517ee1a6fff	RH2F.wTab14_244_len	
MhFact_78a34517ee1a6fff	RH2F.wTab14_244_ok	propext
MhFact_78a34517ee1a6fff	RH2F.wTab14_245_len	
MhFact_78a34517ee1a6fff	RH2F.wTab14_245_ok	propext
MhFact_78a34517ee1a6fff	RH2F.wTab14_246_len	
MhFact_78a34517ee1a6fff	RH2F.wTab14_246_ok	propext
MhFact_78a34517ee1a6fff	RH2F.wTab14_247_len	
MhFact_78a34517ee1a6fff	RH2F.wTab14_247_ok	propext
MhFact_78a34517ee1a6fff	RH2F.wTab14_248_len	
MhFact_78a34517ee1a6fff	RH2F.wTab14_248_ok	propext
MhFact_78a34517ee1a6fff	RH2F.wTab14_249_len	
MhFact_78a34517ee1a6fff	RH2F.wTab14_249_ok	propext
MhFact_78a34517ee1a6fff	RH2F.wTab14_250_len	
MhFact_78a34517ee1a6fff	RH2F.wTab14_250_ok	propext
MhFact_78a34517ee1a6fff	RH2F.wTab14_251_len	
MhFact_78a34517ee1a6fff	RH2F.wTab14_251_ok	propext
MhFact_78a34517ee1a6fff	RH2F.wTab14_252_len	
MhFact_78a34517ee1a6fff	RH2F.wTab14_252_ok	propext
MhFact_78a34517ee1a6fff	RH2F.wTab14_253_len	
MhFact_78a34517ee1a6fff	RH2F.wTab14_253_ok	propext
MhFact_78a34517ee1a6fff	RH2F.wTab14_254_len	
MhFact_78a34517ee1a6fff	RH2F.wTab14_254_ok	propext
MhFact_78a34517ee1a6fff	RH2F.wTab14_255_len	
MhFact_78a34517ee1a6fff	RH2F.wTab14_255_ok	propext
MhFact_78a34517ee1a6fff	RH2F.wTab14_256_len	
MhFact_78a34517ee1a6fff	RH2F.wTab14_256_ok	propext
MhFact_78a34517ee1a6fff	RH2F.wTab14_257_len	
MhFact_78a34517ee1a6fff	RH2F.wTab14_257_ok	propext
MhFact_78a34517ee1a6fff	RH2F.wTab14_258_len	
MhFact_78a34517ee1a6fff	RH2F.wTab14_258_ok	propext
MhFact_78a34517ee1a6fff	RH2F.wTab14_259_len	
MhFact_78a34517ee1a6fff	RH2F.wTab14_259_ok	propext
MhFact_78a34517ee1a6fff	RH2F.wTab14_260_len	
MhFact_78a34517ee1a6fff	RH2F.wTab14_260_ok	propext
MhFact_78a34517ee1a6fff	RH2F.wTab14_261_len	
MhFact_78a34517ee1a6fff	RH2F.wTab14_261_ok	propext
MhFact_78a34517ee1a6fff	RH2F.wTab14_262_len	
MhFact_78a34517ee1a6fff	RH2F.wTab14_262_ok	propext
MhFact_78a34517ee1a6fff	RH2F.wTab14_263_len	
MhFact_78a34517ee1a6fff	RH2F.wTab14_263_ok	propext
MhFact_78a34517ee1a6fff	RH2F.wTab14_264_len	
MhFact_78a34517ee1a6fff	RH2F.wTab14_264_ok	propext
MhFact_78a34517ee1a6fff	RH2F.wTab14_265_len	
MhFact_78a34517ee1a6fff	RH2F.wTab14_265_ok	propext
MhFact_78a34517ee1a6fff	RH2F.wTab14_266_len	
MhFact_78a34517ee1a6fff	RH2F.wTab14_266_ok	propext
MhFact_78a34517ee1a6fff	RH2F.wTab14_267_len	
MhFact_78a34517ee1a6fff	RH2F.wTab14_267_ok	propext
MhFact_78a34517ee1a6fff	RH2F.wTab14_268_len	
MhFact_78a34517ee1a6fff	RH2F.wTab14_268_ok	propext
MhFact_78a34517ee1a6fff	RH2F.wTab14_269_len	
MhFact_78a34517ee1a6fff	RH2F.wTab14_269_ok	propext
MhFact_78d98836f6372f68	RH2F.wTab14R_45_90	propext,Classical.choice,Quot.sound
MhFact_78d98836f6372f68	RH2F.wTab14_45_len	
MhFact_78d98836f6372f68	RH2F.wTab14_45_ok	propext
MhFact_78d98836f6372f68	RH2F.wTab14_46_len	
MhFact_78d98836f6372f68	RH2F.wTab14_46_ok	propext
MhFact_78d98836f6372f68	RH2F.wTab14_47_len	
MhFact_78d98836f6372f68	RH2F.wTab14_47_ok	propext
MhFact_78d98836f6372f68	RH2F.wTab14_48_len	
MhFact_78d98836f6372f68	RH2F.wTab14_48_ok	propext
MhFact_78d98836f6372f68	RH2F.wTab14_49_len	
MhFact_78d98836f6372f68	RH2F.wTab14_49_ok	propext
MhFact_78d98836f6372f68	RH2F.wTab14_50_len	
MhFact_78d98836f6372f68	RH2F.wTab14_50_ok	propext
MhFact_78d98836f6372f68	RH2F.wTab14_51_len	
MhFact_78d98836f6372f68	RH2F.wTab14_51_ok	propext
MhFact_78d98836f6372f68	RH2F.wTab14_52_len	
MhFact_78d98836f6372f68	RH2F.wTab14_52_ok	propext
MhFact_78d98836f6372f68	RH2F.wTab14_53_len	
MhFact_78d98836f6372f68	RH2F.wTab14_53_ok	propext
MhFact_78d98836f6372f68	RH2F.wTab14_54_len	
MhFact_78d98836f6372f68	RH2F.wTab14_54_ok	propext
MhFact_78d98836f6372f68	RH2F.wTab14_55_len	
MhFact_78d98836f6372f68	RH2F.wTab14_55_ok	propext
MhFact_78d98836f6372f68	RH2F.wTab14_56_len	
MhFact_78d98836f6372f68	RH2F.wTab14_56_ok	propext
MhFact_78d98836f6372f68	RH2F.wTab14_57_len	
MhFact_78d98836f6372f68	RH2F.wTab14_57_ok	propext
MhFact_78d98836f6372f68	RH2F.wTab14_58_len	
MhFact_78d98836f6372f68	RH2F.wTab14_58_ok	propext
MhFact_78d98836f6372f68	RH2F.wTab14_59_len	
MhFact_78d98836f6372f68	RH2F.wTab14_59_ok	propext
MhFact_78d98836f6372f68	RH2F.wTab14_60_len	
MhFact_78d98836f6372f68	RH2F.wTab14_60_ok	propext
MhFact_78d98836f6372f68	RH2F.wTab14_61_len	
MhFact_78d98836f6372f68	RH2F.wTab14_61_ok	propext
MhFact_78d98836f6372f68	RH2F.wTab14_62_len	
MhFact_78d98836f6372f68	RH2F.wTab14_62_ok	propext
MhFact_78d98836f6372f68	RH2F.wTab14_63_len	
MhFact_78d98836f6372f68	RH2F.wTab14_63_ok	propext
MhFact_78d98836f6372f68	RH2F.wTab14_64_len	
MhFact_78d98836f6372f68	RH2F.wTab14_64_ok	propext
MhFact_78d98836f6372f68	RH2F.wTab14_65_len	
MhFact_78d98836f6372f68	RH2F.wTab14_65_ok	propext
MhFact_78d98836f6372f68	RH2F.wTab14_66_len	
MhFact_78d98836f6372f68	RH2F.wTab14_66_ok	propext
MhFact_78d98836f6372f68	RH2F.wTab14_67_len	
MhFact_78d98836f6372f68	RH2F.wTab14_67_ok	propext
MhFact_78d98836f6372f68	RH2F.wTab14_68_len	
MhFact_78d98836f6372f68	RH2F.wTab14_68_ok	propext
MhFact_78d98836f6372f68	RH2F.wTab14_69_len	
MhFact_78d98836f6372f68	RH2F.wTab14_69_ok	propext
MhFact_78d98836f6372f68	RH2F.wTab14_70_len	
MhFact_78d98836f6372f68	RH2F.wTab14_70_ok	propext
MhFact_78d98836f6372f68	RH2F.wTab14_71_len	
MhFact_78d98836f6372f68	RH2F.wTab14_71_ok	propext
MhFact_78d98836f6372f68	RH2F.wTab14_72_len	
MhFact_78d98836f6372f68	RH2F.wTab14_72_ok	propext
MhFact_78d98836f6372f68	RH2F.wTab14_73_len	
MhFact_78d98836f6372f68	RH2F.wTab14_73_ok	propext
MhFact_78d98836f6372f68	RH2F.wTab14_74_len	
MhFact_78d98836f6372f68	RH2F.wTab14_74_ok	propext
MhFact_78d98836f6372f68	RH2F.wTab14_75_len	
MhFact_78d98836f6372f68	RH2F.wTab14_75_ok	propext
MhFact_78d98836f6372f68	RH2F.wTab14_76_len	
MhFact_78d98836f6372f68	RH2F.wTab14_76_ok	propext
MhFact_78d98836f6372f68	RH2F.wTab14_77_len	
MhFact_78d98836f6372f68	RH2F.wTab14_77_ok	propext
MhFact_78d98836f6372f68	RH2F.wTab14_78_len	
MhFact_78d98836f6372f68	RH2F.wTab14_78_ok	propext
MhFact_78d98836f6372f68	RH2F.wTab14_79_len	
MhFact_78d98836f6372f68	RH2F.wTab14_79_ok	propext
MhFact_78d98836f6372f68	RH2F.wTab14_80_len	
MhFact_78d98836f6372f68	RH2F.wTab14_80_ok	propext
MhFact_78d98836f6372f68	RH2F.wTab14_81_len	
MhFact_78d98836f6372f68	RH2F.wTab14_81_ok	propext
MhFact_78d98836f6372f68	RH2F.wTab14_82_len	
MhFact_78d98836f6372f68	RH2F.wTab14_82_ok	propext
MhFact_78d98836f6372f68	RH2F.wTab14_83_len	
MhFact_78d98836f6372f68	RH2F.wTab14_83_ok	propext
MhFact_78d98836f6372f68	RH2F.wTab14_84_len	
MhFact_78d98836f6372f68	RH2F.wTab14_84_ok	propext
MhFact_78d98836f6372f68	RH2F.wTab14_85_len	
MhFact_78d98836f6372f68	RH2F.wTab14_85_ok	propext
MhFact_78d98836f6372f68	RH2F.wTab14_86_len	
MhFact_78d98836f6372f68	RH2F.wTab14_86_ok	propext
MhFact_78d98836f6372f68	RH2F.wTab14_87_len	
MhFact_78d98836f6372f68	RH2F.wTab14_87_ok	propext
MhFact_78d98836f6372f68	RH2F.wTab14_88_len	
MhFact_78d98836f6372f68	RH2F.wTab14_88_ok	propext
MhFact_78d98836f6372f68	RH2F.wTab14_89_len	
MhFact_78d98836f6372f68	RH2F.wTab14_89_ok	propext
MhFact_79ac08d5cf0788b9	RH2F.cB12_26_ok	propext
MhFact_79ac08d5cf0788b9	RH2F.cB12_31_ok	propext
MhFact_79ac08d5cf0788b9	RH2F.cB12_32_ok	propext
MhFact_79ac08d5cf0788b9	RH2F.gB12_26	propext,Classical.choice,Quot.sound
MhFact_79ac08d5cf0788b9	RH2F.gB12_27	propext,Classical.choice,Quot.sound
MhFact_79ac08d5cf0788b9	RH2F.gB12_28	propext,Classical.choice,Quot.sound
MhFact_79ac08d5cf0788b9	RH2F.gB12_29	propext,Classical.choice,Quot.sound
MhFact_79ac08d5cf0788b9	RH2F.gB12_30	propext,Classical.choice,Quot.sound
MhFact_79ac08d5cf0788b9	RH2F.gB12_31	propext,Classical.choice,Quot.sound
MhFact_79ac08d5cf0788b9	RH2F.gB12_32	propext,Classical.choice,Quot.sound
MhFact_79ac08d5cf0788b9	RH2F.layer33_11	propext,Classical.choice,Quot.sound
MhFact_79ac08d5cf0788b9	RH2F.pB12_27_0_ok	propext
MhFact_79ac08d5cf0788b9	RH2F.pB12_27_6_ok	propext
MhFact_79ac08d5cf0788b9	RH2F.pB12_28_0_ok	propext
MhFact_79ac08d5cf0788b9	RH2F.pB12_28_6_ok	propext
MhFact_79ac08d5cf0788b9	RH2F.pB12_29_0_ok	propext
MhFact_79ac08d5cf0788b9	RH2F.pB12_29_12_ok	propext
MhFact_79ac08d5cf0788b9	RH2F.pB12_29_6_ok	propext
MhFact_79ac08d5cf0788b9	RH2F.pB12_30_0_ok	propext
MhFact_79ac08d5cf0788b9	RH2F.pB12_30_12_ok	propext
MhFact_79ac08d5cf0788b9	RH2F.pB12_30_6_ok	propext
MhFact_7b9500b9ad8bca15	RH2F.cB10_0_ok	propext
MhFact_7b9500b9ad8bca15	RH2F.gB10_0	propext,Classical.choice,Quot.sound
MhFact_7b9500b9ad8bca15	RH2F.gB10_1	propext,Classical.choice,Quot.sound
MhFact_7b9500b9ad8bca15	RH2F.gB10_2	propext,Classical.choice,Quot.sound
MhFact_7b9500b9ad8bca15	RH2F.gB8_3	propext,Classical.choice,Quot.sound
MhFact_7b9500b9ad8bca15	RH2F.layer33_2	propext,Classical.choice,Quot.sound
MhFact_7b9500b9ad8bca15	RH2F.pB10_1_0_ok	propext
MhFact_7b9500b9ad8bca15	RH2F.pB10_1_6_ok	propext
MhFact_7b9500b9ad8bca15	RH2F.pB10_2_0_ok	propext
MhFact_7b9500b9ad8bca15	RH2F.pB10_2_6_ok	propext
MhFact_7b9500b9ad8bca15	RH2F.pB8_3_0_ok	propext
MhFact_7b9500b9ad8bca15	RH2F.pB8_3_12_ok	propext
MhFact_7b9500b9ad8bca15	RH2F.pB8_3_18_ok	propext
MhFact_7b9500b9ad8bca15	RH2F.pB8_3_24_ok	propext
MhFact_7b9500b9ad8bca15	RH2F.pB8_3_6_ok	propext
MhFact_7c9b506b16bbaf73	RH2F.cB14_300_len	
MhFact_7c9b506b16bbaf73	RH2F.cB14_300_ok	propext
MhFact_7c9b506b16bbaf73	RH2F.cB14_306_len	
MhFact_7c9b506b16bbaf73	RH2F.cB14_306_ok	propext
MhFact_7c9b506b16bbaf73	RH2F.cB14_312_len	
MhFact_7c9b506b16bbaf73	RH2F.cB14_312_ok	propext
MhFact_7c9b506b16bbaf73	RH2F.cB14_318_len	
MhFact_7c9b506b16bbaf73	RH2F.cB14_318_ok	propext
MhFact_7c9b506b16bbaf73	RH2F.cB14_324_len	
MhFact_7c9b506b16bbaf73	RH2F.cB14_324_ok	propext
MhFact_7c9b506b16bbaf73	RH2F.cB14_330_len	
MhFact_7c9b506b16bbaf73	RH2F.cB14_330_ok	propext
MhFact_7c9b506b16bbaf73	RH2F.cB14_336_len	
MhFact_7c9b506b16bbaf73	RH2F.cB14_336_ok	propext
MhFact_7c9b506b16bbaf73	RH2F.layer34_5	propext,Classical.choice,Quot.sound
MhFact_7d291f6ca774e1da	RH2F.Cut2.P1	
MhFact_7d291f6ca774e1da	RH2F.Cut2.P2	
MhFact_7d291f6ca774e1da	RH2F.Cut2.a1_ne_b1	
MhFact_7d291f6ca774e1da	RH2F.Cut2.a1_ne_b2	
MhFact_7d291f6ca774e1da	RH2F.Cut2.a2_ne_b1	
MhFact_7d291f6ca774e1da	RH2F.Cut2.a2_ne_b2	
MhFact_7d291f6ca774e1da	RH2F.Cut2.cases_P	propext
MhFact_7d291f6ca774e1da	RH2F.Cut2.cloN_last_iff	
MhFact_7d291f6ca774e1da	RH2F.Cut2.cloN_old_iff	
MhFact_7d291f6ca774e1da	RH2F.Cut2.clo_last	
MhFact_7d291f6ca774e1da	RH2F.Cut2.clo_old	
MhFact_7d291f6ca774e1da	RH2F.Cut2.clo_old_iff	
MhFact_7d291f6ca774e1da	RH2F.Cut2.cut	
MhFact_7d291f6ca774e1da	RH2F.Cut2.cutA	
MhFact_7d291f6ca774e1da	RH2F.Cut2.cut_disj	
MhFact_7d291f6ca774e1da	RH2F.Cut2.cut_sides	
MhFact_7d291f6ca774e1da	RH2F.Cut2.e12_disj	
MhFact_7d291f6ca774e1da	RH2F.Cut2.flip_S	propext
MhFact_7d291f6ca774e1da	RH2F.Cut2.flip_flip_inA	propext
MhFact_7d291f6ca774e1da	RH2F.Cut2.flip_isCut	propext
MhFact_7d291f6ca774e1da	RH2F.Cut2.ha	
MhFact_7d291f6ca774e1da	RH2F.Cut2.hb	
MhFact_7d291f6ca774e1da	RH2F.Cut2.inA_of_notcut	propext
MhFact_7d291f6ca774e1da	RH2F.Cut2.inc_e1	
MhFact_7d291f6ca774e1da	RH2F.Cut2.inc_e2	
MhFact_7d291f6ca774e1da	RH2F.Cut2.inc_last_of_cut	propext
MhFact_7d291f6ca774e1da	RH2F.Cut2.inc_new_iff	propext
MhFact_7d291f6ca774e1da	RH2F.Cut2.j1	
MhFact_7d291f6ca774e1da	RH2F.Cut2.j2	
MhFact_7d291f6ca774e1da	RH2F.Cut2.mk.inj	
MhFact_7d291f6ca774e1da	RH2F.Cut2.mk.injEq	propext
MhFact_7d291f6ca774e1da	RH2F.Cut2.mk.sizeOf_spec	
MhFact_7d291f6ca774e1da	RH2F.Cut2.ne12	
MhFact_7d291f6ca774e1da	RH2F.Cut2.not_flip_of_inA	propext
MhFact_7d291f6ca774e1da	RH2F.Cut2.not_inA_of_cut	
MhFact_7d291f6ca774e1da	RH2F.Cut2.pm_cloF	propext
MhFact_7d291f6ca774e1da	RH2F.Cut2.pm_cloM	propext,Classical.choice,Quot.sound
MhFact_7d291f6ca774e1da	RH2F.Cut2.sa1	
MhFact_7d291f6ca774e1da	RH2F.Cut2.sa2	
MhFact_7d291f6ca774e1da	RH2F.Cut2.same_side	propext
MhFact_7d291f6ca774e1da	RH2F.Cut2.sb1	
MhFact_7d291f6ca774e1da	RH2F.Cut2.sb2	
MhFact_7d291f6ca774e1da	RH2F.Cut2.side_of_inA	
MhFact_7d291f6ca774e1da	RH2F.Cut2.two_F	propext
MhFact_7d291f6ca774e1da	RH2F.all4.eq_1	propext
MhFact_7d291f6ca774e1da	RH2F.all4_sound	propext
MhFact_7d291f6ca774e1da	RH2F.all5.eq_1	propext
MhFact_7d291f6ca774e1da	RH2F.all5_sound	propext
MhFact_7d291f6ca774e1da	RH2F.all6.eq_1	propext
MhFact_7d291f6ca774e1da	RH2F.all6_sound	propext
MhFact_7d291f6ca774e1da	RH2F.class_of_mc5	propext
MhFact_7d291f6ca774e1da	RH2F.fdeg2	
MhFact_7d291f6ca774e1da	RH2F.fin6_cases	propext
MhFact_7d291f6ca774e1da	RH2F.g2f	propext,Classical.choice,Quot.sound
MhFact_7d291f6ca774e1da	RH2F.g2fChk_ok	propext
MhFact_7d291f6ca774e1da	RH2F.g2m	propext,Classical.choice,Quot.sound
MhFact_7d291f6ca774e1da	RH2F.g2mChk_ok	propext
MhFact_7d291f6ca774e1da	RH2F.inj_of_linv	
MhFact_7d291f6ca774e1da	RH2F.joins_of_inc	
MhFact_7d291f6ca774e1da	RH2F.joins_of_inc2	
MhFact_7d291f6ca774e1da	RH2F.joins_symm	
MhFact_7d291f6ca774e1da	RH2F.layer1	propext,Classical.choice,Quot.sound
MhFact_7d291f6ca774e1da	RH2F.lemmaR	propext,Classical.choice,Quot.sound
MhFact_7d291f6ca774e1da	RH2F.mc5_of_class	propext
MhFact_7d291f6ca774e1da	RH2F.ne_of_joins'	
MhFact_7d291f6ca774e1da	RH2F.norm_perm	propext
MhFact_7d291f6ca774e1da	RH2F.p4Chk_ok	propext
MhFact_7d291f6ca774e1da	RH2F.p4_props	propext,Quot.sound
MhFact_7d291f6ca774e1da	RH2F.p5Chk_ok	propext
MhFact_7d291f6ca774e1da	RH2F.p5_props	propext,Quot.sound
MhFact_7d291f6ca774e1da	RH2F.perm_g2f	propext,Quot.sound
MhFact_7d291f6ca774e1da	RH2F.perm_g2m	propext,Quot.sound
MhFact_7d291f6ca774e1da	RH2F.pm_unique	
MhFact_7d291f6ca774e1da	RH2F.ra_of_star	
MhFact_7d291f6ca774e1da	RH2F.rb_of_star	propext,Quot.sound
MhFact_7d291f6ca774e1da	RH2F.rc_of_star	
MhFact_7d291f6ca774e1da	RH2F.side_proj0	propext
MhFact_7d291f6ca774e1da	RH2F.side_proj1	propext
MhFact_7d291f6ca774e1da	RH2F.side_prop	propext,Classical.choice,Quot.sound
MhFact_7d291f6ca774e1da	RH2F.side_r	propext,Classical.choice,Quot.sound
MhFact_7d291f6ca774e1da	RH2F.side_rb	propext,Classical.choice,Quot.sound
MhFact_7d291f6ca774e1da	RH2F.side_rbM	propext
MhFact_7d291f6ca774e1da	RH2F.side_sets	propext,Classical.choice,Quot.sound
MhFact_7d291f6ca774e1da	RH2F.star_of_rabc	propext,Classical.choice,Quot.sound
MhFact_7d291f6ca774e1da	RH2F.swap0_chk	propext
MhFact_7d291f6ca774e1da	RH2F.swap0_range	propext
MhFact_7d291f6ca774e1da	RH2F.swap5_eq5	propext
MhFact_7d291f6ca774e1da	RH2F.swap5_eq5'	propext
MhFact_7d291f6ca774e1da	RH2F.swap5_inj	propext
MhFact_7d291f6ca774e1da	RH2F.swap5_inj'	propext
MhFact_7d291f6ca774e1da	RH2F.swap_norm_chk	propext
MhFact_7d291f6ca774e1da	RH2F.swapc.eq_1	
MhFact_7d291f6ca774e1da	RH2F.swapc_inj	propext
MhFact_7d291f6ca774e1da	RH2F.swapc_invol	propext
MhFact_7d291f6ca774e1da	RH2F.swapc_invol_chk	propext
MhFact_7d291f6ca774e1da	RH2F.swapc_left	propext
MhFact_7d291f6ca774e1da	RH2F.swapc_other	propext
MhFact_7d291f6ca774e1da	RH2F.swapc_right	
MhFact_81c52cea8147de67	RH2F.at_dO	propext,Classical.choice,Quot.sound
MhFact_81c52cea8147de67	RH2F.both_cyc	propext,Classical.choice,Quot.sound
MhFact_81c52cea8147de67	RH2F.c4c_iff	propext,Classical.choice,Quot.sound
MhFact_81c52cea8147de67	RH2F.cntF_triple	propext,Classical.choice,Quot.sound
MhFact_81c52cea8147de67	RH2F.cycle_const	
MhFact_81c52cea8147de67	RH2F.dO.eq_1	
MhFact_81c52cea8147de67	RH2F.dO_inj	
MhFact_81c52cea8147de67	RH2F.dO_ne_dU	propext,Quot.sound
MhFact_81c52cea8147de67	RH2F.dO_ne_dV	propext,Quot.sound
MhFact_81c52cea8147de67	RH2F.dU.eq_1	propext,Quot.sound
MhFact_81c52cea8147de67	RH2F.dU_inj	propext,Quot.sound
MhFact_81c52cea8147de67	RH2F.dU_ne_dV	propext,Quot.sound
MhFact_81c52cea8147de67	RH2F.dV.eq_1	propext,Quot.sound
MhFact_81c52cea8147de67	RH2F.dV_inj	propext,Quot.sound
MhFact_81c52cea8147de67	RH2F.digG.eq_1	propext,Classical.choice,Quot.sound
MhFact_81c52cea8147de67	RH2F.digSet.eq_1	propext,Classical.choice,Quot.sound
MhFact_81c52cea8147de67	RH2F.dig_2cr	propext,Classical.choice,Quot.sound
MhFact_81c52cea8147de67	RH2F.dig_bridgeless	propext,Classical.choice,Quot.sound
MhFact_81c52cea8147de67	RH2F.dig_cases	propext,Classical.choice,Quot.sound
MhFact_81c52cea8147de67	RH2F.dig_class	propext,Classical.choice,Quot.sound
MhFact_81c52cea8147de67	RH2F.dig_connected	propext,Classical.choice,Quot.sound
MhFact_81c52cea8147de67	RH2F.dig_cubic	propext,Classical.choice,Quot.sound
MhFact_81c52cea8147de67	RH2F.dig_loopless	propext,Classical.choice,Quot.sound
MhFact_81c52cea8147de67	RH2F.eN.eq_1	propext,Quot.sound
MhFact_81c52cea8147de67	RH2F.eN_div	propext,Quot.sound
MhFact_81c52cea8147de67	RH2F.eN_inj	propext,Quot.sound
MhFact_81c52cea8147de67	RH2F.eN_mod	propext,Quot.sound
MhFact_81c52cea8147de67	RH2F.eO.eq_1	
MhFact_81c52cea8147de67	RH2F.eO_inj	
MhFact_81c52cea8147de67	RH2F.eO_ne_eN	propext,Quot.sound
MhFact_81c52cea8147de67	RH2F.ends_eN01	propext,Classical.choice,Quot.sound
MhFact_81c52cea8147de67	RH2F.ends_eN2	propext,Classical.choice,Quot.sound
MhFact_81c52cea8147de67	RH2F.ends_eO	propext,Classical.choice,Quot.sound
MhFact_81c52cea8147de67	RH2F.ends_eO_D	propext,Classical.choice,Quot.sound
MhFact_81c52cea8147de67	RH2F.ends_eO_nD	propext,Classical.choice,Quot.sound
MhFact_81c52cea8147de67	RH2F.ends_meets1	
MhFact_81c52cea8147de67	RH2F.ends_meets2	
MhFact_81c52cea8147de67	RH2F.hasCycle_mono	propext,Quot.sound
MhFact_81c52cea8147de67	RH2F.hasCycle_of_count	propext,Classical.choice,Quot.sound
MhFact_81c52cea8147de67	RH2F.hasCycle_of_deg2	propext,Classical.choice,Quot.sound
MhFact_81c52cea8147de67	RH2F.hred13a	propext,Classical.choice,Quot.sound
MhFact_81c52cea8147de67	RH2F.inc_eN_dO	propext,Classical.choice,Quot.sound
MhFact_81c52cea8147de67	RH2F.inc_eN_dU	propext,Classical.choice,Quot.sound
MhFact_81c52cea8147de67	RH2F.inc_eN_dV	propext,Classical.choice,Quot.sound
MhFact_81c52cea8147de67	RH2F.inc_eO_dO	propext,Classical.choice,Quot.sound
MhFact_81c52cea8147de67	RH2F.inc_eO_dU	propext,Classical.choice,Quot.sound
MhFact_81c52cea8147de67	RH2F.k_cases	propext
MhFact_81c52cea8147de67	RH2F.layer16	propext,Classical.choice,Quot.sound
MhFact_81c52cea8147de67	RH2F.meets_dig_dO	propext,Classical.choice,Quot.sound
MhFact_81c52cea8147de67	RH2F.meets_dig_dU	propext,Classical.choice,Quot.sound
MhFact_81c52cea8147de67	RH2F.meets_dig_dV	propext,Classical.choice,Quot.sound
MhFact_81c52cea8147de67	RH2F.not_inc_eO_dV	propext,Classical.choice,Quot.sound
MhFact_81c52cea8147de67	RH2F.nx.eq_1	propext,Quot.sound
MhFact_81c52cea8147de67	RH2F.nxt_spec	propext,Classical.choice,Quot.sound
MhFact_81c52cea8147de67	RH2F.onPath_inj	propext,Classical.choice,Quot.sound
MhFact_81c52cea8147de67	RH2F.path_const	propext,Classical.choice,Quot.sound
MhFact_81c52cea8147de67	RH2F.set_eN	propext,Classical.choice,Quot.sound
MhFact_81c52cea8147de67	RH2F.set_eO	propext,Classical.choice,Quot.sound
MhFact_81c52cea8147de67	RH2F.side_handshake	propext,Classical.choice,Quot.sound
MhFact_81c52cea8147de67	RH2F.side_nonempty	propext,Classical.choice,Quot.sound
MhFact_81c52cea8147de67	RH2F.stub_inc	propext,Classical.choice,Quot.sound
MhFact_81c52cea8147de67	RH2F.stub_inj	propext,Classical.choice,Quot.sound
MhFact_81c52cea8147de67	RH2F.stub_set	propext,Classical.choice,Quot.sound
MhFact_81c52cea8147de67	RH2F.two_le_side	propext,Classical.choice,Quot.sound
MhFact_81c52cea8147de67	RH2F.two_le_vcount	propext,Classical.choice,Quot.sound
MhFact_81c52cea8147de67	RH2F.vcount_dig	propext,Classical.choice,Quot.sound
MhFact_81c52cea8147de67	RH2F.vert_cases	propext,Classical.choice,Quot.sound
MhFact_81c52cea8147de67	RH2F.wk.congr_simp	propext,Classical.choice,Quot.sound
MhFact_81c52cea8147de67	RH2F.wk_inv	propext,Classical.choice,Quot.sound
MhFact_81c52cea8147de67	RH2F.wk_step	propext,Classical.choice,Quot.sound
MhFact_83263f8970f3987b	RH2F.castAdd_ne_natAdd'	propext,Quot.sound
MhFact_83263f8970f3987b	RH2F.col_two	propext,Classical.choice,Quot.sound
MhFact_83263f8970f3987b	RH2F.compat_of_perm	propext,Classical.choice,Quot.sound
MhFact_83263f8970f3987b	RH2F.core_s1	propext
MhFact_83263f8970f3987b	RH2F.core_su	propext
MhFact_83263f8970f3987b	RH2F.fin3_others	propext,Quot.sound
MhFact_83263f8970f3987b	RH2F.layer24	propext,Classical.choice,Quot.sound
MhFact_83263f8970f3987b	RH2F.mcpole_comp	propext,Classical.choice,Quot.sound
MhFact_83263f8970f3987b	RH2F.noBlk5	propext,Classical.choice,Quot.sound
MhFact_83263f8970f3987b	RH2F.nonport_ends	propext,Classical.choice,Quot.sound
MhFact_83263f8970f3987b	RH2F.nonport_joins	propext,Classical.choice,Quot.sound
MhFact_83263f8970f3987b	RH2F.nrmInv_inj	propext
MhFact_83263f8970f3987b	RH2F.nrmInv_vals	propext
MhFact_83263f8970f3987b	RH2F.nrm_free	propext
MhFact_83263f8970f3987b	RH2F.nrm_inj	propext
MhFact_83263f8970f3987b	RH2F.nrm_spec	propext
MhFact_83263f8970f3987b	RH2F.perm_s1	propext
MhFact_83263f8970f3987b	RH2F.perm_su	propext
MhFact_83263f8970f3987b	RH2F.perms234.eq_1	propext
MhFact_83263f8970f3987b	RH2F.perms234_spec	propext
MhFact_83263f8970f3987b	RH2F.port_inc_old	propext,Classical.choice,Quot.sound
MhFact_83263f8970f3987b	RH2F.port_inc_x	propext,Classical.choice,Quot.sound
MhFact_83263f8970f3987b	RH2F.port_proper	propext,Classical.choice,Quot.sound
MhFact_83263f8970f3987b	RH2F.splitV_loopless	propext,Classical.choice,Quot.sound
MhFact_83263f8970f3987b	RH2F.vBlk_comp	propext,Classical.choice,Quot.sound
MhFact_83263f8970f3987b	RH2F.vBlk_comp'	propext,Classical.choice,Quot.sound
MhFact_83263f8970f3987b	RH2F.vCol_comp	propext,Classical.choice,Quot.sound
MhFact_83263f8970f3987b	RH2F.vCol_comp'	propext,Classical.choice,Quot.sound
MhFact_83263f8970f3987b	RH2F.vPole_inc_old'	propext,Classical.choice,Quot.sound
MhFact_83263f8970f3987b	RH2F.wred_a	propext,Classical.choice,Quot.sound
MhFact_83263f8970f3987b	RH2F.wred_c	propext,Classical.choice,Quot.sound
MhFact_83263f8970f3987b	RH2F.wred_d1	propext,Classical.choice,Quot.sound
MhFact_83263f8970f3987b	RH2F.wred_d2	propext,Classical.choice,Quot.sound
MhFact_83263f8970f3987b	RH2F.x_ne_v	
MhFact_85780d9a54267261	RH2F.Cut3.blk_hub	propext,Classical.choice,Quot.sound
MhFact_85780d9a54267261	RH2F.Cut3.col_hub	propext,Classical.choice,Quot.sound
MhFact_85780d9a54267261	RH2F.Cut3.pole_side	propext,Classical.choice,Quot.sound
MhFact_85780d9a54267261	RH2F.TriPiece.ext_gen	propext,Classical.choice,Quot.sound
MhFact_85780d9a54267261	RH2F.TriPiece.td_ext	propext,Classical.choice,Quot.sound
MhFact_85780d9a54267261	RH2F.TriPiece.td_of_tdl	propext,Classical.choice,Quot.sound
MhFact_85780d9a54267261	RH2F.glue_poles	propext,Classical.choice,Quot.sound
MhFact_85780d9a54267261	RH2F.h9_cii	propext,Quot.sound
MhFact_85780d9a54267261	RH2F.h9_ciii	propext,Quot.sound
MhFact_85780d9a54267261	RH2F.layer25	propext,Classical.choice,Quot.sound
MhFact_85780d9a54267261	RH2F.lshape_of_wcol_s1	propext,Classical.choice,Quot.sound
MhFact_85780d9a54267261	RH2F.sixth_colour	propext,Quot.sound
MhFact_85780d9a54267261	RH2F.tdtri_of_tdltri	propext,Classical.choice,Quot.sound
MhFact_85780d9a54267261	RH2F.two_rest	propext,Quot.sound
MhFact_90b4662cdeba097d	RH2F.Cut2.twoSided_all	propext,Classical.choice,Quot.sound
MhFact_90b4662cdeba097d	RH2F.colourable_congr	propext,Quot.sound
MhFact_90b4662cdeba097d	RH2F.compK.eq_1	
MhFact_90b4662cdeba097d	RH2F.compK_connected	propext,Classical.choice,Quot.sound
MhFact_90b4662cdeba097d	RH2F.compK_iff	propext
MhFact_90b4662cdeba097d	RH2F.compR.eq_1	
MhFact_90b4662cdeba097d	RH2F.compR_iff	propext
MhFact_90b4662cdeba097d	RH2F.cubic_of_part	
MhFact_90b4662cdeba097d	RH2F.cut_of_part	propext,Classical.choice,Quot.sound
MhFact_90b4662cdeba097d	RH2F.digon_cut	propext,Classical.choice,Quot.sound
MhFact_90b4662cdeba097d	RH2F.dmsI_all	propext,Classical.choice,Quot.sound
MhFact_90b4662cdeba097d	RH2F.dms_of_H_IID	propext,Classical.choice,Quot.sound
MhFact_90b4662cdeba097d	RH2F.edge_side	propext,Classical.choice,Quot.sound
MhFact_90b4662cdeba097d	RH2F.iiToDMSII_c	propext,Classical.choice,Quot.sound
MhFact_90b4662cdeba097d	RH2F.ii_of	propext,Classical.choice,Quot.sound
MhFact_90b4662cdeba097d	RH2F.iic_of	propext,Classical.choice,Quot.sound
MhFact_90b4662cdeba097d	RH2F.layer12	propext,Classical.choice,Quot.sound
MhFact_90b4662cdeba097d	RH2F.reach_edge	
MhFact_90b4662cdeba097d	RH2F.reach_inc	
MhFact_90b4662cdeba097d	RH2F.reach_self	
MhFact_90b4662cdeba097d	RH2F.vcount_compR	propext,Classical.choice,Quot.sound
MhFact_916ccd41e9db4312	RH2F.wTab14R_180_225	propext,Classical.choice,Quot.sound
MhFact_916ccd41e9db4312	RH2F.wTab14_180_len	
MhFact_916ccd41e9db4312	RH2F.wTab14_180_ok	propext
MhFact_916ccd41e9db4312	RH2F.wTab14_181_len	
MhFact_916ccd41e9db4312	RH2F.wTab14_181_ok	propext
MhFact_916ccd41e9db4312	RH2F.wTab14_182_len	
MhFact_916ccd41e9db4312	RH2F.wTab14_182_ok	propext
MhFact_916ccd41e9db4312	RH2F.wTab14_183_len	
MhFact_916ccd41e9db4312	RH2F.wTab14_183_ok	propext
MhFact_916ccd41e9db4312	RH2F.wTab14_184_len	
MhFact_916ccd41e9db4312	RH2F.wTab14_184_ok	propext
MhFact_916ccd41e9db4312	RH2F.wTab14_185_len	
MhFact_916ccd41e9db4312	RH2F.wTab14_185_ok	propext
MhFact_916ccd41e9db4312	RH2F.wTab14_186_len	
MhFact_916ccd41e9db4312	RH2F.wTab14_186_ok	propext
MhFact_916ccd41e9db4312	RH2F.wTab14_187_len	
MhFact_916ccd41e9db4312	RH2F.wTab14_187_ok	propext
MhFact_916ccd41e9db4312	RH2F.wTab14_188_len	
MhFact_916ccd41e9db4312	RH2F.wTab14_188_ok	propext
MhFact_916ccd41e9db4312	RH2F.wTab14_189_len	
MhFact_916ccd41e9db4312	RH2F.wTab14_189_ok	propext
MhFact_916ccd41e9db4312	RH2F.wTab14_190_len	
MhFact_916ccd41e9db4312	RH2F.wTab14_190_ok	propext
MhFact_916ccd41e9db4312	RH2F.wTab14_191_len	
MhFact_916ccd41e9db4312	RH2F.wTab14_191_ok	propext
MhFact_916ccd41e9db4312	RH2F.wTab14_192_len	
MhFact_916ccd41e9db4312	RH2F.wTab14_192_ok	propext
MhFact_916ccd41e9db4312	RH2F.wTab14_193_len	
MhFact_916ccd41e9db4312	RH2F.wTab14_193_ok	propext
MhFact_916ccd41e9db4312	RH2F.wTab14_194_len	
MhFact_916ccd41e9db4312	RH2F.wTab14_194_ok	propext
MhFact_916ccd41e9db4312	RH2F.wTab14_195_len	
MhFact_916ccd41e9db4312	RH2F.wTab14_195_ok	propext
MhFact_916ccd41e9db4312	RH2F.wTab14_196_len	
MhFact_916ccd41e9db4312	RH2F.wTab14_196_ok	propext
MhFact_916ccd41e9db4312	RH2F.wTab14_197_len	
MhFact_916ccd41e9db4312	RH2F.wTab14_197_ok	propext
MhFact_916ccd41e9db4312	RH2F.wTab14_198_len	
MhFact_916ccd41e9db4312	RH2F.wTab14_198_ok	propext
MhFact_916ccd41e9db4312	RH2F.wTab14_199_len	
MhFact_916ccd41e9db4312	RH2F.wTab14_199_ok	propext
MhFact_916ccd41e9db4312	RH2F.wTab14_200_len	
MhFact_916ccd41e9db4312	RH2F.wTab14_200_ok	propext
MhFact_916ccd41e9db4312	RH2F.wTab14_201_len	
MhFact_916ccd41e9db4312	RH2F.wTab14_201_ok	propext
MhFact_916ccd41e9db4312	RH2F.wTab14_202_len	
MhFact_916ccd41e9db4312	RH2F.wTab14_202_ok	propext
MhFact_916ccd41e9db4312	RH2F.wTab14_203_len	
MhFact_916ccd41e9db4312	RH2F.wTab14_203_ok	propext
MhFact_916ccd41e9db4312	RH2F.wTab14_204_len	
MhFact_916ccd41e9db4312	RH2F.wTab14_204_ok	propext
MhFact_916ccd41e9db4312	RH2F.wTab14_205_len	
MhFact_916ccd41e9db4312	RH2F.wTab14_205_ok	propext
MhFact_916ccd41e9db4312	RH2F.wTab14_206_len	
MhFact_916ccd41e9db4312	RH2F.wTab14_206_ok	propext
MhFact_916ccd41e9db4312	RH2F.wTab14_207_len	
MhFact_916ccd41e9db4312	RH2F.wTab14_207_ok	propext
MhFact_916ccd41e9db4312	RH2F.wTab14_208_len	
MhFact_916ccd41e9db4312	RH2F.wTab14_208_ok	propext
MhFact_916ccd41e9db4312	RH2F.wTab14_209_len	
MhFact_916ccd41e9db4312	RH2F.wTab14_209_ok	propext
MhFact_916ccd41e9db4312	RH2F.wTab14_210_len	
MhFact_916ccd41e9db4312	RH2F.wTab14_210_ok	propext
MhFact_916ccd41e9db4312	RH2F.wTab14_211_len	
MhFact_916ccd41e9db4312	RH2F.wTab14_211_ok	propext
MhFact_916ccd41e9db4312	RH2F.wTab14_212_len	
MhFact_916ccd41e9db4312	RH2F.wTab14_212_ok	propext
MhFact_916ccd41e9db4312	RH2F.wTab14_213_len	
MhFact_916ccd41e9db4312	RH2F.wTab14_213_ok	propext
MhFact_916ccd41e9db4312	RH2F.wTab14_214_len	
MhFact_916ccd41e9db4312	RH2F.wTab14_214_ok	propext
MhFact_916ccd41e9db4312	RH2F.wTab14_215_len	
MhFact_916ccd41e9db4312	RH2F.wTab14_215_ok	propext
MhFact_916ccd41e9db4312	RH2F.wTab14_216_len	
MhFact_916ccd41e9db4312	RH2F.wTab14_216_ok	propext
MhFact_916ccd41e9db4312	RH2F.wTab14_217_len	
MhFact_916ccd41e9db4312	RH2F.wTab14_217_ok	propext
MhFact_916ccd41e9db4312	RH2F.wTab14_218_len	
MhFact_916ccd41e9db4312	RH2F.wTab14_218_ok	propext
MhFact_916ccd41e9db4312	RH2F.wTab14_219_len	
MhFact_916ccd41e9db4312	RH2F.wTab14_219_ok	propext
MhFact_916ccd41e9db4312	RH2F.wTab14_220_len	
MhFact_916ccd41e9db4312	RH2F.wTab14_220_ok	propext
MhFact_916ccd41e9db4312	RH2F.wTab14_221_len	
MhFact_916ccd41e9db4312	RH2F.wTab14_221_ok	propext
MhFact_916ccd41e9db4312	RH2F.wTab14_222_len	
MhFact_916ccd41e9db4312	RH2F.wTab14_222_ok	propext
MhFact_916ccd41e9db4312	RH2F.wTab14_223_len	
MhFact_916ccd41e9db4312	RH2F.wTab14_223_ok	propext
MhFact_916ccd41e9db4312	RH2F.wTab14_224_len	
MhFact_916ccd41e9db4312	RH2F.wTab14_224_ok	propext
MhFact_923511b69a46047e	RH2F.shPart4	propext,Classical.choice,Quot.sound
MhFact_923511b69a46047e	RH2F.shchk25_160	propext
MhFact_923511b69a46047e	RH2F.shchk25_170	propext
MhFact_923511b69a46047e	RH2F.shchk25_180	propext
MhFact_923511b69a46047e	RH2F.shchk25_190	propext
MhFact_923511b69a46047e	RH2F.shchk25_200	propext
MhFact_923511b69a46047e	RH2F.shchk25_210	propext
MhFact_923511b69a46047e	RH2F.shchk25_220	propext
MhFact_923511b69a46047e	RH2F.shchk25_230	propext
MhFact_923511b69a46047e	RH2F.shchk25_240	propext
MhFact_923511b69a46047e	RH2F.shfull25_160	propext,Classical.choice,Quot.sound
MhFact_923511b69a46047e	RH2F.shfull25_170	propext,Classical.choice,Quot.sound
MhFact_923511b69a46047e	RH2F.shfull25_180	propext,Classical.choice,Quot.sound
MhFact_923511b69a46047e	RH2F.shfull25_190	propext,Classical.choice,Quot.sound
MhFact_923511b69a46047e	RH2F.shfull25_200	propext,Classical.choice,Quot.sound
MhFact_923511b69a46047e	RH2F.shfull25_210	propext,Classical.choice,Quot.sound
MhFact_923511b69a46047e	RH2F.shfull25_220	propext,Classical.choice,Quot.sound
MhFact_923511b69a46047e	RH2F.shfull25_230	propext,Classical.choice,Quot.sound
MhFact_923511b69a46047e	RH2F.shfull25_240	propext,Classical.choice,Quot.sound
MhFact_923511b69a46047e	RH2F.shfullR25_160_250	propext,Classical.choice,Quot.sound
MhFact_96b352680829f174	RH2F.gB10_6	propext,Classical.choice,Quot.sound
MhFact_96b352680829f174	RH2F.gB10_7	propext,Classical.choice,Quot.sound
MhFact_96b352680829f174	RH2F.layer33_5	propext,Classical.choice,Quot.sound
MhFact_96b352680829f174	RH2F.pB10_6_0_ok	propext
MhFact_96b352680829f174	RH2F.pB10_6_12_ok	propext
MhFact_96b352680829f174	RH2F.pB10_6_18_ok	propext
MhFact_96b352680829f174	RH2F.pB10_6_24_ok	propext
MhFact_96b352680829f174	RH2F.pB10_6_30_ok	propext
MhFact_96b352680829f174	RH2F.pB10_6_36_ok	propext
MhFact_96b352680829f174	RH2F.pB10_6_42_ok	propext
MhFact_96b352680829f174	RH2F.pB10_6_48_ok	propext
MhFact_96b352680829f174	RH2F.pB10_6_54_ok	propext
MhFact_96b352680829f174	RH2F.pB10_6_6_ok	propext
MhFact_96b352680829f174	RH2F.pB10_7_0_ok	propext
MhFact_96b352680829f174	RH2F.pB10_7_12_ok	propext
MhFact_96b352680829f174	RH2F.pB10_7_18_ok	propext
MhFact_96b352680829f174	RH2F.pB10_7_6_ok	propext
MhFact_974f7197c1be8069	DmsIILean.dms_of_I_II	propext,Classical.choice,Quot.sound
MhFact_974f7197c1be8069	DmsIILean.minimal_impossible'	propext,Classical.choice,Quot.sound
MhFact_9e7dda3374e6b172	RH2F.Cut3.cases_P	propext
MhFact_9e7dda3374e6b172	RH2F.Cut3.castAdd_ne_natAdd	propext,Quot.sound
MhFact_9e7dda3374e6b172	RH2F.Cut3.cont_at	propext,Classical.choice,Quot.sound
MhFact_9e7dda3374e6b172	RH2F.Cut3.cont_cross	propext,Classical.choice,Quot.sound
MhFact_9e7dda3374e6b172	RH2F.Cut3.cont_noBlk	propext,Classical.choice,Quot.sound
MhFact_9e7dda3374e6b172	RH2F.Cut3.cut	
MhFact_9e7dda3374e6b172	RH2F.Cut3.cut_at_w	
MhFact_9e7dda3374e6b172	RH2F.Cut3.cut_at_y	
MhFact_9e7dda3374e6b172	RH2F.Cut3.dat_admissible	propext,Classical.choice,Quot.sound
MhFact_9e7dda3374e6b172	RH2F.Cut3.einj	
MhFact_9e7dda3374e6b172	RH2F.Cut3.ends_e	
MhFact_9e7dda3374e6b172	RH2F.Cut3.flipToCont_e	propext,Classical.choice,Quot.sound
MhFact_9e7dda3374e6b172	RH2F.Cut3.flipToCont_inA	propext,Classical.choice,Quot.sound
MhFact_9e7dda3374e6b172	RH2F.Cut3.flip_S	propext
MhFact_9e7dda3374e6b172	RH2F.Cut3.flip_flip_Blk	propext,Quot.sound
MhFact_9e7dda3374e6b172	RH2F.Cut3.flip_flip_Col	propext,Quot.sound
MhFact_9e7dda3374e6b172	RH2F.Cut3.flip_flip_inA	propext
MhFact_9e7dda3374e6b172	RH2F.Cut3.flip_flip_pole	propext
MhFact_9e7dda3374e6b172	RH2F.Cut3.flip_inA_hv	propext,Quot.sound
MhFact_9e7dda3374e6b172	RH2F.Cut3.flip_isCut	propext
MhFact_9e7dda3374e6b172	RH2F.Cut3.flip_pole_A	propext
MhFact_9e7dda3374e6b172	RH2F.Cut3.flip_pole_cases	propext
MhFact_9e7dda3374e6b172	RH2F.Cut3.glue3	propext,Classical.choice,Quot.sound
MhFact_9e7dda3374e6b172	RH2F.Cut3.glue_D1	propext,Classical.choice,Quot.sound
MhFact_9e7dda3374e6b172	RH2F.Cut3.glue_mid3	propext,Classical.choice,Quot.sound
MhFact_9e7dda3374e6b172	RH2F.Cut3.glue_prop3	propext,Classical.choice,Quot.sound
MhFact_9e7dda3374e6b172	RH2F.Cut3.hP	
MhFact_9e7dda3374e6b172	RH2F.Cut3.hj	
MhFact_9e7dda3374e6b172	RH2F.Cut3.hubPorts_p	propext,Classical.choice,Quot.sound
MhFact_9e7dda3374e6b172	RH2F.Cut3.hubPorts_x	propext,Classical.choice,Quot.sound
MhFact_9e7dda3374e6b172	RH2F.Cut3.hub_distinct	propext,Classical.choice,Quot.sound
MhFact_9e7dda3374e6b172	RH2F.Cut3.hub_port	propext,Classical.choice,Quot.sound
MhFact_9e7dda3374e6b172	RH2F.Cut3.inA_at_y	propext
MhFact_9e7dda3374e6b172	RH2F.Cut3.inA_of_notcut	propext
MhFact_9e7dda3374e6b172	RH2F.Cut3.key3	propext,Classical.choice,Quot.sound
MhFact_9e7dda3374e6b172	RH2F.Cut3.mc_glue	propext,Classical.choice,Quot.sound
MhFact_9e7dda3374e6b172	RH2F.Cut3.mk.inj	
MhFact_9e7dda3374e6b172	RH2F.Cut3.mk.injEq	propext
MhFact_9e7dda3374e6b172	RH2F.Cut3.mk.sizeOf_spec	
MhFact_9e7dda3374e6b172	RH2F.Cut3.not_flip_of_inA	propext
MhFact_9e7dda3374e6b172	RH2F.Cut3.not_inA_of_cut	
MhFact_9e7dda3374e6b172	RH2F.Cut3.pairB	propext
MhFact_9e7dda3374e6b172	RH2F.Cut3.pole_P	
MhFact_9e7dda3374e6b172	RH2F.Cut3.pole_joins	propext,Classical.choice,Quot.sound
MhFact_9e7dda3374e6b172	RH2F.Cut3.pole_mem	propext,Classical.choice,Quot.sound
MhFact_9e7dda3374e6b172	RH2F.Cut3.pole_of_D1	propext,Classical.choice,Quot.sound
MhFact_9e7dda3374e6b172	RH2F.Cut3.pole_of_D1_gen	propext,Classical.choice,Quot.sound
MhFact_9e7dda3374e6b172	RH2F.Cut3.pole_of_cont	propext,Classical.choice,Quot.sound
MhFact_9e7dda3374e6b172	RH2F.Cut3.pole_of_inc	propext,Classical.choice,Quot.sound
MhFact_9e7dda3374e6b172	RH2F.Cut3.side_of_inA	
MhFact_9e7dda3374e6b172	RH2F.Cut3.splitV_new	propext,Classical.choice,Quot.sound
MhFact_9e7dda3374e6b172	RH2F.Cut3.splitV_old	propext,Classical.choice,Quot.sound
MhFact_9e7dda3374e6b172	RH2F.Cut3.sw	
MhFact_9e7dda3374e6b172	RH2F.Cut3.sy	
MhFact_9e7dda3374e6b172	RH2F.Cut3.toCont.eq_1	propext,Classical.choice,Quot.sound
MhFact_9e7dda3374e6b172	RH2F.Cut3.toCont_e	propext,Classical.choice,Quot.sound
MhFact_9e7dda3374e6b172	RH2F.Cut3.toCont_flip_inA	propext,Classical.choice,Quot.sound
MhFact_9e7dda3374e6b172	RH2F.Cut3.toCont_inj	propext,Classical.choice,Quot.sound
MhFact_9e7dda3374e6b172	RH2F.Cut3.toCont_joins	propext,Classical.choice,Quot.sound
MhFact_9e7dda3374e6b172	RH2F.Cut3.toCont_mem	propext,Classical.choice,Quot.sound
MhFact_9e7dda3374e6b172	RH2F.Cut3.toCont_old	propext,Classical.choice,Quot.sound
MhFact_9e7dda3374e6b172	RH2F.Cut3.toPV.eq_1	propext,Classical.choice,Quot.sound
MhFact_9e7dda3374e6b172	RH2F.Cut3.toPV_A	propext,Classical.choice,Quot.sound
MhFact_9e7dda3374e6b172	RH2F.Cut3.toPV_inj_pole	propext,Classical.choice,Quot.sound
MhFact_9e7dda3374e6b172	RH2F.Cut3.toPV_w	propext,Classical.choice,Quot.sound
MhFact_9e7dda3374e6b172	RH2F.Cut3.toV.eq_1	propext,Quot.sound
MhFact_9e7dda3374e6b172	RH2F.Cut3.toV_A	propext,Quot.sound
MhFact_9e7dda3374e6b172	RH2F.Cut3.toV_B	propext,Quot.sound
MhFact_9e7dda3374e6b172	RH2F.Cut3.toV_ne	propext,Quot.sound
MhFact_9e7dda3374e6b172	RH2F.Cut3.winj	
MhFact_9e7dda3374e6b172	RH2F.Cut3.y_ne_w	
MhFact_9e7dda3374e6b172	RH2F.Cut3.yinj	
MhFact_9e7dda3374e6b172	RH2F.Ports.all	
MhFact_9e7dda3374e6b172	RH2F.Ports.hj	
MhFact_9e7dda3374e6b172	RH2F.Ports.hp	
MhFact_9e7dda3374e6b172	RH2F.Ports.mk.inj	
MhFact_9e7dda3374e6b172	RH2F.Ports.mk.injEq	propext
MhFact_9e7dda3374e6b172	RH2F.Ports.mk.sizeOf_spec	
MhFact_9e7dda3374e6b172	RH2F.Ports.pinj	
MhFact_9e7dda3374e6b172	RH2F.Ports.xinj	
MhFact_9e7dda3374e6b172	RH2F.addHub.eq_1	propext,Quot.sound
MhFact_9e7dda3374e6b172	RH2F.hNew.eq_1	propext,Quot.sound
MhFact_9e7dda3374e6b172	RH2F.hNew_inj	propext,Quot.sound
MhFact_9e7dda3374e6b172	RH2F.hOld.eq_1	propext,Quot.sound
MhFact_9e7dda3374e6b172	RH2F.hOld_inj	propext,Quot.sound
MhFact_9e7dda3374e6b172	RH2F.hOld_ne_hNew	propext,Quot.sound
MhFact_9e7dda3374e6b172	RH2F.hub.eq_1	propext,Quot.sound
MhFact_9e7dda3374e6b172	RH2F.hub_cases	propext,Quot.sound
MhFact_9e7dda3374e6b172	RH2F.hub_ends_new	propext,Classical.choice,Quot.sound
MhFact_9e7dda3374e6b172	RH2F.hub_ends_old	propext,Quot.sound
MhFact_9e7dda3374e6b172	RH2F.hub_inc_new	propext,Classical.choice,Quot.sound
MhFact_9e7dda3374e6b172	RH2F.hub_inc_new_hub	propext,Classical.choice,Quot.sound
MhFact_9e7dda3374e6b172	RH2F.hub_inc_old	propext,Quot.sound
MhFact_9e7dda3374e6b172	RH2F.hub_joins_old	propext,Quot.sound
MhFact_9e7dda3374e6b172	RH2F.hub_not_inc_old	propext,Quot.sound
MhFact_9e7dda3374e6b172	RH2F.hv.eq_1	propext,Quot.sound
MhFact_9e7dda3374e6b172	RH2F.hv_inj	propext,Quot.sound
MhFact_9e7dda3374e6b172	RH2F.hv_ne_hub	propext,Quot.sound
MhFact_9e7dda3374e6b172	RH2F.layer13	propext,Classical.choice,Quot.sound
MhFact_9e7dda3374e6b172	RH2F.mcol_emb	propext
MhFact_9e7dda3374e6b172	RH2F.splitV.eq_1	propext,Classical.choice,Quot.sound
MhFact_9e7dda3374e6b172	RH2F.splitV_ends_other	propext,Classical.choice,Quot.sound
MhFact_9e7dda3374e6b172	RH2F.splitV_ends_port	propext,Classical.choice,Quot.sound
MhFact_a030b9ec722eb795	RH2F.Cut2.small2sided	propext,Classical.choice,Quot.sound
MhFact_a030b9ec722eb795	RH2F.Cut2.twoSided_of_good	propext,Classical.choice,Quot.sound
MhFact_a030b9ec722eb795	RH2F.gE_leafEl_j	propext
MhFact_a030b9ec722eb795	RH2F.gE_leafEl_m	propext,Classical.choice,Quot.sound
MhFact_a030b9ec722eb795	RH2F.gE_leafEl_m1	propext,Classical.choice,Quot.sound
MhFact_a030b9ec722eb795	RH2F.gE_leafEl_old	propext
MhFact_a030b9ec722eb795	RH2F.gE_set_app_eq	propext
MhFact_a030b9ec722eb795	RH2F.gE_set_app_ne	propext
MhFact_a030b9ec722eb795	RH2F.good1_of_chk	propext,Quot.sound
MhFact_a030b9ec722eb795	RH2F.good_of_cert	propext,Quot.sound
MhFact_a030b9ec722eb795	RH2F.good_rep	propext,Quot.sound
MhFact_a030b9ec722eb795	RH2F.joins_vals	
MhFact_a030b9ec722eb795	RH2F.layer11	propext,Classical.choice,Quot.sound
MhFact_a030b9ec722eb795	RH2F.leafEl.eq_1	propext
MhFact_a030b9ec722eb795	RH2F.leafEl_length	propext
MhFact_a030b9ec722eb795	RH2F.leaf_ofList	propext,Classical.choice,Quot.sound
MhFact_a030b9ec722eb795	RH2F.leaf_of_cert	propext,Classical.choice,Quot.sound
MhFact_a030b9ec722eb795	RH2F.leaf_of_iso	propext,Classical.choice,Quot.sound
MhFact_a030b9ec722eb795	RH2F.leaf_rep	propext,Classical.choice,Quot.sound
MhFact_a030b9ec722eb795	RH2F.leaf_vtx	propext,Classical.choice,Quot.sound
MhFact_a030b9ec722eb795	RH2F.lfc1	propext
MhFact_a030b9ec722eb795	RH2F.lfc2	propext
MhFact_a030b9ec722eb795	RH2F.lfc3	propext
MhFact_a030b9ec722eb795	RH2F.lv_val	propext
MhFact_a030b9ec722eb795	RH2F.mem_zlist	propext,Quot.sound
MhFact_a030b9ec722eb795	RH2F.repN_le4	
MhFact_a030b9ec722eb795	RH2F.repN_one	
MhFact_a030b9ec722eb795	RH2F.s1c10	propext
MhFact_a030b9ec722eb795	RH2F.s1c11	propext
MhFact_a030b9ec722eb795	RH2F.s1c12	propext
MhFact_a030b9ec722eb795	RH2F.s1c13	propext
MhFact_a030b9ec722eb795	RH2F.s1c14	propext
MhFact_a030b9ec722eb795	RH2F.s1c15	propext
MhFact_a030b9ec722eb795	RH2F.s1c16	propext
MhFact_a030b9ec722eb795	RH2F.s1c17	propext
MhFact_a030b9ec722eb795	RH2F.s1c18	propext
MhFact_a030b9ec722eb795	RH2F.s1c19	propext
MhFact_a030b9ec722eb795	RH2F.s1c2	propext
MhFact_a030b9ec722eb795	RH2F.s1c20	propext
MhFact_a030b9ec722eb795	RH2F.s1c21	propext
MhFact_a030b9ec722eb795	RH2F.s1c22	propext
MhFact_a030b9ec722eb795	RH2F.s1c23	propext
MhFact_a030b9ec722eb795	RH2F.s1c24	propext
MhFact_a030b9ec722eb795	RH2F.s1c25	propext
MhFact_a030b9ec722eb795	RH2F.s1c3	propext
MhFact_a030b9ec722eb795	RH2F.s1c4	propext
MhFact_a030b9ec722eb795	RH2F.s1c5	propext
MhFact_a030b9ec722eb795	RH2F.s1c6	propext
MhFact_a030b9ec722eb795	RH2F.s1c7	propext
MhFact_a030b9ec722eb795	RH2F.s1c8	propext
MhFact_a030b9ec722eb795	RH2F.s1c9	propext
MhFact_a030b9ec722eb795	RH2F.step2	propext,Classical.choice,Quot.sound
MhFact_a030b9ec722eb795	RH2F.vl_val	propext
MhFact_a030b9ec722eb795	RH2F.vx_val	propext
MhFact_a030b9ec722eb795	RH2F.zc_iff	propext,Quot.sound
MhFact_a030b9ec722eb795	RH2F.zlist_lt	propext,Quot.sound
MhFact_a8bfe25dadf921db	RH2F.cA12_0_len	
MhFact_a8bfe25dadf921db	RH2F.cA12_0_ok	propext
MhFact_a8bfe25dadf921db	RH2F.cA12_12_len	
MhFact_a8bfe25dadf921db	RH2F.cA12_12_ok	propext
MhFact_a8bfe25dadf921db	RH2F.cA12_18_len	
MhFact_a8bfe25dadf921db	RH2F.cA12_18_ok	propext
MhFact_a8bfe25dadf921db	RH2F.cA12_24_len	
MhFact_a8bfe25dadf921db	RH2F.cA12_24_ok	propext
MhFact_a8bfe25dadf921db	RH2F.cA12_30_len	
MhFact_a8bfe25dadf921db	RH2F.cA12_30_ok	propext
MhFact_a8bfe25dadf921db	RH2F.cA12_36_len	
MhFact_a8bfe25dadf921db	RH2F.cA12_36_ok	propext
MhFact_a8bfe25dadf921db	RH2F.cA12_42_len	
MhFact_a8bfe25dadf921db	RH2F.cA12_42_ok	propext
MhFact_a8bfe25dadf921db	RH2F.cA12_48_len	
MhFact_a8bfe25dadf921db	RH2F.cA12_48_ok	propext
MhFact_a8bfe25dadf921db	RH2F.cA12_54_len	
MhFact_a8bfe25dadf921db	RH2F.cA12_54_ok	propext
MhFact_a8bfe25dadf921db	RH2F.cA12_6_len	
MhFact_a8bfe25dadf921db	RH2F.cA12_6_ok	propext
MhFact_a8bfe25dadf921db	RH2F.layer32c	propext,Classical.choice,Quot.sound
MhFact_b536c7d8a4f139e4	RH2F.gB12_11	propext,Classical.choice,Quot.sound
MhFact_b536c7d8a4f139e4	RH2F.gB12_12	propext,Classical.choice,Quot.sound
MhFact_b536c7d8a4f139e4	RH2F.gB12_13	propext,Classical.choice,Quot.sound
MhFact_b536c7d8a4f139e4	RH2F.gB12_14	propext,Classical.choice,Quot.sound
MhFact_b536c7d8a4f139e4	RH2F.gB12_15	propext,Classical.choice,Quot.sound
MhFact_b536c7d8a4f139e4	RH2F.gB12_16	propext,Classical.choice,Quot.sound
MhFact_b536c7d8a4f139e4	RH2F.layer33_9	propext,Classical.choice,Quot.sound
MhFact_b536c7d8a4f139e4	RH2F.pB12_11_0_ok	propext
MhFact_b536c7d8a4f139e4	RH2F.pB12_11_12_ok	propext
MhFact_b536c7d8a4f139e4	RH2F.pB12_11_6_ok	propext
MhFact_b536c7d8a4f139e4	RH2F.pB12_12_0_ok	propext
MhFact_b536c7d8a4f139e4	RH2F.pB12_12_6_ok	propext
MhFact_b536c7d8a4f139e4	RH2F.pB12_13_0_ok	propext
MhFact_b536c7d8a4f139e4	RH2F.pB12_13_6_ok	propext
MhFact_b536c7d8a4f139e4	RH2F.pB12_14_0_ok	propext
MhFact_b536c7d8a4f139e4	RH2F.pB12_14_12_ok	propext
MhFact_b536c7d8a4f139e4	RH2F.pB12_14_6_ok	propext
MhFact_b536c7d8a4f139e4	RH2F.pB12_15_0_ok	propext
MhFact_b536c7d8a4f139e4	RH2F.pB12_15_12_ok	propext
MhFact_b536c7d8a4f139e4	RH2F.pB12_15_6_ok	propext
MhFact_b536c7d8a4f139e4	RH2F.pB12_16_0_ok	propext
MhFact_b536c7d8a4f139e4	RH2F.pB12_16_6_ok	propext
MhFact_b71709db7a82637a	RH2F.cB14_120_len	
MhFact_b71709db7a82637a	RH2F.cB14_120_ok	propext
MhFact_b71709db7a82637a	RH2F.cB14_126_len	
MhFact_b71709db7a82637a	RH2F.cB14_126_ok	propext
MhFact_b71709db7a82637a	RH2F.cB14_132_len	
MhFact_b71709db7a82637a	RH2F.cB14_132_ok	propext
MhFact_b71709db7a82637a	RH2F.cB14_138_len	
MhFact_b71709db7a82637a	RH2F.cB14_138_ok	propext
MhFact_b71709db7a82637a	RH2F.cB14_144_len	
MhFact_b71709db7a82637a	RH2F.cB14_144_ok	propext
MhFact_b71709db7a82637a	RH2F.cB14_150_len	
MhFact_b71709db7a82637a	RH2F.cB14_150_ok	propext
MhFact_b71709db7a82637a	RH2F.cB14_156_len	
MhFact_b71709db7a82637a	RH2F.cB14_156_ok	propext
MhFact_b71709db7a82637a	RH2F.cB14_162_len	
MhFact_b71709db7a82637a	RH2F.cB14_162_ok	propext
MhFact_b71709db7a82637a	RH2F.cB14_168_len	
MhFact_b71709db7a82637a	RH2F.cB14_168_ok	propext
MhFact_b71709db7a82637a	RH2F.cB14_174_len	
MhFact_b71709db7a82637a	RH2F.cB14_174_ok	propext
MhFact_b71709db7a82637a	RH2F.layer34_2	propext,Classical.choice,Quot.sound
MhFact_ba4d9c5abd0afd83	RH2F.iid16_of_ne	propext,Classical.choice,Quot.sound
MhFact_ba4d9c5abd0afd83	RH2F.layer37	propext,Classical.choice,Quot.sound
MhFact_bde9371a01dd2855	RH2F.TriPiece.pm_lift	propext,Classical.choice,Quot.sound
MhFact_bde9371a01dd2855	RH2F.TriPiece.pm_restrict	propext,Classical.choice,Quot.sound
MhFact_bde9371a01dd2855	RH2F.TriPiece.td_of_t1	propext,Classical.choice,Quot.sound
MhFact_bde9371a01dd2855	RH2F.TriPiece.tri_brick_td	propext,Classical.choice,Quot.sound
MhFact_bde9371a01dd2855	RH2F.hred14_step	propext,Classical.choice,Quot.sound
MhFact_bde9371a01dd2855	RH2F.hred14c_of	propext,Classical.choice,Quot.sound
MhFact_bde9371a01dd2855	RH2F.layer23	propext,Classical.choice,Quot.sound
MhFact_bde9371a01dd2855	RH2F.rootcs4	propext,Classical.choice,Quot.sound
MhFact_bde9371a01dd2855	RH2F.tdtri_of_t1tri	propext,Classical.choice,Quot.sound
MhFact_bde9371a01dd2855	RH2F.triPiece_of	propext,Classical.choice,Quot.sound
MhFact_c03bb6e1daa663e4	RH2F.wTab14R_0_45	propext,Classical.choice,Quot.sound
MhFact_c03bb6e1daa663e4	RH2F.wTab14_0_len	
MhFact_c03bb6e1daa663e4	RH2F.wTab14_0_ok	propext
MhFact_c03bb6e1daa663e4	RH2F.wTab14_10_len	
MhFact_c03bb6e1daa663e4	RH2F.wTab14_10_ok	propext
MhFact_c03bb6e1daa663e4	RH2F.wTab14_11_len	
MhFact_c03bb6e1daa663e4	RH2F.wTab14_11_ok	propext
MhFact_c03bb6e1daa663e4	RH2F.wTab14_12_len	
MhFact_c03bb6e1daa663e4	RH2F.wTab14_12_ok	propext
MhFact_c03bb6e1daa663e4	RH2F.wTab14_13_len	
MhFact_c03bb6e1daa663e4	RH2F.wTab14_13_ok	propext
MhFact_c03bb6e1daa663e4	RH2F.wTab14_14_len	
MhFact_c03bb6e1daa663e4	RH2F.wTab14_14_ok	propext
MhFact_c03bb6e1daa663e4	RH2F.wTab14_15_len	
MhFact_c03bb6e1daa663e4	RH2F.wTab14_15_ok	propext
MhFact_c03bb6e1daa663e4	RH2F.wTab14_16_len	
MhFact_c03bb6e1daa663e4	RH2F.wTab14_16_ok	propext
MhFact_c03bb6e1daa663e4	RH2F.wTab14_17_len	
MhFact_c03bb6e1daa663e4	RH2F.wTab14_17_ok	propext
MhFact_c03bb6e1daa663e4	RH2F.wTab14_18_len	
MhFact_c03bb6e1daa663e4	RH2F.wTab14_18_ok	propext
MhFact_c03bb6e1daa663e4	RH2F.wTab14_19_len	
MhFact_c03bb6e1daa663e4	RH2F.wTab14_19_ok	propext
MhFact_c03bb6e1daa663e4	RH2F.wTab14_1_len	
MhFact_c03bb6e1daa663e4	RH2F.wTab14_1_ok	propext
MhFact_c03bb6e1daa663e4	RH2F.wTab14_20_len	
MhFact_c03bb6e1daa663e4	RH2F.wTab14_20_ok	propext
MhFact_c03bb6e1daa663e4	RH2F.wTab14_21_len	
MhFact_c03bb6e1daa663e4	RH2F.wTab14_21_ok	propext
MhFact_c03bb6e1daa663e4	RH2F.wTab14_22_len	
MhFact_c03bb6e1daa663e4	RH2F.wTab14_22_ok	propext
MhFact_c03bb6e1daa663e4	RH2F.wTab14_23_len	
MhFact_c03bb6e1daa663e4	RH2F.wTab14_23_ok	propext
MhFact_c03bb6e1daa663e4	RH2F.wTab14_24_len	
MhFact_c03bb6e1daa663e4	RH2F.wTab14_24_ok	propext
MhFact_c03bb6e1daa663e4	RH2F.wTab14_25_len	
MhFact_c03bb6e1daa663e4	RH2F.wTab14_25_ok	propext
MhFact_c03bb6e1daa663e4	RH2F.wTab14_26_len	
MhFact_c03bb6e1daa663e4	RH2F.wTab14_26_ok	propext
MhFact_c03bb6e1daa663e4	RH2F.wTab14_27_len	
MhFact_c03bb6e1daa663e4	RH2F.wTab14_27_ok	propext
MhFact_c03bb6e1daa663e4	RH2F.wTab14_28_len	
MhFact_c03bb6e1daa663e4	RH2F.wTab14_28_ok	propext
MhFact_c03bb6e1daa663e4	RH2F.wTab14_29_len	
MhFact_c03bb6e1daa663e4	RH2F.wTab14_29_ok	propext
MhFact_c03bb6e1daa663e4	RH2F.wTab14_2_len	
MhFact_c03bb6e1daa663e4	RH2F.wTab14_2_ok	propext
MhFact_c03bb6e1daa663e4	RH2F.wTab14_30_len	
MhFact_c03bb6e1daa663e4	RH2F.wTab14_30_ok	propext
MhFact_c03bb6e1daa663e4	RH2F.wTab14_31_len	
MhFact_c03bb6e1daa663e4	RH2F.wTab14_31_ok	propext
MhFact_c03bb6e1daa663e4	RH2F.wTab14_32_len	
MhFact_c03bb6e1daa663e4	RH2F.wTab14_32_ok	propext
MhFact_c03bb6e1daa663e4	RH2F.wTab14_33_len	
MhFact_c03bb6e1daa663e4	RH2F.wTab14_33_ok	propext
MhFact_c03bb6e1daa663e4	RH2F.wTab14_34_len	
MhFact_c03bb6e1daa663e4	RH2F.wTab14_34_ok	propext
MhFact_c03bb6e1daa663e4	RH2F.wTab14_35_len	
MhFact_c03bb6e1daa663e4	RH2F.wTab14_35_ok	propext
MhFact_c03bb6e1daa663e4	RH2F.wTab14_36_len	
MhFact_c03bb6e1daa663e4	RH2F.wTab14_36_ok	propext
MhFact_c03bb6e1daa663e4	RH2F.wTab14_37_len	
MhFact_c03bb6e1daa663e4	RH2F.wTab14_37_ok	propext
MhFact_c03bb6e1daa663e4	RH2F.wTab14_38_len	
MhFact_c03bb6e1daa663e4	RH2F.wTab14_38_ok	propext
MhFact_c03bb6e1daa663e4	RH2F.wTab14_39_len	
MhFact_c03bb6e1daa663e4	RH2F.wTab14_39_ok	propext
MhFact_c03bb6e1daa663e4	RH2F.wTab14_3_len	
MhFact_c03bb6e1daa663e4	RH2F.wTab14_3_ok	propext
MhFact_c03bb6e1daa663e4	RH2F.wTab14_40_len	
MhFact_c03bb6e1daa663e4	RH2F.wTab14_40_ok	propext
MhFact_c03bb6e1daa663e4	RH2F.wTab14_41_len	
MhFact_c03bb6e1daa663e4	RH2F.wTab14_41_ok	propext
MhFact_c03bb6e1daa663e4	RH2F.wTab14_42_len	
MhFact_c03bb6e1daa663e4	RH2F.wTab14_42_ok	propext
MhFact_c03bb6e1daa663e4	RH2F.wTab14_43_len	
MhFact_c03bb6e1daa663e4	RH2F.wTab14_43_ok	propext
MhFact_c03bb6e1daa663e4	RH2F.wTab14_44_len	
MhFact_c03bb6e1daa663e4	RH2F.wTab14_44_ok	propext
MhFact_c03bb6e1daa663e4	RH2F.wTab14_4_len	
MhFact_c03bb6e1daa663e4	RH2F.wTab14_4_ok	propext
MhFact_c03bb6e1daa663e4	RH2F.wTab14_5_len	
MhFact_c03bb6e1daa663e4	RH2F.wTab14_5_ok	propext
MhFact_c03bb6e1daa663e4	RH2F.wTab14_6_len	
MhFact_c03bb6e1daa663e4	RH2F.wTab14_6_ok	propext
MhFact_c03bb6e1daa663e4	RH2F.wTab14_7_len	
MhFact_c03bb6e1daa663e4	RH2F.wTab14_7_ok	propext
MhFact_c03bb6e1daa663e4	RH2F.wTab14_8_len	
MhFact_c03bb6e1daa663e4	RH2F.wTab14_8_ok	propext
MhFact_c03bb6e1daa663e4	RH2F.wTab14_9_len	
MhFact_c03bb6e1daa663e4	RH2F.wTab14_9_ok	propext
MhFact_c156979f912a0408	RH2F.shPart3	propext,Classical.choice,Quot.sound
MhFact_c156979f912a0408	RH2F.shchk25_100	propext
MhFact_c156979f912a0408	RH2F.shchk25_110	propext
MhFact_c156979f912a0408	RH2F.shchk25_120	propext
MhFact_c156979f912a0408	RH2F.shchk25_130	propext
MhFact_c156979f912a0408	RH2F.shchk25_140	propext
MhFact_c156979f912a0408	RH2F.shchk25_150	propext
MhFact_c156979f912a0408	RH2F.shchk25_60	propext
MhFact_c156979f912a0408	RH2F.shchk25_70	propext
MhFact_c156979f912a0408	RH2F.shchk25_80	propext
MhFact_c156979f912a0408	RH2F.shchk25_90	propext
MhFact_c156979f912a0408	RH2F.shfull25_100	propext,Classical.choice,Quot.sound
MhFact_c156979f912a0408	RH2F.shfull25_110	propext,Classical.choice,Quot.sound
MhFact_c156979f912a0408	RH2F.shfull25_120	propext,Classical.choice,Quot.sound
MhFact_c156979f912a0408	RH2F.shfull25_130	propext,Classical.choice,Quot.sound
MhFact_c156979f912a0408	RH2F.shfull25_140	propext,Classical.choice,Quot.sound
MhFact_c156979f912a0408	RH2F.shfull25_150	propext,Classical.choice,Quot.sound
MhFact_c156979f912a0408	RH2F.shfull25_60	propext,Classical.choice,Quot.sound
MhFact_c156979f912a0408	RH2F.shfull25_70	propext,Classical.choice,Quot.sound
MhFact_c156979f912a0408	RH2F.shfull25_80	propext,Classical.choice,Quot.sound
MhFact_c156979f912a0408	RH2F.shfull25_90	propext,Classical.choice,Quot.sound
MhFact_c156979f912a0408	RH2F.shfullR25_60_160	propext,Classical.choice,Quot.sound
MhFact_c1bad3abf5f2e5e8	RH2F.cB10_10_ok	propext
MhFact_c1bad3abf5f2e5e8	RH2F.gB10_10	propext,Classical.choice,Quot.sound
MhFact_c1bad3abf5f2e5e8	RH2F.gB10_8	propext,Classical.choice,Quot.sound
MhFact_c1bad3abf5f2e5e8	RH2F.gB10_9	propext,Classical.choice,Quot.sound
MhFact_c1bad3abf5f2e5e8	RH2F.layer33_6	propext,Classical.choice,Quot.sound
MhFact_c1bad3abf5f2e5e8	RH2F.pB10_8_0_ok	propext
MhFact_c1bad3abf5f2e5e8	RH2F.pB10_8_12_ok	propext
MhFact_c1bad3abf5f2e5e8	RH2F.pB10_8_18_ok	propext
MhFact_c1bad3abf5f2e5e8	RH2F.pB10_8_6_ok	propext
MhFact_c1bad3abf5f2e5e8	RH2F.pB10_9_0_ok	propext
MhFact_c1bad3abf5f2e5e8	RH2F.pB10_9_12_ok	propext
MhFact_c1bad3abf5f2e5e8	RH2F.pB10_9_18_ok	propext
MhFact_c1bad3abf5f2e5e8	RH2F.pB10_9_6_ok	propext
MhFact_c3375be11cf311ee	RH2F.DigData.at_u_notpar	
MhFact_c3375be11cf311ee	RH2F.DigData.at_v_notpar	
MhFact_c3375be11cf311ee	RH2F.DigData.d1_par	
MhFact_c3375be11cf311ee	RH2F.DigData.d2_par	
MhFact_c3375be11cf311ee	RH2F.DigData.gu_ne_d1	
MhFact_c3375be11cf311ee	RH2F.DigData.gu_ne_d2	
MhFact_c3375be11cf311ee	RH2F.DigData.gu_notpar	
MhFact_c3375be11cf311ee	RH2F.DigData.gv_ne_d1	
MhFact_c3375be11cf311ee	RH2F.DigData.gv_ne_d2	
MhFact_c3375be11cf311ee	RH2F.DigData.gv_notpar	
MhFact_c3375be11cf311ee	RH2F.DigData.inc_d1_u	
MhFact_c3375be11cf311ee	RH2F.DigData.inc_d1_v	
MhFact_c3375be11cf311ee	RH2F.DigData.inc_d2_u	
MhFact_c3375be11cf311ee	RH2F.DigData.inc_d2_v	
MhFact_c3375be11cf311ee	RH2F.DigData.par_of	
MhFact_c3375be11cf311ee	RH2F.DigData.third_not_par	
MhFact_c3375be11cf311ee	RH2F.DigData.x_not_dig	propext,Classical.choice,Quot.sound
MhFact_c3375be11cf311ee	RH2F.DigData.y_not_dig	propext,Classical.choice,Quot.sound
MhFact_c3375be11cf311ee	RH2F.back_bridgeless	propext,Classical.choice,Quot.sound
MhFact_c3375be11cf311ee	RH2F.back_connected	propext,Classical.choice,Quot.sound
MhFact_c3375be11cf311ee	RH2F.back_no2cut	propext,Classical.choice,Quot.sound
MhFact_c3375be11cf311ee	RH2F.carrier_ends	propext,Classical.choice,Quot.sound
MhFact_c3375be11cf311ee	RH2F.carrier_inj	propext,Classical.choice,Quot.sound
MhFact_c3375be11cf311ee	RH2F.carrier_set	propext,Classical.choice,Quot.sound
MhFact_c3375be11cf311ee	RH2F.cross_cases	propext,Classical.choice,Quot.sound
MhFact_c3375be11cf311ee	RH2F.dg.congr_simp	propext,Classical.choice,Quot.sound
MhFact_c3375be11cf311ee	RH2F.dg_congr	propext,Classical.choice,Quot.sound
MhFact_c3375be11cf311ee	RH2F.dg_joins	propext,Classical.choice,Quot.sound
MhFact_c3375be11cf311ee	RH2F.dg_u	propext,Classical.choice,Quot.sound
MhFact_c3375be11cf311ee	RH2F.dg_v	propext,Classical.choice,Quot.sound
MhFact_c3375be11cf311ee	RH2F.digOf_spec	Classical.choice
MhFact_c3375be11cf311ee	RH2F.eN_ne2	propext,Classical.choice,Quot.sound
MhFact_c3375be11cf311ee	RH2F.edge_kinds	propext,Classical.choice,Quot.sound
MhFact_c3375be11cf311ee	RH2F.firstD_isPar	
MhFact_c3375be11cf311ee	RH2F.first_unique	propext,Classical.choice,Quot.sound
MhFact_c3375be11cf311ee	RH2F.hasm_converse	propext,Classical.choice,Quot.sound
MhFact_c3375be11cf311ee	RH2F.imgE_inj	propext,Classical.choice,Quot.sound
MhFact_c3375be11cf311ee	RH2F.imgE_spec	propext,Classical.choice,Quot.sound
MhFact_c3375be11cf311ee	RH2F.imgE_surj	propext,Classical.choice,Quot.sound
MhFact_c3375be11cf311ee	RH2F.inDig_iff	
MhFact_c3375be11cf311ee	RH2F.inner.eq_1	
MhFact_c3375be11cf311ee	RH2F.isPar_first	
MhFact_c3375be11cf311ee	RH2F.isPar_inc_dig	
MhFact_c3375be11cf311ee	RH2F.layer17	propext,Classical.choice,Quot.sound
MhFact_c3375be11cf311ee	RH2F.liftD.eq_1	propext,Classical.choice,Quot.sound
MhFact_c3375be11cf311ee	RH2F.liftD_const	propext,Classical.choice,Quot.sound
MhFact_c3375be11cf311ee	RH2F.liftD_dO	propext,Classical.choice,Quot.sound
MhFact_c3375be11cf311ee	RH2F.liftD_dU	propext,Classical.choice,Quot.sound
MhFact_c3375be11cf311ee	RH2F.liftD_dV	propext,Classical.choice,Quot.sound
MhFact_c3375be11cf311ee	RH2F.notpar_other	propext,Classical.choice,Quot.sound
MhFact_c3375be11cf311ee	RH2F.phiH_inj	propext,Classical.choice,Quot.sound
MhFact_c3375be11cf311ee	RH2F.phiH_out	propext,Classical.choice,Quot.sound
MhFact_c3375be11cf311ee	RH2F.phiH_u	propext,Classical.choice,Quot.sound
MhFact_c3375be11cf311ee	RH2F.phiH_v	propext,Classical.choice,Quot.sound
MhFact_c3375be11cf311ee	RH2F.psiH_inj	propext,Classical.choice,Quot.sound
MhFact_c3375be11cf311ee	RH2F.psiH_joins	propext,Classical.choice,Quot.sound
MhFact_c3375be11cf311ee	RH2F.psiH_mem	propext,Classical.choice,Quot.sound
MhFact_c3375be11cf311ee	RH2F.psiH_old	propext,Classical.choice,Quot.sound
MhFact_c3375be11cf311ee	RH2F.psiH_par	propext,Classical.choice,Quot.sound
MhFact_c3375be11cf311ee	RH2F.psiH_surj	propext,Classical.choice,Quot.sound
MhFact_c3375be11cf311ee	RH2F.psiH_thU	propext,Classical.choice,Quot.sound
MhFact_c3375be11cf311ee	RH2F.psiH_thV	propext,Classical.choice,Quot.sound
MhFact_c3375be11cf311ee	RH2F.psiH_val	propext,Classical.choice,Quot.sound
MhFact_c3375be11cf311ee	RH2F.scount_dig	propext,Classical.choice,Quot.sound
MhFact_c3375be11cf311ee	RH2F.simple_of_no2cut	propext,Classical.choice,Quot.sound
MhFact_c3375be11cf311ee	RH2F.supD.eq_1	propext,Classical.choice,Quot.sound
MhFact_c3375be11cf311ee	RH2F.supD_yN	propext,Classical.choice,Quot.sound
MhFact_c3375be11cf311ee	RH2F.supD_yO	propext,Classical.choice,Quot.sound
MhFact_c3375be11cf311ee	RH2F.supQ.eq_1	propext,Classical.choice,Quot.sound
MhFact_c3375be11cf311ee	RH2F.supQ_cubic	propext,Classical.choice,Quot.sound
MhFact_c3375be11cf311ee	RH2F.supQ_vertex	propext,Classical.choice,Quot.sound
MhFact_c3375be11cf311ee	RH2F.supQ_yN	propext,Classical.choice,Quot.sound
MhFact_c3375be11cf311ee	RH2F.supQ_yO	propext,Classical.choice,Quot.sound
MhFact_c3375be11cf311ee	RH2F.supY.eq_1	propext,Classical.choice,Quot.sound
MhFact_c3375be11cf311ee	RH2F.supY_ends_yN	propext,Classical.choice,Quot.sound
MhFact_c3375be11cf311ee	RH2F.supY_ends_yO	propext,Classical.choice,Quot.sound
MhFact_c3375be11cf311ee	RH2F.supY_loopless	propext,Classical.choice,Quot.sound
MhFact_c3375be11cf311ee	RH2F.sup_cases	propext,Classical.choice,Quot.sound
MhFact_c3375be11cf311ee	RH2F.third_cases	propext,Classical.choice,Quot.sound
MhFact_c3375be11cf311ee	RH2F.third_cases'	propext,Classical.choice,Quot.sound
MhFact_c3375be11cf311ee	RH2F.three_in_two	propext
MhFact_c3375be11cf311ee	RH2F.total_handshake	propext,Classical.choice,Quot.sound
MhFact_c3375be11cf311ee	RH2F.yN.eq_1	
MhFact_c3375be11cf311ee	RH2F.yN_inj	propext,Quot.sound
MhFact_c3375be11cf311ee	RH2F.yO.eq_1	
MhFact_c3375be11cf311ee	RH2F.yO_inj	
MhFact_c3375be11cf311ee	RH2F.yO_ne_yN	propext,Quot.sound
MhFact_c3375be11cf311ee	RH2Fid.Rep.ex1_iff	propext,Classical.choice,Quot.sound
MhFact_c3375be11cf311ee	RH2Fid.ex1_of_rep	propext,Classical.choice,Quot.sound
MhFact_c35583f86422a75a	RH2F.cov10_1	propext
MhFact_c35583f86422a75a	RH2F.cov10_10	propext
MhFact_c35583f86422a75a	RH2F.cov10_2	propext
MhFact_c35583f86422a75a	RH2F.cov10_5	propext
MhFact_c35583f86422a75a	RH2F.cov10_9	propext
MhFact_c35583f86422a75a	RH2F.cov12_1	propext
MhFact_c35583f86422a75a	RH2F.cov12_2	propext
MhFact_c35583f86422a75a	RH2F.cov12_23	propext
MhFact_c35583f86422a75a	RH2F.cov12_24	propext
MhFact_c35583f86422a75a	RH2F.cov12_25	propext
MhFact_c35583f86422a75a	RH2F.cov12_26	propext
MhFact_c35583f86422a75a	RH2F.cov12_27	propext
MhFact_c35583f86422a75a	RH2F.cov12_3	propext
MhFact_c35583f86422a75a	RH2F.cov12_32	propext
MhFact_c35583f86422a75a	RH2F.cov12_37	propext
MhFact_c35583f86422a75a	RH2F.cov12_38	propext
MhFact_c35583f86422a75a	RH2F.cov12_39	propext
MhFact_c35583f86422a75a	RH2F.cov12_4	propext
MhFact_c35583f86422a75a	RH2F.cov12_41	propext
MhFact_c35583f86422a75a	RH2F.cov12_44	propext
MhFact_c35583f86422a75a	RH2F.cov12_5	propext
MhFact_c35583f86422a75a	RH2F.cov12_8	propext
MhFact_c35583f86422a75a	RH2F.cov12_9	propext
MhFact_c35583f86422a75a	RH2F.cs10_10_0_ok	propext
MhFact_c35583f86422a75a	RH2F.cs10_10_ok	propext
MhFact_c35583f86422a75a	RH2F.cs10_1_0_ok	propext
MhFact_c35583f86422a75a	RH2F.cs10_1_1_ok	propext
MhFact_c35583f86422a75a	RH2F.cs10_1_ok	propext
MhFact_c35583f86422a75a	RH2F.cs10_2_0_ok	propext
MhFact_c35583f86422a75a	RH2F.cs10_2_1_ok	propext
MhFact_c35583f86422a75a	RH2F.cs10_2_ok	propext
MhFact_c35583f86422a75a	RH2F.cs10_5_0_ok	propext
MhFact_c35583f86422a75a	RH2F.cs10_5_1_ok	propext
MhFact_c35583f86422a75a	RH2F.cs10_5_2_ok	propext
MhFact_c35583f86422a75a	RH2F.cs10_5_3_ok	propext
MhFact_c35583f86422a75a	RH2F.cs10_5_4_ok	propext
MhFact_c35583f86422a75a	RH2F.cs10_5_5_ok	propext
MhFact_c35583f86422a75a	RH2F.cs10_5_6_ok	propext
MhFact_c35583f86422a75a	RH2F.cs10_5_7_ok	propext
MhFact_c35583f86422a75a	RH2F.cs10_5_ok	propext
MhFact_c35583f86422a75a	RH2F.cs10_9_0_ok	propext
MhFact_c35583f86422a75a	RH2F.cs10_9_1_ok	propext
MhFact_c35583f86422a75a	RH2F.cs10_9_2_ok	propext
MhFact_c35583f86422a75a	RH2F.cs10_9_3_ok	propext
MhFact_c35583f86422a75a	RH2F.cs10_9_4_ok	propext
MhFact_c35583f86422a75a	RH2F.cs10_9_ok	propext
MhFact_c35583f86422a75a	RH2F.cs12_1_0_ok	propext
MhFact_c35583f86422a75a	RH2F.cs12_1_ok	propext
MhFact_c35583f86422a75a	RH2F.cs12_23_0_ok	propext
MhFact_c35583f86422a75a	RH2F.cs12_23_1_ok	propext
MhFact_c35583f86422a75a	RH2F.cs12_23_2_ok	propext
MhFact_c35583f86422a75a	RH2F.cs12_23_ok	propext
MhFact_c35583f86422a75a	RH2F.cs12_24_0_ok	propext
MhFact_c35583f86422a75a	RH2F.cs12_24_1_ok	propext
MhFact_c35583f86422a75a	RH2F.cs12_24_2_ok	propext
MhFact_c35583f86422a75a	RH2F.cs12_24_3_ok	propext
MhFact_c35583f86422a75a	RH2F.cs12_24_4_ok	propext
MhFact_c35583f86422a75a	RH2F.cs12_24_5_ok	propext
MhFact_c35583f86422a75a	RH2F.cs12_24_ok	propext
MhFact_c35583f86422a75a	RH2F.cs12_25_0_ok	propext
MhFact_c35583f86422a75a	RH2F.cs12_25_1_ok	propext
MhFact_c35583f86422a75a	RH2F.cs12_25_2_ok	propext
MhFact_c35583f86422a75a	RH2F.cs12_25_ok	propext
MhFact_c35583f86422a75a	RH2F.cs12_26_0_ok	propext
MhFact_c35583f86422a75a	RH2F.cs12_26_1_ok	propext
MhFact_c35583f86422a75a	RH2F.cs12_26_2_ok	propext
MhFact_c35583f86422a75a	RH2F.cs12_26_ok	propext
MhFact_c35583f86422a75a	RH2F.cs12_27_0_ok	propext
MhFact_c35583f86422a75a	RH2F.cs12_27_1_ok	propext
MhFact_c35583f86422a75a	RH2F.cs12_27_2_ok	propext
MhFact_c35583f86422a75a	RH2F.cs12_27_3_ok	propext
MhFact_c35583f86422a75a	RH2F.cs12_27_4_ok	propext
MhFact_c35583f86422a75a	RH2F.cs12_27_5_ok	propext
MhFact_c35583f86422a75a	RH2F.cs12_27_ok	propext
MhFact_c35583f86422a75a	RH2F.cs12_2_0_ok	propext
MhFact_c35583f86422a75a	RH2F.cs12_2_1_ok	propext
MhFact_c35583f86422a75a	RH2F.cs12_2_ok	propext
MhFact_c35583f86422a75a	RH2F.cs12_32_0_ok	propext
MhFact_c35583f86422a75a	RH2F.cs12_32_1_ok	propext
MhFact_c35583f86422a75a	RH2F.cs12_32_ok	propext
MhFact_c35583f86422a75a	RH2F.cs12_37_0_ok	propext
MhFact_c35583f86422a75a	RH2F.cs12_37_1_ok	propext
MhFact_c35583f86422a75a	RH2F.cs12_37_2_ok	propext
MhFact_c35583f86422a75a	RH2F.cs12_37_3_ok	propext
MhFact_c35583f86422a75a	RH2F.cs12_37_4_ok	propext
MhFact_c35583f86422a75a	RH2F.cs12_37_5_ok	propext
MhFact_c35583f86422a75a	RH2F.cs12_37_ok	propext
MhFact_c35583f86422a75a	RH2F.cs12_38_0_ok	propext
MhFact_c35583f86422a75a	RH2F.cs12_38_1_ok	propext
MhFact_c35583f86422a75a	RH2F.cs12_38_2_ok	propext
MhFact_c35583f86422a75a	RH2F.cs12_38_3_ok	propext
MhFact_c35583f86422a75a	RH2F.cs12_38_4_ok	propext
MhFact_c35583f86422a75a	RH2F.cs12_38_5_ok	propext
MhFact_c35583f86422a75a	RH2F.cs12_38_ok	propext
MhFact_c35583f86422a75a	RH2F.cs12_39_0_ok	propext
MhFact_c35583f86422a75a	RH2F.cs12_39_1_ok	propext
MhFact_c35583f86422a75a	RH2F.cs12_39_2_ok	propext
MhFact_c35583f86422a75a	RH2F.cs12_39_ok	propext
MhFact_c35583f86422a75a	RH2F.cs12_3_0_ok	propext
MhFact_c35583f86422a75a	RH2F.cs12_3_ok	propext
MhFact_c35583f86422a75a	RH2F.cs12_41_0_ok	propext
MhFact_c35583f86422a75a	RH2F.cs12_41_1_ok	propext
MhFact_c35583f86422a75a	RH2F.cs12_41_ok	propext
MhFact_c35583f86422a75a	RH2F.cs12_44_0_ok	propext
MhFact_c35583f86422a75a	RH2F.cs12_44_ok	propext
MhFact_c35583f86422a75a	RH2F.cs12_4_0_ok	propext
MhFact_c35583f86422a75a	RH2F.cs12_4_ok	propext
MhFact_c35583f86422a75a	RH2F.cs12_5_0_ok	propext
MhFact_c35583f86422a75a	RH2F.cs12_5_1_ok	propext
MhFact_c35583f86422a75a	RH2F.cs12_5_ok	propext
MhFact_c35583f86422a75a	RH2F.cs12_8_0_ok	propext
MhFact_c35583f86422a75a	RH2F.cs12_8_1_ok	propext
MhFact_c35583f86422a75a	RH2F.cs12_8_ok	propext
MhFact_c35583f86422a75a	RH2F.cs12_9_0_ok	propext
MhFact_c35583f86422a75a	RH2F.cs12_9_ok	propext
MhFact_c35583f86422a75a	RH2F.hfe10R_0_14	propext,Classical.choice,Quot.sound
MhFact_c35583f86422a75a	RH2F.hfe10_0	propext,Classical.choice,Quot.sound
MhFact_c35583f86422a75a	RH2F.hfe10_1	propext,Classical.choice,Quot.sound
MhFact_c35583f86422a75a	RH2F.hfe10_10	propext,Classical.choice,Quot.sound
MhFact_c35583f86422a75a	RH2F.hfe10_11	propext,Classical.choice,Quot.sound
MhFact_c35583f86422a75a	RH2F.hfe10_12	propext,Classical.choice,Quot.sound
MhFact_c35583f86422a75a	RH2F.hfe10_13	propext,Classical.choice,Quot.sound
MhFact_c35583f86422a75a	RH2F.hfe10_2	propext,Classical.choice,Quot.sound
MhFact_c35583f86422a75a	RH2F.hfe10_3	propext,Classical.choice,Quot.sound
MhFact_c35583f86422a75a	RH2F.hfe10_4	propext,Classical.choice,Quot.sound
MhFact_c35583f86422a75a	RH2F.hfe10_5	propext,Classical.choice,Quot.sound
MhFact_c35583f86422a75a	RH2F.hfe10_6	propext,Classical.choice,Quot.sound
MhFact_c35583f86422a75a	RH2F.hfe10_7	propext,Classical.choice,Quot.sound
MhFact_c35583f86422a75a	RH2F.hfe10_8	propext,Classical.choice,Quot.sound
MhFact_c35583f86422a75a	RH2F.hfe10_9	propext,Classical.choice,Quot.sound
MhFact_c35583f86422a75a	RH2F.hfe12R_0_57	propext,Classical.choice,Quot.sound
MhFact_c35583f86422a75a	RH2F.hfe12_0	propext,Classical.choice,Quot.sound
MhFact_c35583f86422a75a	RH2F.hfe12_1	propext,Classical.choice,Quot.sound
MhFact_c35583f86422a75a	RH2F.hfe12_10	propext,Classical.choice,Quot.sound
MhFact_c35583f86422a75a	RH2F.hfe12_11	propext,Classical.choice,Quot.sound
MhFact_c35583f86422a75a	RH2F.hfe12_12	propext,Classical.choice,Quot.sound
MhFact_c35583f86422a75a	RH2F.hfe12_13	propext,Classical.choice,Quot.sound
MhFact_c35583f86422a75a	RH2F.hfe12_14	propext,Classical.choice,Quot.sound
MhFact_c35583f86422a75a	RH2F.hfe12_15	propext,Classical.choice,Quot.sound
MhFact_c35583f86422a75a	RH2F.hfe12_16	propext,Classical.choice,Quot.sound
MhFact_c35583f86422a75a	RH2F.hfe12_17	propext,Classical.choice,Quot.sound
MhFact_c35583f86422a75a	RH2F.hfe12_18	propext,Classical.choice,Quot.sound
MhFact_c35583f86422a75a	RH2F.hfe12_19	propext,Classical.choice,Quot.sound
MhFact_c35583f86422a75a	RH2F.hfe12_2	propext,Classical.choice,Quot.sound
MhFact_c35583f86422a75a	RH2F.hfe12_20	propext,Classical.choice,Quot.sound
MhFact_c35583f86422a75a	RH2F.hfe12_21	propext,Classical.choice,Quot.sound
MhFact_c35583f86422a75a	RH2F.hfe12_22	propext,Classical.choice,Quot.sound
MhFact_c35583f86422a75a	RH2F.hfe12_23	propext,Classical.choice,Quot.sound
MhFact_c35583f86422a75a	RH2F.hfe12_24	propext,Classical.choice,Quot.sound
MhFact_c35583f86422a75a	RH2F.hfe12_25	propext,Classical.choice,Quot.sound
MhFact_c35583f86422a75a	RH2F.hfe12_26	propext,Classical.choice,Quot.sound
MhFact_c35583f86422a75a	RH2F.hfe12_27	propext,Classical.choice,Quot.sound
MhFact_c35583f86422a75a	RH2F.hfe12_28	propext,Classical.choice,Quot.sound
MhFact_c35583f86422a75a	RH2F.hfe12_29	propext,Classical.choice,Quot.sound
MhFact_c35583f86422a75a	RH2F.hfe12_3	propext,Classical.choice,Quot.sound
MhFact_c35583f86422a75a	RH2F.hfe12_30	propext,Classical.choice,Quot.sound
MhFact_c35583f86422a75a	RH2F.hfe12_31	propext,Classical.choice,Quot.sound
MhFact_c35583f86422a75a	RH2F.hfe12_32	propext,Classical.choice,Quot.sound
MhFact_c35583f86422a75a	RH2F.hfe12_33	propext,Classical.choice,Quot.sound
MhFact_c35583f86422a75a	RH2F.hfe12_34	propext,Classical.choice,Quot.sound
MhFact_c35583f86422a75a	RH2F.hfe12_35	propext,Classical.choice,Quot.sound
MhFact_c35583f86422a75a	RH2F.hfe12_36	propext,Classical.choice,Quot.sound
MhFact_c35583f86422a75a	RH2F.hfe12_37	propext,Classical.choice,Quot.sound
MhFact_c35583f86422a75a	RH2F.hfe12_38	propext,Classical.choice,Quot.sound
MhFact_c35583f86422a75a	RH2F.hfe12_39	propext,Classical.choice,Quot.sound
MhFact_c35583f86422a75a	RH2F.hfe12_4	propext,Classical.choice,Quot.sound
MhFact_c35583f86422a75a	RH2F.hfe12_40	propext,Classical.choice,Quot.sound
MhFact_c35583f86422a75a	RH2F.hfe12_41	propext,Classical.choice,Quot.sound
MhFact_c35583f86422a75a	RH2F.hfe12_42	propext,Classical.choice,Quot.sound
MhFact_c35583f86422a75a	RH2F.hfe12_43	propext,Classical.choice,Quot.sound
MhFact_c35583f86422a75a	RH2F.hfe12_44	propext,Classical.choice,Quot.sound
MhFact_c35583f86422a75a	RH2F.hfe12_45	propext,Classical.choice,Quot.sound
MhFact_c35583f86422a75a	RH2F.hfe12_46	propext,Classical.choice,Quot.sound
MhFact_c35583f86422a75a	RH2F.hfe12_47	propext,Classical.choice,Quot.sound
MhFact_c35583f86422a75a	RH2F.hfe12_48	propext,Classical.choice,Quot.sound
MhFact_c35583f86422a75a	RH2F.hfe12_49	propext,Classical.choice,Quot.sound
MhFact_c35583f86422a75a	RH2F.hfe12_5	propext,Classical.choice,Quot.sound
MhFact_c35583f86422a75a	RH2F.hfe12_50	propext,Classical.choice,Quot.sound
MhFact_c35583f86422a75a	RH2F.hfe12_51	propext,Classical.choice,Quot.sound
MhFact_c35583f86422a75a	RH2F.hfe12_52	propext,Classical.choice,Quot.sound
MhFact_c35583f86422a75a	RH2F.hfe12_53	propext,Classical.choice,Quot.sound
MhFact_c35583f86422a75a	RH2F.hfe12_54	propext,Classical.choice,Quot.sound
MhFact_c35583f86422a75a	RH2F.hfe12_55	propext,Classical.choice,Quot.sound
MhFact_c35583f86422a75a	RH2F.hfe12_56	propext,Classical.choice,Quot.sound
MhFact_c35583f86422a75a	RH2F.hfe12_6	propext,Classical.choice,Quot.sound
MhFact_c35583f86422a75a	RH2F.hfe12_7	propext,Classical.choice,Quot.sound
MhFact_c35583f86422a75a	RH2F.hfe12_8	propext,Classical.choice,Quot.sound
MhFact_c35583f86422a75a	RH2F.hfe12_9	propext,Classical.choice,Quot.sound
MhFact_c35583f86422a75a	RH2F.hfe16R_0_607	propext,Classical.choice,Quot.sound
MhFact_c35583f86422a75a	RH2F.layer36c	propext,Classical.choice,Quot.sound
MhFact_c35583f86422a75a	RH2F.pF16_0R	propext,Classical.choice,Quot.sound
MhFact_c35583f86422a75a	RH2F.pF16_0_len	
MhFact_c35583f86422a75a	RH2F.pF16_0_ok	propext
MhFact_c35583f86422a75a	RH2F.pF16_112R	propext,Classical.choice,Quot.sound
MhFact_c35583f86422a75a	RH2F.pF16_112_len	
MhFact_c35583f86422a75a	RH2F.pF16_112_ok	propext
MhFact_c35583f86422a75a	RH2F.pF16_128R	propext,Classical.choice,Quot.sound
MhFact_c35583f86422a75a	RH2F.pF16_128_len	
MhFact_c35583f86422a75a	RH2F.pF16_128_ok	propext
MhFact_c35583f86422a75a	RH2F.pF16_144R	propext,Classical.choice,Quot.sound
MhFact_c35583f86422a75a	RH2F.pF16_144_len	
MhFact_c35583f86422a75a	RH2F.pF16_144_ok	propext
MhFact_c35583f86422a75a	RH2F.pF16_160R	propext,Classical.choice,Quot.sound
MhFact_c35583f86422a75a	RH2F.pF16_160_len	
MhFact_c35583f86422a75a	RH2F.pF16_160_ok	propext
MhFact_c35583f86422a75a	RH2F.pF16_16R	propext,Classical.choice,Quot.sound
MhFact_c35583f86422a75a	RH2F.pF16_16_len	
MhFact_c35583f86422a75a	RH2F.pF16_16_ok	propext
MhFact_c35583f86422a75a	RH2F.pF16_176R	propext,Classical.choice,Quot.sound
MhFact_c35583f86422a75a	RH2F.pF16_176_len	
MhFact_c35583f86422a75a	RH2F.pF16_176_ok	propext
MhFact_c35583f86422a75a	RH2F.pF16_192R	propext,Classical.choice,Quot.sound
MhFact_c35583f86422a75a	RH2F.pF16_192_len	
MhFact_c35583f86422a75a	RH2F.pF16_192_ok	propext
MhFact_c35583f86422a75a	RH2F.pF16_208R	propext,Classical.choice,Quot.sound
MhFact_c35583f86422a75a	RH2F.pF16_208_len	
MhFact_c35583f86422a75a	RH2F.pF16_208_ok	propext
MhFact_c35583f86422a75a	RH2F.pF16_224R	propext,Classical.choice,Quot.sound
MhFact_c35583f86422a75a	RH2F.pF16_224_len	
MhFact_c35583f86422a75a	RH2F.pF16_224_ok	propext
MhFact_c35583f86422a75a	RH2F.pF16_240R	propext,Classical.choice,Quot.sound
MhFact_c35583f86422a75a	RH2F.pF16_240_len	
MhFact_c35583f86422a75a	RH2F.pF16_240_ok	propext
MhFact_c35583f86422a75a	RH2F.pF16_256R	propext,Classical.choice,Quot.sound
MhFact_c35583f86422a75a	RH2F.pF16_256_len	
MhFact_c35583f86422a75a	RH2F.pF16_256_ok	propext
MhFact_c35583f86422a75a	RH2F.pF16_272R	propext,Classical.choice,Quot.sound
MhFact_c35583f86422a75a	RH2F.pF16_272_len	
MhFact_c35583f86422a75a	RH2F.pF16_272_ok	propext
MhFact_c35583f86422a75a	RH2F.pF16_288R	propext,Classical.choice,Quot.sound
MhFact_c35583f86422a75a	RH2F.pF16_288_len	
MhFact_c35583f86422a75a	RH2F.pF16_288_ok	propext
MhFact_c35583f86422a75a	RH2F.pF16_304R	propext,Classical.choice,Quot.sound
MhFact_c35583f86422a75a	RH2F.pF16_304_len	
MhFact_c35583f86422a75a	RH2F.pF16_304_ok	propext
MhFact_c35583f86422a75a	RH2F.pF16_320R	propext,Classical.choice,Quot.sound
MhFact_c35583f86422a75a	RH2F.pF16_320_len	
MhFact_c35583f86422a75a	RH2F.pF16_320_ok	propext
MhFact_c35583f86422a75a	RH2F.pF16_32R	propext,Classical.choice,Quot.sound
MhFact_c35583f86422a75a	RH2F.pF16_32_len	
MhFact_c35583f86422a75a	RH2F.pF16_32_ok	propext
MhFact_c35583f86422a75a	RH2F.pF16_336R	propext,Classical.choice,Quot.sound
MhFact_c35583f86422a75a	RH2F.pF16_336_len	
MhFact_c35583f86422a75a	RH2F.pF16_336_ok	propext
MhFact_c35583f86422a75a	RH2F.pF16_352R	propext,Classical.choice,Quot.sound
MhFact_c35583f86422a75a	RH2F.pF16_352_len	
MhFact_c35583f86422a75a	RH2F.pF16_352_ok	propext
MhFact_c35583f86422a75a	RH2F.pF16_368R	propext,Classical.choice,Quot.sound
MhFact_c35583f86422a75a	RH2F.pF16_368_len	
MhFact_c35583f86422a75a	RH2F.pF16_368_ok	propext
MhFact_c35583f86422a75a	RH2F.pF16_384R	propext,Classical.choice,Quot.sound
MhFact_c35583f86422a75a	RH2F.pF16_384_len	
MhFact_c35583f86422a75a	RH2F.pF16_384_ok	propext
MhFact_c35583f86422a75a	RH2F.pF16_400R	propext,Classical.choice,Quot.sound
MhFact_c35583f86422a75a	RH2F.pF16_400_len	
MhFact_c35583f86422a75a	RH2F.pF16_400_ok	propext
MhFact_c35583f86422a75a	RH2F.pF16_416R	propext,Classical.choice,Quot.sound
MhFact_c35583f86422a75a	RH2F.pF16_416_len	
MhFact_c35583f86422a75a	RH2F.pF16_416_ok	propext
MhFact_c35583f86422a75a	RH2F.pF16_432R	propext,Classical.choice,Quot.sound
MhFact_c35583f86422a75a	RH2F.pF16_432_len	
MhFact_c35583f86422a75a	RH2F.pF16_432_ok	propext
MhFact_c35583f86422a75a	RH2F.pF16_448R	propext,Classical.choice,Quot.sound
MhFact_c35583f86422a75a	RH2F.pF16_448_len	
MhFact_c35583f86422a75a	RH2F.pF16_448_ok	propext
MhFact_c35583f86422a75a	RH2F.pF16_464R	propext,Classical.choice,Quot.sound
MhFact_c35583f86422a75a	RH2F.pF16_464_len	
MhFact_c35583f86422a75a	RH2F.pF16_464_ok	propext
MhFact_c35583f86422a75a	RH2F.pF16_480R	propext,Classical.choice,Quot.sound
MhFact_c35583f86422a75a	RH2F.pF16_480_len	
MhFact_c35583f86422a75a	RH2F.pF16_480_ok	propext
MhFact_c35583f86422a75a	RH2F.pF16_48R	propext,Classical.choice,Quot.sound
MhFact_c35583f86422a75a	RH2F.pF16_48_len	
MhFact_c35583f86422a75a	RH2F.pF16_48_ok	propext
MhFact_c35583f86422a75a	RH2F.pF16_496R	propext,Classical.choice,Quot.sound
MhFact_c35583f86422a75a	RH2F.pF16_496_len	
MhFact_c35583f86422a75a	RH2F.pF16_496_ok	propext
MhFact_c35583f86422a75a	RH2F.pF16_512R	propext,Classical.choice,Quot.sound
MhFact_c35583f86422a75a	RH2F.pF16_512_len	
MhFact_c35583f86422a75a	RH2F.pF16_512_ok	propext
MhFact_c35583f86422a75a	RH2F.pF16_528R	propext,Classical.choice,Quot.sound
MhFact_c35583f86422a75a	RH2F.pF16_528_len	
MhFact_c35583f86422a75a	RH2F.pF16_528_ok	propext
MhFact_c35583f86422a75a	RH2F.pF16_544R	propext,Classical.choice,Quot.sound
MhFact_c35583f86422a75a	RH2F.pF16_544_len	
MhFact_c35583f86422a75a	RH2F.pF16_544_ok	propext
MhFact_c35583f86422a75a	RH2F.pF16_560R	propext,Classical.choice,Quot.sound
MhFact_c35583f86422a75a	RH2F.pF16_560_len	
MhFact_c35583f86422a75a	RH2F.pF16_560_ok	propext
MhFact_c35583f86422a75a	RH2F.pF16_576R	propext,Classical.choice,Quot.sound
MhFact_c35583f86422a75a	RH2F.pF16_576_len	
MhFact_c35583f86422a75a	RH2F.pF16_576_ok	propext
MhFact_c35583f86422a75a	RH2F.pF16_592R	propext,Classical.choice,Quot.sound
MhFact_c35583f86422a75a	RH2F.pF16_592_len	
MhFact_c35583f86422a75a	RH2F.pF16_592_ok	propext
MhFact_c35583f86422a75a	RH2F.pF16_64R	propext,Classical.choice,Quot.sound
MhFact_c35583f86422a75a	RH2F.pF16_64_len	
MhFact_c35583f86422a75a	RH2F.pF16_64_ok	propext
MhFact_c35583f86422a75a	RH2F.pF16_80R	propext,Classical.choice,Quot.sound
MhFact_c35583f86422a75a	RH2F.pF16_80_len	
MhFact_c35583f86422a75a	RH2F.pF16_80_ok	propext
MhFact_c35583f86422a75a	RH2F.pF16_96R	propext,Classical.choice,Quot.sound
MhFact_c35583f86422a75a	RH2F.pF16_96_len	
MhFact_c35583f86422a75a	RH2F.pF16_96_ok	propext
MhFact_c64b6bd62b78d841	RH2F.Cut2.XD_cases	propext,Quot.sound
MhFact_c64b6bd62b78d841	RH2F.Cut2.XD_ends_dl1	propext
MhFact_c64b6bd62b78d841	RH2F.Cut2.XD_ends_dl2	propext
MhFact_c64b6bd62b78d841	RH2F.Cut2.XD_ends_old	propext
MhFact_c64b6bd62b78d841	RH2F.Cut2.XD_inc_dl1	propext
MhFact_c64b6bd62b78d841	RH2F.Cut2.XD_inc_dl2	propext
MhFact_c64b6bd62b78d841	RH2F.Cut2.XD_inc_old	propext
MhFact_c64b6bd62b78d841	RH2F.Cut2.XD_joins_dl1	propext
MhFact_c64b6bd62b78d841	RH2F.Cut2.XD_joins_dl2	propext
MhFact_c64b6bd62b78d841	RH2F.Cut2.XD_joins_old	propext
MhFact_c64b6bd62b78d841	RH2F.Cut2.XD_loopless	propext,Quot.sound
MhFact_c64b6bd62b78d841	RH2F.Cut2.cl4_pend	propext,Quot.sound
MhFact_c64b6bd62b78d841	RH2F.Cut2.cl5	propext,Classical.choice,Quot.sound
MhFact_c64b6bd62b78d841	RH2F.Cut2.cloD_N_at_A	propext,Quot.sound
MhFact_c64b6bd62b78d841	RH2F.Cut2.cloD_bridgeless	propext,Classical.choice,Quot.sound
MhFact_c64b6bd62b78d841	RH2F.Cut2.cloD_connected	propext
MhFact_c64b6bd62b78d841	RH2F.Cut2.cloD_cubic	propext,Classical.choice,Quot.sound
MhFact_c64b6bd62b78d841	RH2F.Cut2.cloD_inG	propext,Classical.choice,Quot.sound
MhFact_c64b6bd62b78d841	RH2F.Cut2.cloD_old_iff	
MhFact_c64b6bd62b78d841	RH2F.Cut2.cloD_vertex	propext
MhFact_c64b6bd62b78d841	RH2F.Cut2.cloN_congr	
MhFact_c64b6bd62b78d841	RH2F.Cut2.cloN_glue	propext
MhFact_c64b6bd62b78d841	RH2F.Cut2.clo_bridgeless	propext
MhFact_c64b6bd62b78d841	RH2F.Cut2.clo_connected	propext
MhFact_c64b6bd62b78d841	RH2F.Cut2.clo_cubic	propext,Classical.choice,Quot.sound
MhFact_c64b6bd62b78d841	RH2F.Cut2.clo_inG	propext,Classical.choice,Quot.sound
MhFact_c64b6bd62b78d841	RH2F.Cut2.clo_loopless	propext,Quot.sound
MhFact_c64b6bd62b78d841	RH2F.Cut2.clo_side	propext
MhFact_c64b6bd62b78d841	RH2F.Cut2.coverA_of_clo	propext,Classical.choice,Quot.sound
MhFact_c64b6bd62b78d841	RH2F.Cut2.coverA_of_cloD	propext,Classical.choice,Quot.sound
MhFact_c64b6bd62b78d841	RH2F.Cut2.dl1_ne_dl2	
MhFact_c64b6bd62b78d841	RH2F.Cut2.dl_ne_A	
MhFact_c64b6bd62b78d841	RH2F.Cut2.e1_vals	
MhFact_c64b6bd62b78d841	RH2F.Cut2.e2_vals	
MhFact_c64b6bd62b78d841	RH2F.Cut2.flip_flip_S	propext
MhFact_c64b6bd62b78d841	RH2F.Cut2.flip_flip_clo	propext
MhFact_c64b6bd62b78d841	RH2F.Cut2.flip_flip_inA_iff	propext
MhFact_c64b6bd62b78d841	RH2F.Cut2.flip_flip_pole	propext
MhFact_c64b6bd62b78d841	RH2F.Cut2.flip_true	propext
MhFact_c64b6bd62b78d841	RH2F.Cut2.glueN_A	propext
MhFact_c64b6bd62b78d841	RH2F.Cut2.glueN_B	propext
MhFact_c64b6bd62b78d841	RH2F.Cut2.glueN_cut	propext
MhFact_c64b6bd62b78d841	RH2F.Cut2.glueN_symm	propext
MhFact_c64b6bd62b78d841	RH2F.Cut2.joins_inA	
MhFact_c64b6bd62b78d841	RH2F.Cut2.lift.eq_1	
MhFact_c64b6bd62b78d841	RH2F.Cut2.lift_A	propext
MhFact_c64b6bd62b78d841	RH2F.Cut2.lift_B	propext
MhFact_c64b6bd62b78d841	RH2F.Cut2.lift_flip	propext
MhFact_c64b6bd62b78d841	RH2F.Cut2.lift_inA	propext
MhFact_c64b6bd62b78d841	RH2F.Cut2.nonrung	propext
MhFact_c64b6bd62b78d841	RH2F.Cut2.oD_inj	
MhFact_c64b6bd62b78d841	RH2F.Cut2.oD_ne_dl1	
MhFact_c64b6bd62b78d841	RH2F.Cut2.oD_ne_dl2	
MhFact_c64b6bd62b78d841	RH2F.Cut2.pm_glue	propext,Classical.choice,Quot.sound
MhFact_c64b6bd62b78d841	RH2F.Cut2.pm_glue_side	propext,Classical.choice,Quot.sound
MhFact_c64b6bd62b78d841	RH2F.Cut2.pole_P	
MhFact_c64b6bd62b78d841	RH2F.Cut2.pole_clo_first	propext,Classical.choice,Quot.sound
MhFact_c64b6bd62b78d841	RH2F.Cut2.pole_cut_of_B	
MhFact_c64b6bd62b78d841	RH2F.Cut2.pole_meet_A	
MhFact_c64b6bd62b78d841	RH2F.Cut2.pole_mid_not_cut	
MhFact_c64b6bd62b78d841	RH2F.Cut2.pole_of_clo	propext,Classical.choice,Quot.sound
MhFact_c64b6bd62b78d841	RH2F.Cut2.pole_of_cloD	propext
MhFact_c64b6bd62b78d841	RH2F.Cut2.pole_of_inc	propext,Classical.choice,Quot.sound
MhFact_c64b6bd62b78d841	RH2F.Cut2.side	propext,Classical.choice,Quot.sound
MhFact_c64b6bd62b78d841	RH2F.Cut2.step5	propext,Classical.choice,Quot.sound
MhFact_c64b6bd62b78d841	RH2F.Cut2.toClo.eq_1	propext,Classical.choice,Quot.sound
MhFact_c64b6bd62b78d841	RH2F.Cut2.toClo_cut	propext,Classical.choice,Quot.sound
MhFact_c64b6bd62b78d841	RH2F.Cut2.toClo_inj	propext,Classical.choice,Quot.sound
MhFact_c64b6bd62b78d841	RH2F.Cut2.toClo_old	propext,Classical.choice,Quot.sound
MhFact_c64b6bd62b78d841	RH2F.Cut2.toClo_props	propext,Classical.choice,Quot.sound
MhFact_c64b6bd62b78d841	RH2F.Cut2.two_inA	propext
MhFact_c64b6bd62b78d841	RH2F.all234.eq_1	propext
MhFact_c64b6bd62b78d841	RH2F.all234_sound	propext
MhFact_c64b6bd62b78d841	RH2F.avoid5	propext
MhFact_c64b6bd62b78d841	RH2F.c4Chk_ok	propext
MhFact_c64b6bd62b78d841	RH2F.ex1On_congr	
MhFact_c64b6bd62b78d841	RH2F.ex1_2c	propext,Classical.choice,Quot.sound
MhFact_c64b6bd62b78d841	RH2F.ex1_2c''	propext,Classical.choice,Quot.sound
MhFact_c64b6bd62b78d841	RH2F.ex1_full	propext
MhFact_c64b6bd62b78d841	RH2F.glue_F	propext,Classical.choice,Quot.sound
MhFact_c64b6bd62b78d841	RH2F.glue_F_key	propext,Classical.choice,Quot.sound
MhFact_c64b6bd62b78d841	RH2F.glue_M	propext,Classical.choice,Quot.sound
MhFact_c64b6bd62b78d841	RH2F.glue_mid	propext,Classical.choice,Quot.sound
MhFact_c64b6bd62b78d841	RH2F.glue_prop	propext,Classical.choice,Quot.sound
MhFact_c64b6bd62b78d841	RH2F.layer2	propext,Classical.choice,Quot.sound
MhFact_c64b6bd62b78d841	RH2F.mc5_congr	propext
MhFact_c64b6bd62b78d841	RH2F.okc.eq_1	propext
MhFact_c64b6bd62b78d841	RH2F.p3Chk_ok	propext
MhFact_c64b6bd62b78d841	RH2F.p3_props	propext,Quot.sound
MhFact_c64b6bd62b78d841	RH2F.perm_4c	propext,Quot.sound
MhFact_c64b6bd62b78d841	RH2F.perm_two	propext
MhFact_c64b6bd62b78d841	RH2F.pick5_chk	propext
MhFact_c64b6bd62b78d841	RH2F.starOn_congr	
MhFact_c64b6bd62b78d841	RH2F.third_edge	
MhFact_c64b6bd62b78d841	RH2F.uniq3	propext,Classical.choice,Quot.sound
MhFact_c64b6bd62b78d841	RH2F.uniq_val	propext,Classical.choice,Quot.sound
MhFact_cc801c1ba060f9c7	RH2F.d1012_of	propext,Classical.choice,Quot.sound
MhFact_cc801c1ba060f9c7	RH2F.d14_of	propext,Classical.choice,Quot.sound
MhFact_cc801c1ba060f9c7	RH2F.dCovA10	propext
MhFact_cc801c1ba060f9c7	RH2F.dCovA4	propext
MhFact_cc801c1ba060f9c7	RH2F.dCovA6	propext
MhFact_cc801c1ba060f9c7	RH2F.dCovA8	propext
MhFact_cc801c1ba060f9c7	RH2F.dCovB10	propext
MhFact_cc801c1ba060f9c7	RH2F.dCovB12	propext
MhFact_cc801c1ba060f9c7	RH2F.dCovB4	propext
MhFact_cc801c1ba060f9c7	RH2F.dCovB6	propext
MhFact_cc801c1ba060f9c7	RH2F.dCovB8	propext
MhFact_cc801c1ba060f9c7	RH2F.good_of_pieces	propext,Classical.choice,Quot.sound
MhFact_cc801c1ba060f9c7	RH2F.layer31b	propext,Classical.choice,Quot.sound
MhFact_d39e578650322db3	RH2F.aTab12_0_len	
MhFact_d39e578650322db3	RH2F.aTab12_0_ok	propext
MhFact_d39e578650322db3	RH2F.aTab12_6_len	
MhFact_d39e578650322db3	RH2F.aTab12_6_ok	propext
MhFact_d39e578650322db3	RH2F.htab12_part1	propext,Classical.choice,Quot.sound
MhFact_def3ba43f6eccb6d	RH2F.cA4_0_ok	propext
MhFact_def3ba43f6eccb6d	RH2F.cA6_0_ok	propext
MhFact_def3ba43f6eccb6d	RH2F.cA8_0_ok	propext
MhFact_def3ba43f6eccb6d	RH2F.gA4_0	propext,Classical.choice,Quot.sound
MhFact_def3ba43f6eccb6d	RH2F.gA6_0	propext,Classical.choice,Quot.sound
MhFact_def3ba43f6eccb6d	RH2F.gA6_1	propext,Classical.choice,Quot.sound
MhFact_def3ba43f6eccb6d	RH2F.gA8_0	propext,Classical.choice,Quot.sound
MhFact_def3ba43f6eccb6d	RH2F.gA8_1	propext,Classical.choice,Quot.sound
MhFact_def3ba43f6eccb6d	RH2F.gA8_2	propext,Classical.choice,Quot.sound
MhFact_def3ba43f6eccb6d	RH2F.gA8_3	propext,Classical.choice,Quot.sound
MhFact_def3ba43f6eccb6d	RH2F.layer32a	propext,Classical.choice,Quot.sound
MhFact_def3ba43f6eccb6d	RH2F.pA6_1_0_ok	propext
MhFact_def3ba43f6eccb6d	RH2F.pA6_1_12_ok	propext
MhFact_def3ba43f6eccb6d	RH2F.pA6_1_6_ok	propext
MhFact_def3ba43f6eccb6d	RH2F.pA8_1_0_ok	propext
MhFact_def3ba43f6eccb6d	RH2F.pA8_1_6_ok	propext
MhFact_def3ba43f6eccb6d	RH2F.pA8_2_0_ok	propext
MhFact_def3ba43f6eccb6d	RH2F.pA8_2_12_ok	propext
MhFact_def3ba43f6eccb6d	RH2F.pA8_2_18_ok	propext
MhFact_def3ba43f6eccb6d	RH2F.pA8_2_24_ok	propext
MhFact_def3ba43f6eccb6d	RH2F.pA8_2_6_ok	propext
MhFact_def3ba43f6eccb6d	RH2F.pA8_3_0_ok	propext
MhFact_def3ba43f6eccb6d	RH2F.pA8_3_12_ok	propext
MhFact_def3ba43f6eccb6d	RH2F.pA8_3_6_ok	propext
MhFact_e1599bf3f3c26bdb	RH2F.aTab12_48_len	
MhFact_e1599bf3f3c26bdb	RH2F.aTab12_48_ok	propext
MhFact_e1599bf3f3c26bdb	RH2F.aTab12_54_len	
MhFact_e1599bf3f3c26bdb	RH2F.aTab12_54_ok	propext
MhFact_e1599bf3f3c26bdb	RH2F.htab12	propext,Classical.choice,Quot.sound
MhFact_e1599bf3f3c26bdb	RH2F.htab12_part5	propext,Classical.choice,Quot.sound
MhFact_e1599bf3f3c26bdb	RH2F.scl14	propext,Classical.choice,Quot.sound
MhFact_e63e13afc71071cb	RH2F.cB14_102_len	
MhFact_e63e13afc71071cb	RH2F.cB14_102_ok	propext
MhFact_e63e13afc71071cb	RH2F.cB14_108_len	
MhFact_e63e13afc71071cb	RH2F.cB14_108_ok	propext
MhFact_e63e13afc71071cb	RH2F.cB14_114_len	
MhFact_e63e13afc71071cb	RH2F.cB14_114_ok	propext
MhFact_e63e13afc71071cb	RH2F.cB14_60_len	
MhFact_e63e13afc71071cb	RH2F.cB14_60_ok	propext
MhFact_e63e13afc71071cb	RH2F.cB14_66_len	
MhFact_e63e13afc71071cb	RH2F.cB14_66_ok	propext
MhFact_e63e13afc71071cb	RH2F.cB14_72_len	
MhFact_e63e13afc71071cb	RH2F.cB14_72_ok	propext
MhFact_e63e13afc71071cb	RH2F.cB14_78_len	
MhFact_e63e13afc71071cb	RH2F.cB14_78_ok	propext
MhFact_e63e13afc71071cb	RH2F.cB14_84_len	
MhFact_e63e13afc71071cb	RH2F.cB14_84_ok	propext
MhFact_e63e13afc71071cb	RH2F.cB14_90_len	
MhFact_e63e13afc71071cb	RH2F.cB14_90_ok	propext
MhFact_e63e13afc71071cb	RH2F.cB14_96_len	
MhFact_e63e13afc71071cb	RH2F.cB14_96_ok	propext
MhFact_e63e13afc71071cb	RH2F.layer34_1	propext,Classical.choice,Quot.sound
MhFact_e68d717a207ff44f	RH2F.cB12_0_ok	propext
MhFact_e68d717a207ff44f	RH2F.cB12_1_ok	propext
MhFact_e68d717a207ff44f	RH2F.cB12_2_ok	propext
MhFact_e68d717a207ff44f	RH2F.cB12_3_ok	propext
MhFact_e68d717a207ff44f	RH2F.cB12_4_ok	propext
MhFact_e68d717a207ff44f	RH2F.cB12_5_ok	propext
MhFact_e68d717a207ff44f	RH2F.cB12_6_ok	propext
MhFact_e68d717a207ff44f	RH2F.cB12_7_ok	propext
MhFact_e68d717a207ff44f	RH2F.cB12_8_ok	propext
MhFact_e68d717a207ff44f	RH2F.cB12_9_ok	propext
MhFact_e68d717a207ff44f	RH2F.gB10_13	propext,Classical.choice,Quot.sound
MhFact_e68d717a207ff44f	RH2F.gB12_0	propext,Classical.choice,Quot.sound
MhFact_e68d717a207ff44f	RH2F.gB12_1	propext,Classical.choice,Quot.sound
MhFact_e68d717a207ff44f	RH2F.gB12_10	propext,Classical.choice,Quot.sound
MhFact_e68d717a207ff44f	RH2F.gB12_2	propext,Classical.choice,Quot.sound
MhFact_e68d717a207ff44f	RH2F.gB12_3	propext,Classical.choice,Quot.sound
MhFact_e68d717a207ff44f	RH2F.gB12_4	propext,Classical.choice,Quot.sound
MhFact_e68d717a207ff44f	RH2F.gB12_5	propext,Classical.choice,Quot.sound
MhFact_e68d717a207ff44f	RH2F.gB12_6	propext,Classical.choice,Quot.sound
MhFact_e68d717a207ff44f	RH2F.gB12_7	propext,Classical.choice,Quot.sound
MhFact_e68d717a207ff44f	RH2F.gB12_8	propext,Classical.choice,Quot.sound
MhFact_e68d717a207ff44f	RH2F.gB12_9	propext,Classical.choice,Quot.sound
MhFact_e68d717a207ff44f	RH2F.layer33_8	propext,Classical.choice,Quot.sound
MhFact_e68d717a207ff44f	RH2F.pB10_13_0_ok	propext
MhFact_e68d717a207ff44f	RH2F.pB10_13_12_ok	propext
MhFact_e68d717a207ff44f	RH2F.pB10_13_6_ok	propext
MhFact_e68d717a207ff44f	RH2F.pB12_10_0_ok	propext
MhFact_e68d717a207ff44f	RH2F.pB12_10_6_ok	propext
MhFact_ebeb33c568dfe4e4	RH2F.Cut2.meets_pole_of_A	propext,Classical.choice,Quot.sound
MhFact_ebeb33c568dfe4e4	RH2F.Cut2.orient	propext,Quot.sound
MhFact_ebeb33c568dfe4e4	RH2F.Cut2.poleData_of_clo	propext,Classical.choice,Quot.sound
MhFact_ebeb33c568dfe4e4	RH2F.Cut2.pole_iso	propext,Classical.choice,Quot.sound
MhFact_ebeb33c568dfe4e4	RH2F.Cut2.pole_vertex	propext
MhFact_ebeb33c568dfe4e4	RH2F.Cut2.recipeD_of_iso	propext,Classical.choice,Quot.sound
MhFact_ebeb33c568dfe4e4	RH2F.Cut2.recipeE_of_iso	propext,Classical.choice,Quot.sound
MhFact_ebeb33c568dfe4e4	RH2F.PoleData.a1_meets	
MhFact_ebeb33c568dfe4e4	RH2F.PoleData.a2_meets	
MhFact_ebeb33c568dfe4e4	RH2F.PoleData.certF	propext,Classical.choice,Quot.sound
MhFact_ebeb33c568dfe4e4	RH2F.PoleData.certM	propext,Classical.choice,Quot.sound
MhFact_ebeb33c568dfe4e4	RH2F.PoleData.cert_F	propext,Classical.choice,Quot.sound
MhFact_ebeb33c568dfe4e4	RH2F.PoleData.cert_M	propext,Classical.choice,Quot.sound
MhFact_ebeb33c568dfe4e4	RH2F.PoleData.coverF	propext,Classical.choice,Quot.sound
MhFact_ebeb33c568dfe4e4	RH2F.PoleData.coverM	propext,Classical.choice,Quot.sound
MhFact_ebeb33c568dfe4e4	RH2F.PoleData.cover_of	propext,Quot.sound
MhFact_ebeb33c568dfe4e4	RH2F.PoleData.entry_inside	propext,Classical.choice,Quot.sound
MhFact_ebeb33c568dfe4e4	RH2F.PoleData.entry_of_inside	propext,Quot.sound
MhFact_ebeb33c568dfe4e4	RH2F.PoleData.five_at	propext,Classical.choice,Quot.sound
MhFact_ebeb33c568dfe4e4	RH2F.PoleData.hA	propext,Quot.sound
MhFact_ebeb33c568dfe4e4	RH2F.PoleData.ha1	propext,Quot.sound
MhFact_ebeb33c568dfe4e4	RH2F.PoleData.ha2	propext,Quot.sound
MhFact_ebeb33c568dfe4e4	RH2F.PoleData.he1	propext,Quot.sound
MhFact_ebeb33c568dfe4e4	RH2F.PoleData.he2	propext,Quot.sound
MhFact_ebeb33c568dfe4e4	RH2F.PoleData.hel	propext,Quot.sound
MhFact_ebeb33c568dfe4e4	RH2F.PoleData.hin	propext,Quot.sound
MhFact_ebeb33c568dfe4e4	RH2F.PoleData.inc_iff	propext,Quot.sound
MhFact_ebeb33c568dfe4e4	RH2F.PoleData.insideT_true	
MhFact_ebeb33c568dfe4e4	RH2F.PoleData.iso	propext,Quot.sound
MhFact_ebeb33c568dfe4e4	RH2F.PoleData.jL	propext,Quot.sound
MhFact_ebeb33c568dfe4e4	RH2F.PoleData.mk.inj	propext,Quot.sound
MhFact_ebeb33c568dfe4e4	RH2F.PoleData.mk.injEq	propext,Quot.sound
MhFact_ebeb33c568dfe4e4	RH2F.PoleData.mk.sizeOf_spec	propext,Quot.sound
MhFact_ebeb33c568dfe4e4	RH2F.PoleData.nc	propext,Quot.sound
MhFact_ebeb33c568dfe4e4	RH2F.PoleData.ne_of_nbeq	propext
MhFact_ebeb33c568dfe4e4	RH2F.PoleData.noRung	propext,Quot.sound
MhFact_ebeb33c568dfe4e4	RH2F.PoleData.recipeD	propext,Classical.choice,Quot.sound
MhFact_ebeb33c568dfe4e4	RH2F.PoleData.recipeE	propext,Classical.choice,Quot.sound
MhFact_ebeb33c568dfe4e4	RH2F.PoleData.star	propext,Quot.sound
MhFact_ebeb33c568dfe4e4	RH2F.PoleData.tmeet	propext,Classical.choice,Quot.sound
MhFact_ebeb33c568dfe4e4	RH2F.PoleData.tsmall	propext,Classical.choice,Quot.sound
MhFact_ebeb33c568dfe4e4	RH2F.PoleData.tsmall_aux	propext,Classical.choice,Quot.sound
MhFact_ebeb33c568dfe4e4	RH2F.PoleData.φ_e1	propext,Quot.sound
MhFact_ebeb33c568dfe4e4	RH2F.PoleData.φ_e2	propext,Quot.sound
MhFact_ebeb33c568dfe4e4	RH2F.PoleData.φ_val	propext,Quot.sound
MhFact_ebeb33c568dfe4e4	RH2F.concMap_of_chk	propext,Classical.choice,Quot.sound
MhFact_ebeb33c568dfe4e4	RH2F.elOK_pole	propext,Quot.sound
MhFact_ebeb33c568dfe4e4	RH2F.ex1Full_of_cert	propext,Quot.sound
MhFact_ebeb33c568dfe4e4	RH2F.ex1On_of_iso	propext
MhFact_ebeb33c568dfe4e4	RH2F.ex1rep_1	propext
MhFact_ebeb33c568dfe4e4	RH2F.ex1rep_10	propext
MhFact_ebeb33c568dfe4e4	RH2F.ex1rep_11	propext
MhFact_ebeb33c568dfe4e4	RH2F.ex1rep_12	propext
MhFact_ebeb33c568dfe4e4	RH2F.ex1rep_13	propext
MhFact_ebeb33c568dfe4e4	RH2F.ex1rep_14	propext
MhFact_ebeb33c568dfe4e4	RH2F.ex1rep_15	propext
MhFact_ebeb33c568dfe4e4	RH2F.ex1rep_16	propext
MhFact_ebeb33c568dfe4e4	RH2F.ex1rep_17	propext
MhFact_ebeb33c568dfe4e4	RH2F.ex1rep_18	propext
MhFact_ebeb33c568dfe4e4	RH2F.ex1rep_19	propext
MhFact_ebeb33c568dfe4e4	RH2F.ex1rep_2	propext
MhFact_ebeb33c568dfe4e4	RH2F.ex1rep_20	propext
MhFact_ebeb33c568dfe4e4	RH2F.ex1rep_21	propext
MhFact_ebeb33c568dfe4e4	RH2F.ex1rep_22	propext
MhFact_ebeb33c568dfe4e4	RH2F.ex1rep_23	propext
MhFact_ebeb33c568dfe4e4	RH2F.ex1rep_24	propext
MhFact_ebeb33c568dfe4e4	RH2F.ex1rep_3	propext
MhFact_ebeb33c568dfe4e4	RH2F.ex1rep_5	propext
MhFact_ebeb33c568dfe4e4	RH2F.ex1rep_9	propext
MhFact_ebeb33c568dfe4e4	RH2F.insideT.eq_1	
MhFact_ebeb33c568dfe4e4	RH2F.isoFrom_iff	
MhFact_ebeb33c568dfe4e4	RH2F.isoMap_comp	
MhFact_ebeb33c568dfe4e4	RH2F.layer7	propext,Classical.choice,Quot.sound
MhFact_ebeb33c568dfe4e4	RH2F.mem_nb	propext,Quot.sound
MhFact_ebeb33c568dfe4e4	RH2F.nb_real	propext,Quot.sound
MhFact_ebeb33c568dfe4e4	RH2F.nbeq_false	
MhFact_ebeb33c568dfe4e4	RH2F.nbeq_true	propext
MhFact_ebeb33c568dfe4e4	RH2F.pm_at	propext,Quot.sound
MhFact_ebeb33c568dfe4e4	RH2F.pm_of_nb	propext,Quot.sound
MhFact_ebeb33c568dfe4e4	RH2F.poleEl.eq_1	propext
MhFact_ebeb33c568dfe4e4	RH2F.poleEl_j	propext
MhFact_ebeb33c568dfe4e4	RH2F.poleEl_last	propext,Classical.choice,Quot.sound
MhFact_ebeb33c568dfe4e4	RH2F.poleEl_length	propext
MhFact_ebeb33c568dfe4e4	RH2F.poleEl_old	propext
MhFact_ebeb33c568dfe4e4	RH2F.starOn_of_iso'	
MhFact_ebeb33c568dfe4e4	RH2F.star_of_fast2	propext,Quot.sound
MhFact_ebeb33c568dfe4e4	RH2F.typeB.eq_1	propext
MhFact_ebeb33c568dfe4e4	RH2F.typeB.eq_2	propext
MhFact_ebeb33c568dfe4e4	RH2F.typeB.eq_3	propext
MhFact_ebeb33c568dfe4e4	RH2F.typeB.eq_4	propext
MhFact_ebeb33c568dfe4e4	RH2F.typeB.eq_5	propext
MhFact_ebeb33c568dfe4e4	RH2F.typeB.eq_6	propext
MhFact_ebeb33c568dfe4e4	RH2F.typeB.eq_7	propext
MhFact_eff6661027b6cbd2	RH2F.allR_mem	propext,Quot.sound
MhFact_eff6661027b6cbd2	RH2F.anyR_mem	propext,Quot.sound
MhFact_eff6661027b6cbd2	RH2F.autOK_of_autOKB	propext,Classical.choice,Quot.sound
MhFact_eff6661027b6cbd2	RH2F.bitN_add_high	propext,Quot.sound
MhFact_eff6661027b6cbd2	RH2F.certRange_sound	propext,Classical.choice,Quot.sound
MhFact_eff6661027b6cbd2	RH2F.colF_proj	propext
MhFact_eff6661027b6cbd2	RH2F.compatGo_get	propext,Classical.choice,Quot.sound
MhFact_eff6661027b6cbd2	RH2F.concl_of_iso	propext,Classical.choice,Quot.sound
MhFact_eff6661027b6cbd2	RH2F.crossB_sound	propext,Quot.sound
MhFact_eff6661027b6cbd2	RH2F.decodeB_zero	propext,Classical.choice,Quot.sound
MhFact_eff6661027b6cbd2	RH2F.dfree_end	propext,Quot.sound
MhFact_eff6661027b6cbd2	RH2F.dfree_iso	
MhFact_eff6661027b6cbd2	RH2F.dfree_of_eligible	propext,Quot.sound
MhFact_eff6661027b6cbd2	RH2F.digClassB	propext,Classical.choice,Quot.sound
MhFact_eff6661027b6cbd2	RH2F.digClassC	propext,Classical.choice,Quot.sound
MhFact_eff6661027b6cbd2	RH2F.digClassZ	propext,Classical.choice,Quot.sound
MhFact_eff6661027b6cbd2	RH2F.digGrC_pos	propext,Quot.sound
MhFact_eff6661027b6cbd2	RH2F.dig_class_code	propext,Classical.choice,Quot.sound
MhFact_eff6661027b6cbd2	RH2F.dig_class_zero	propext,Classical.choice,Quot.sound
MhFact_eff6661027b6cbd2	RH2F.ex1Full_of_rep	propext,Quot.sound
MhFact_eff6661027b6cbd2	RH2F.ex3core_imp	propext,Quot.sound
MhFact_eff6661027b6cbd2	RH2F.extC.eq_1	propext
MhFact_eff6661027b6cbd2	RH2F.extC_new0	propext,Quot.sound
MhFact_eff6661027b6cbd2	RH2F.extC_new1	propext,Classical.choice,Quot.sound
MhFact_eff6661027b6cbd2	RH2F.extC_new2	propext,Classical.choice,Quot.sound
MhFact_eff6661027b6cbd2	RH2F.extC_old	propext,Quot.sound
MhFact_eff6661027b6cbd2	RH2F.ext_new_ne	propext,Classical.choice,Quot.sound
MhFact_eff6661027b6cbd2	RH2F.ext_proper_on	propext,Classical.choice,Quot.sound
MhFact_eff6661027b6cbd2	RH2F.fin_ne_of_val	
MhFact_eff6661027b6cbd2	RH2F.getR_mem	propext
MhFact_eff6661027b6cbd2	RH2F.hostCert_sound	propext,Classical.choice,Quot.sound
MhFact_eff6661027b6cbd2	RH2F.hostsOK_of_repsB	propext,Quot.sound
MhFact_eff6661027b6cbd2	RH2F.inc_of_ends	
MhFact_eff6661027b6cbd2	RH2F.inc_old'	propext,Quot.sound
MhFact_eff6661027b6cbd2	RH2F.isoFrom_of_rep	propext,Classical.choice,Quot.sound
MhFact_eff6661027b6cbd2	RH2F.jn_new0	propext,Quot.sound
MhFact_eff6661027b6cbd2	RH2F.jn_new1	propext,Classical.choice,Quot.sound
MhFact_eff6661027b6cbd2	RH2F.jn_new2	propext,Classical.choice,Quot.sound
MhFact_eff6661027b6cbd2	RH2F.jn_of_ends	propext
MhFact_eff6661027b6cbd2	RH2F.jn_old	propext,Quot.sound
MhFact_eff6661027b6cbd2	RH2F.layer31a	propext,Classical.choice,Quot.sound
MhFact_eff6661027b6cbd2	RH2F.leaf_ext	propext,Classical.choice,Quot.sound
MhFact_eff6661027b6cbd2	RH2F.leaf_ext_mc	propext,Classical.choice,Quot.sound
MhFact_eff6661027b6cbd2	RH2F.leaf_of_leafChkB	propext,Classical.choice,Quot.sound
MhFact_eff6661027b6cbd2	RH2F.lf_cases	propext,Quot.sound
MhFact_eff6661027b6cbd2	RH2F.lf_vcases	propext,Quot.sound
MhFact_eff6661027b6cbd2	RH2F.locB_sound	propext,Quot.sound
MhFact_eff6661027b6cbd2	RH2F.mem_nb3	propext,Quot.sound
MhFact_eff6661027b6cbd2	RH2F.ne_of_path	
MhFact_eff6661027b6cbd2	RH2F.newE_ne01	propext,Classical.choice,Quot.sound
MhFact_eff6661027b6cbd2	RH2F.newE_ne02	propext,Classical.choice,Quot.sound
MhFact_eff6661027b6cbd2	RH2F.newE_ne12	propext,Quot.sound
MhFact_eff6661027b6cbd2	RH2F.not_dfree_of_ndfB	propext,Quot.sound
MhFact_eff6661027b6cbd2	RH2F.orList.eq_1	propext
MhFact_eff6661027b6cbd2	RH2F.orbit_sound2	propext,Classical.choice,Quot.sound
MhFact_eff6661027b6cbd2	RH2F.popc_add_high	propext,Quot.sound
MhFact_eff6661027b6cbd2	RH2F.popc_le	propext,Quot.sound
MhFact_eff6661027b6cbd2	RH2F.proj_ok	propext,Quot.sound
MhFact_eff6661027b6cbd2	RH2F.raw_nox	propext,Classical.choice,Quot.sound
MhFact_eff6661027b6cbd2	RH2F.raw_x	propext,Classical.choice,Quot.sound
MhFact_eff6661027b6cbd2	RH2F.repChk_sound	propext,Classical.choice,Quot.sound
MhFact_eff6661027b6cbd2	RH2F.scB_sound	propext,Classical.choice,Quot.sound
MhFact_eff6661027b6cbd2	RH2F.testBit_orList	propext,Quot.sound
MhFact_eff6661027b6cbd2	RH2F.to_dig	propext,Classical.choice,Quot.sound
MhFact_eff6661027b6cbd2	RH2F.vl_ne_lv	propext,Quot.sound
MhFact_eff6661027b6cbd2	RH2F.vl_ne_vx	propext,Classical.choice,Quot.sound
MhFact_eff6661027b6cbd2	RH2F.vx_ne_lv	propext,Quot.sound
MhFact_f4c06558ba3030b8	RH2F.iid_of_ne'	propext,Classical.choice,Quot.sound
MhFact_f4c06558ba3030b8	RH2F.layer20	propext,Classical.choice,Quot.sound
MhFact_f4c06558ba3030b8	RH2F.leaf_rep25	propext,Classical.choice,Quot.sound
MhFact_f4c06558ba3030b8	RH2F.lfc10	propext
MhFact_f4c06558ba3030b8	RH2F.lfc11	propext
MhFact_f4c06558ba3030b8	RH2F.lfc12	propext
MhFact_f4c06558ba3030b8	RH2F.lfc13	propext
MhFact_f4c06558ba3030b8	RH2F.lfc14	propext
MhFact_f4c06558ba3030b8	RH2F.lfc15	propext
MhFact_f4c06558ba3030b8	RH2F.lfc16	propext
MhFact_f4c06558ba3030b8	RH2F.lfc17	propext
MhFact_f4c06558ba3030b8	RH2F.lfc18	propext
MhFact_f4c06558ba3030b8	RH2F.lfc19	propext
MhFact_f4c06558ba3030b8	RH2F.lfc20	propext
MhFact_f4c06558ba3030b8	RH2F.lfc21	propext
MhFact_f4c06558ba3030b8	RH2F.lfc22	propext
MhFact_f4c06558ba3030b8	RH2F.lfc23	propext
MhFact_f4c06558ba3030b8	RH2F.lfc24	propext
MhFact_f4c06558ba3030b8	RH2F.lfc25	propext
MhFact_f4c06558ba3030b8	RH2F.lfc4	propext
MhFact_f4c06558ba3030b8	RH2F.lfc5	propext
MhFact_f4c06558ba3030b8	RH2F.lfc6	propext
MhFact_f4c06558ba3030b8	RH2F.lfc7	propext
MhFact_f4c06558ba3030b8	RH2F.lfc8	propext
MhFact_f4c06558ba3030b8	RH2F.lfc9	propext
MhFact_f4c06558ba3030b8	RH2F.small_leaf	propext,Classical.choice,Quot.sound
MhFact_f645e06d2ce727a3	RH2F.wTab14R_315_341	propext,Classical.choice,Quot.sound
MhFact_f645e06d2ce727a3	RH2F.wTab14_315_len	
MhFact_f645e06d2ce727a3	RH2F.wTab14_315_ok	propext
MhFact_f645e06d2ce727a3	RH2F.wTab14_316_len	
MhFact_f645e06d2ce727a3	RH2F.wTab14_316_ok	propext
MhFact_f645e06d2ce727a3	RH2F.wTab14_317_len	
MhFact_f645e06d2ce727a3	RH2F.wTab14_317_ok	propext
MhFact_f645e06d2ce727a3	RH2F.wTab14_318_len	
MhFact_f645e06d2ce727a3	RH2F.wTab14_318_ok	propext
MhFact_f645e06d2ce727a3	RH2F.wTab14_319_len	
MhFact_f645e06d2ce727a3	RH2F.wTab14_319_ok	propext
MhFact_f645e06d2ce727a3	RH2F.wTab14_320_len	
MhFact_f645e06d2ce727a3	RH2F.wTab14_320_ok	propext
MhFact_f645e06d2ce727a3	RH2F.wTab14_321_len	
MhFact_f645e06d2ce727a3	RH2F.wTab14_321_ok	propext
MhFact_f645e06d2ce727a3	RH2F.wTab14_322_len	
MhFact_f645e06d2ce727a3	RH2F.wTab14_322_ok	propext
MhFact_f645e06d2ce727a3	RH2F.wTab14_323_len	
MhFact_f645e06d2ce727a3	RH2F.wTab14_323_ok	propext
MhFact_f645e06d2ce727a3	RH2F.wTab14_324_len	
MhFact_f645e06d2ce727a3	RH2F.wTab14_324_ok	propext
MhFact_f645e06d2ce727a3	RH2F.wTab14_325_len	
MhFact_f645e06d2ce727a3	RH2F.wTab14_325_ok	propext
MhFact_f645e06d2ce727a3	RH2F.wTab14_326_len	
MhFact_f645e06d2ce727a3	RH2F.wTab14_326_ok	propext
MhFact_f645e06d2ce727a3	RH2F.wTab14_327_len	
MhFact_f645e06d2ce727a3	RH2F.wTab14_327_ok	propext
MhFact_f645e06d2ce727a3	RH2F.wTab14_328_len	
MhFact_f645e06d2ce727a3	RH2F.wTab14_328_ok	propext
MhFact_f645e06d2ce727a3	RH2F.wTab14_329_len	
MhFact_f645e06d2ce727a3	RH2F.wTab14_329_ok	propext
MhFact_f645e06d2ce727a3	RH2F.wTab14_330_len	
MhFact_f645e06d2ce727a3	RH2F.wTab14_330_ok	propext
MhFact_f645e06d2ce727a3	RH2F.wTab14_331_len	
MhFact_f645e06d2ce727a3	RH2F.wTab14_331_ok	propext
MhFact_f645e06d2ce727a3	RH2F.wTab14_332_len	
MhFact_f645e06d2ce727a3	RH2F.wTab14_332_ok	propext
MhFact_f645e06d2ce727a3	RH2F.wTab14_333_len	
MhFact_f645e06d2ce727a3	RH2F.wTab14_333_ok	propext
MhFact_f645e06d2ce727a3	RH2F.wTab14_334_len	
MhFact_f645e06d2ce727a3	RH2F.wTab14_334_ok	propext
MhFact_f645e06d2ce727a3	RH2F.wTab14_335_len	
MhFact_f645e06d2ce727a3	RH2F.wTab14_335_ok	propext
MhFact_f645e06d2ce727a3	RH2F.wTab14_336_len	
MhFact_f645e06d2ce727a3	RH2F.wTab14_336_ok	propext
MhFact_f645e06d2ce727a3	RH2F.wTab14_337_len	
MhFact_f645e06d2ce727a3	RH2F.wTab14_337_ok	propext
MhFact_f645e06d2ce727a3	RH2F.wTab14_338_len	
MhFact_f645e06d2ce727a3	RH2F.wTab14_338_ok	propext
MhFact_f645e06d2ce727a3	RH2F.wTab14_339_len	
MhFact_f645e06d2ce727a3	RH2F.wTab14_339_ok	propext
MhFact_f645e06d2ce727a3	RH2F.wTab14_340_len	
MhFact_f645e06d2ce727a3	RH2F.wTab14_340_ok	propext
MhFact_f7fb58786d241d68	RH2F.Cut2.side_two_par	propext,Classical.choice,Quot.sound
MhFact_f7fb58786d241d68	RH2F.hengne	propext,Classical.choice,Quot.sound
MhFact_f7fb58786d241d68	RH2F.iid_of_ne	propext,Classical.choice,Quot.sound
MhFact_f7fb58786d241d68	RH2F.inS_of_simple	propext,Classical.choice,Quot.sound
MhFact_f7fb58786d241d68	RH2F.layer19	propext,Classical.choice,Quot.sound
MhFact_f7fb58786d241d68	RH2F.no2cut_of_simple	propext,Classical.choice,Quot.sound
MhFact_f7fb58786d241d68	RH2F.rootcs3	propext,Classical.choice,Quot.sound
MhFact_fbae65436c8cc8bf	RH2F.aTab10_0_len	
MhFact_fbae65436c8cc8bf	RH2F.aTab10_0_ok	propext
MhFact_fbae65436c8cc8bf	RH2F.aTab10_10_len	
MhFact_fbae65436c8cc8bf	RH2F.aTab10_10_ok	propext
MhFact_fbae65436c8cc8bf	RH2F.htab10	propext,Classical.choice,Quot.sound
MhFact_fbae65436c8cc8bf	RH2F.scl12	propext,Classical.choice,Quot.sound
MhFact_fe45f583e0b81581	RH2F.shPart1	propext,Classical.choice,Quot.sound
MhFact_fe45f583e0b81581	RH2F.shchk24_0	propext
MhFact_fe45f583e0b81581	RH2F.shchk24_10	propext
MhFact_fe45f583e0b81581	RH2F.shchk24_20	propext
MhFact_fe45f583e0b81581	RH2F.shchk24_30	propext
MhFact_fe45f583e0b81581	RH2F.shchk24_40	propext
MhFact_fe45f583e0b81581	RH2F.shchk24_50	propext
MhFact_fe45f583e0b81581	RH2F.shchk24_60	propext
MhFact_fe45f583e0b81581	RH2F.shchk24_70	propext
MhFact_fe45f583e0b81581	RH2F.shchk24_80	propext
MhFact_fe45f583e0b81581	RH2F.shchk3_0	propext
MhFact_fe45f583e0b81581	RH2F.shchk8_0	propext
MhFact_fe45f583e0b81581	RH2F.shchk8_10	propext
MhFact_fe45f583e0b81581	RH2F.shfull24_0	propext,Classical.choice,Quot.sound
MhFact_fe45f583e0b81581	RH2F.shfull24_10	propext,Classical.choice,Quot.sound
MhFact_fe45f583e0b81581	RH2F.shfull24_20	propext,Classical.choice,Quot.sound
MhFact_fe45f583e0b81581	RH2F.shfull24_30	propext,Classical.choice,Quot.sound
MhFact_fe45f583e0b81581	RH2F.shfull24_40	propext,Classical.choice,Quot.sound
MhFact_fe45f583e0b81581	RH2F.shfull24_50	propext,Classical.choice,Quot.sound
MhFact_fe45f583e0b81581	RH2F.shfull24_60	propext,Classical.choice,Quot.sound
MhFact_fe45f583e0b81581	RH2F.shfull24_70	propext,Classical.choice,Quot.sound
MhFact_fe45f583e0b81581	RH2F.shfull24_80	propext,Classical.choice,Quot.sound
MhFact_fe45f583e0b81581	RH2F.shfull3_0	propext,Classical.choice,Quot.sound
MhFact_fe45f583e0b81581	RH2F.shfull8_0	propext,Classical.choice,Quot.sound
MhFact_fe45f583e0b81581	RH2F.shfull8_10	propext,Classical.choice,Quot.sound
MhFact_fe45f583e0b81581	RH2F.shfullR24_0_90	propext,Classical.choice,Quot.sound
MhFact_fe45f583e0b81581	RH2F.shfullR3_0_1	propext,Classical.choice,Quot.sound
MhFact_fe45f583e0b81581	RH2F.shfullR8_0_13	propext,Classical.choice,Quot.sound
StarBottleneck	MGraph.colourable_of_five_at	propext,Quot.sound
StarBottleneck	MGraph.core_colourable_six	
StarBottleneck	MGraph.core_no_cut	propext,Classical.choice,Quot.sound
StarBottleneck	MGraph.core_not_five	propext,Classical.choice,Quot.sound
StarBottleneck	MGraph.joins_of_inc_ne	
StarBottleneck	MGraph.leaf_sharp_core	propext,Classical.choice,Quot.sound
StarBottleneck	MGraph.minimal_leaf_at	propext,Classical.choice,Quot.sound
StarBottleneck	MGraph.not_pendant_of_two	
StarBottleneck	MGraph.pendant_extend_on	propext
StarBottleneck	MGraph.pendant_free_at	propext
StarBottleneck	MGraph.pendants_disjoint	propext,Classical.choice,Quot.sound
StarCert	MGraph.k4subdiv_star6	propext,Quot.sound,MGraph.k4subdiv_star6._native.native_decide.ax_1_1
StarCert	MGraph.star_iff_explicit	propext
StarChecker	MGraph.mem_endsOf_of_joins	propext
StarChecker	MGraph.mem_incList	propext
StarChecker	MGraph.not_star_of_adj	propext
StarChecker	MGraph.not_star_of_adjBody	propext
StarChecker	MGraph.not_star_of_refuted	propext,Quot.sound
StarChecker	MGraph.not_star_of_walk	propext
StarChecker	MGraph.not_star_of_walkBody	propext
StarChecker	MGraph.starOn_of_check	propext,Quot.sound
StarChecker	MGraph.star_of_check	propext,Quot.sound
StarCompose	MGraph.castAdd_inj	
StarCompose	MGraph.castAdd_ne_natAdd	propext,Quot.sound
StarCompose	MGraph.five_of_matching	propext,Classical.choice,Quot.sound
StarCompose	MGraph.natAdd_inj	propext,Quot.sound
StarCompose	MGraph.seven_of_matching	propext,Classical.choice,Quot.sound
StarCompose	MGraph.starOn_compose	propext,Classical.choice,Quot.sound
StarCompose	MGraph.star_of_poor_matching	
StarCore	MGraph.BridgeCut.glue_U	propext
StarCore	MGraph.BridgeCut.glue_V	propext
StarCore	MGraph.BridgeCut.hu	
StarCore	MGraph.BridgeCut.hv	
StarCore	MGraph.BridgeCut.mk.inj	
StarCore	MGraph.BridgeCut.mk.injEq	propext
StarCore	MGraph.BridgeCut.mk.sizeOf_spec	
StarCore	MGraph.BridgeCut.not_onU_of_inc_v	
StarCore	MGraph.BridgeCut.onU_e	
StarCore	MGraph.BridgeCut.onU_iff_inc	
StarCore	MGraph.BridgeCut.onU_of_inc_u	
StarCore	MGraph.BridgeCut.same_side	propext
StarCore	MGraph.BridgeCut.sep	
StarCore	MGraph.Walk4.d01	
StarCore	MGraph.Walk4.d02	
StarCore	MGraph.Walk4.d03	
StarCore	MGraph.Walk4.d12	
StarCore	MGraph.Walk4.d13	
StarCore	MGraph.Walk4.d14	
StarCore	MGraph.Walk4.d23	
StarCore	MGraph.Walk4.d24	
StarCore	MGraph.Walk4.d34	
StarCore	MGraph.Walk4.e1_ne_e2	
StarCore	MGraph.Walk4.e1_ne_e3	
StarCore	MGraph.Walk4.e1_ne_e4	
StarCore	MGraph.Walk4.e2_ne_e3	
StarCore	MGraph.Walk4.e2_ne_e4	
StarCore	MGraph.Walk4.e3_ne_e4	
StarCore	MGraph.Walk4.h1	
StarCore	MGraph.Walk4.h2	
StarCore	MGraph.Walk4.h3	
StarCore	MGraph.Walk4.h4	
StarCore	MGraph.Walk4.inc_e1_v0	
StarCore	MGraph.Walk4.inc_e1_v1	
StarCore	MGraph.Walk4.inc_e2_v1	
StarCore	MGraph.Walk4.inc_e2_v2	
StarCore	MGraph.Walk4.inc_e3_v2	
StarCore	MGraph.Walk4.inc_e3_v3	
StarCore	MGraph.Walk4.inc_e4_v3	
StarCore	MGraph.Walk4.inc_e4_v4	
StarCore	MGraph.Walk4.mk.inj	
StarCore	MGraph.Walk4.mk.injEq	propext
StarCore	MGraph.Walk4.mk.sizeOf_spec	
StarCore	MGraph.castSucc_inj'	
StarCore	MGraph.castSucc_ne_last	
StarCore	MGraph.glue_bridge	propext,Classical.choice,Quot.sound
StarCore	MGraph.inc_of_joins	
StarCore	MGraph.joins_ends	
StarCore	MGraph.joins_inc_left	
StarCore	MGraph.joins_inc_right	
StarCore	MGraph.joins_unique	
StarCore	MGraph.mk.inj	
StarCore	MGraph.mk.injEq	propext
StarCore	MGraph.mk.sizeOf_spec	
StarCore	MGraph.pendant_extend	propext
StarCore	MGraph.starOn_map	
StarCore	MGraph.star_iff	
StarExtension	MGraph.castSucc_inj''	
StarExtension	MGraph.castSucc_ne_last'	
StarExtension	MGraph.colourable_iff_matching	propext,Classical.choice,Quot.sound
StarExtension	MGraph.dms_of_induced_matching	propext,Classical.choice,Quot.sound
StarExtension	MGraph.dms_of_matching_extension	propext,Classical.choice,Quot.sound
StarExtension	MGraph.dms_of_pendant_matching	propext,Classical.choice,Quot.sound
StarExtension	MGraph.relRainbow_of_star	
StarExtension	MGraph.starOn_compose_rel	propext,Classical.choice,Quot.sound
StarLeaf	MGraph.colourable_of_five	propext,Quot.sound
StarLeaf	MGraph.colourable_of_six_cover	propext,Quot.sound
StarLeaf	MGraph.further_one	propext,Classical.choice,Quot.sound
StarLeaf	MGraph.further_two	propext,Classical.choice,Quot.sound
StarLeaf	MGraph.inc_ne_unique	
StarLeaf	MGraph.minimal_leaf	propext,Classical.choice,Quot.sound
StarLeaf	MGraph.minimal_leaf_neighbour_degree	propext,Classical.choice,Quot.sound
StarLeaf	MGraph.minimal_leaf_rainbow	propext,Classical.choice,Quot.sound
StarLeaf	MGraph.minimal_leaf_six_edges	propext,Classical.choice,Quot.sound
StarLeaf	MGraph.pendant_free	propext
StarLeaf	MGraph.pigeon5	propext,Quot.sound
StarLeaf	MGraph.rainbow_of_blocked	propext,Quot.sound
StarMatching	MGraph.exists_joins_of_inc	
StarMatching	MGraph.joins_symm'	
StarMatching	MGraph.rainbow_of_star_matching	
StarMatching	MGraph.six_of_rainbow_five	propext,Classical.choice,Quot.sound
StarMatching	MGraph.starOn_compose_rainbow	propext,Classical.choice,Quot.sound
StarMatching	MGraph.star_iff_no_mutual_cross	
StarReduce	MGraph.CutOn.glue_U	propext
StarReduce	MGraph.CutOn.glue_V	propext
StarReduce	MGraph.CutOn.hu	
StarReduce	MGraph.CutOn.hv	
StarReduce	MGraph.CutOn.mk.inj	
StarReduce	MGraph.CutOn.mk.injEq	propext
StarReduce	MGraph.CutOn.mk.sizeOf_spec	
StarReduce	MGraph.CutOn.not_onU_of_inc_v	
StarReduce	MGraph.CutOn.onU_e	
StarReduce	MGraph.CutOn.onU_iff_inc	
StarReduce	MGraph.CutOn.onU_of_inc_u	
StarReduce	MGraph.CutOn.same_side	propext
StarReduce	MGraph.CutOn.sep	
StarReduce	MGraph.cardP_lt	propext,Classical.choice,Quot.sound
StarReduce	MGraph.dms_reduction	propext,Classical.choice,Quot.sound
StarReduce	MGraph.exists_minimal	propext,Classical.choice,Quot.sound
StarReduce	MGraph.glue_bridge_on	propext,Classical.choice,Quot.sound
StarReduce	MGraph.glue_bridge_six_on	propext,Classical.choice,Quot.sound
StarReduce	MGraph.mem_finRange'	propext
StarReduce	MGraph.minimal_no_bridge	propext,Classical.choice,Quot.sound
StarReduce	MGraph.other6_ne	propext
StarReduce	MGraph.two_colours_at	propext,Classical.choice,Quot.sound
StarRigid	MGraph.RigidLeaf.Pd1	
StarRigid	MGraph.RigidLeaf.Pd2	
StarRigid	MGraph.RigidLeaf.Pd3	
StarRigid	MGraph.RigidLeaf.Pd4	
StarRigid	MGraph.RigidLeaf.Pf	
StarRigid	MGraph.RigidLeaf.Pf1	
StarRigid	MGraph.RigidLeaf.Pf2	
StarRigid	MGraph.RigidLeaf.Pg	
StarRigid	MGraph.RigidLeaf.Pg1	
StarRigid	MGraph.RigidLeaf.Pg2	
StarRigid	MGraph.RigidLeaf.atv	
StarRigid	MGraph.RigidLeaf.atw1	
StarRigid	MGraph.RigidLeaf.atw2	
StarRigid	MGraph.RigidLeaf.c_f1f2	
StarRigid	MGraph.RigidLeaf.c_f1g1	
StarRigid	MGraph.RigidLeaf.c_f1g2	
StarRigid	MGraph.RigidLeaf.c_f2g1	
StarRigid	MGraph.RigidLeaf.c_f2g2	
StarRigid	MGraph.RigidLeaf.c_ff1	
StarRigid	MGraph.RigidLeaf.c_ff2	
StarRigid	MGraph.RigidLeaf.c_fg	
StarRigid	MGraph.RigidLeaf.c_fg1	
StarRigid	MGraph.RigidLeaf.c_fg2	
StarRigid	MGraph.RigidLeaf.c_g1g2	
StarRigid	MGraph.RigidLeaf.c_gf1	
StarRigid	MGraph.RigidLeaf.c_gf2	
StarRigid	MGraph.RigidLeaf.c_gg1	
StarRigid	MGraph.RigidLeaf.c_gg2	
StarRigid	MGraph.RigidLeaf.cd1	
StarRigid	MGraph.RigidLeaf.cd2	
StarRigid	MGraph.RigidLeaf.cd3	
StarRigid	MGraph.RigidLeaf.cd4	
StarRigid	MGraph.RigidLeaf.cover	
StarRigid	MGraph.RigidLeaf.d1f1	
StarRigid	MGraph.RigidLeaf.d2f2	
StarRigid	MGraph.RigidLeaf.d3g1	
StarRigid	MGraph.RigidLeaf.d4g2	
StarRigid	MGraph.RigidLeaf.fe	
StarRigid	MGraph.RigidLeaf.ge	
StarRigid	MGraph.RigidLeaf.jd1	
StarRigid	MGraph.RigidLeaf.jd2	
StarRigid	MGraph.RigidLeaf.jd3	
StarRigid	MGraph.RigidLeaf.jd4	
StarRigid	MGraph.RigidLeaf.jf	
StarRigid	MGraph.RigidLeaf.jf1	
StarRigid	MGraph.RigidLeaf.jf2	
StarRigid	MGraph.RigidLeaf.jg	
StarRigid	MGraph.RigidLeaf.jg1	
StarRigid	MGraph.RigidLeaf.jg2	
StarRigid	MGraph.RigidLeaf.mk.inj	
StarRigid	MGraph.RigidLeaf.mk.injEq	propext
StarRigid	MGraph.RigidLeaf.mk.sizeOf_spec	
StarRigid	MGraph.RigidLeaf.s1v	
StarRigid	MGraph.RigidLeaf.s1w1	
StarRigid	MGraph.RigidLeaf.s1x1	
StarRigid	MGraph.RigidLeaf.s2v	
StarRigid	MGraph.RigidLeaf.s2w1	
StarRigid	MGraph.RigidLeaf.s2x2	
StarRigid	MGraph.RigidLeaf.s3v	
StarRigid	MGraph.RigidLeaf.s3w2	
StarRigid	MGraph.RigidLeaf.s3z1	
StarRigid	MGraph.RigidLeaf.s4v	
StarRigid	MGraph.RigidLeaf.s4w2	
StarRigid	MGraph.RigidLeaf.s4z2	
StarRigid	MGraph.RigidLeaf.w12	
StarRigid	MGraph.RigidLeaf.w1v	
StarRigid	MGraph.RigidLeaf.w2v	
StarRigid	MGraph.RigidLeaf.x1v	
StarRigid	MGraph.RigidLeaf.x1w1	
StarRigid	MGraph.RigidLeaf.x1w2	
StarRigid	MGraph.RigidLeaf.x1z1	
StarRigid	MGraph.RigidLeaf.x1z2	
StarRigid	MGraph.RigidLeaf.x2v	
StarRigid	MGraph.RigidLeaf.x2w1	
StarRigid	MGraph.RigidLeaf.x2w2	
StarRigid	MGraph.RigidLeaf.x2z1	
StarRigid	MGraph.RigidLeaf.x2z2	
StarRigid	MGraph.RigidLeaf.z1v	
StarRigid	MGraph.RigidLeaf.z1w1	
StarRigid	MGraph.RigidLeaf.z1w2	
StarRigid	MGraph.RigidLeaf.z2v	
StarRigid	MGraph.RigidLeaf.z2w1	
StarRigid	MGraph.RigidLeaf.z2w2	
StarRigid	MGraph.at_v_two	
StarRigid	MGraph.blocked_source	propext,Classical.choice,Quot.sound
StarRigid	MGraph.further_eq	
StarRigid	MGraph.joins_other	
StarRigid	MGraph.joins_symm	
StarRigid	MGraph.leafFree_iff_nonRigid	propext,Classical.choice,Quot.sound
StarRigid	MGraph.minimal_leaf_rigid	propext,Classical.choice,Quot.sound
StarRigid	MGraph.ne_e_of_far	
StarRigid	MGraph.nonRigid_of_five	
StarRigid	MGraph.pendantReducible_iff_nonRigid	propext,Classical.choice,Quot.sound
StarRigid	MGraph.pendant_blocked	propext,Classical.choice,Quot.sound
StarRigid	MGraph.pendant_exact	propext
StarRigid	MGraph.rigid_blocks	propext
StarRigid	MGraph.rigid_no_alt_f	propext
StarRigid	MGraph.rigid_no_alt_g	propext
StarRigid	MGraph.starOn_mono	
StarSix	MGraph.eq_swap_of_swap_eq	
StarSix	MGraph.fixPerm_spec	propext
StarSix	MGraph.glue_bridge_six	propext,Classical.choice,Quot.sound
StarSix	MGraph.pick_spec	propext
StarSix	MGraph.swap.eq_1	
StarSix	MGraph.swap_a	propext
StarSix	MGraph.swap_b	propext
StarSix	MGraph.swap_inj	
StarSix	MGraph.swap_ne	propext
StarSix	MGraph.swap_swap	
StarVizing	MGraph.adj_symm	
StarVizing	MGraph.colourable_empty	
StarVizing	MGraph.colourable_iff_good_edge	propext,Classical.choice,Quot.sound
StarVizing	MGraph.kempe_eq	propext,Classical.choice,Quot.sound
StarVizing	MGraph.kempe_swap_starOn	propext,Classical.choice,Quot.sound
StarVizing	MGraph.starOn_extend	
StarVizing	MGraph.starOn_triple_repair	propext,Classical.choice,Quot.sound
