=== 2026-10-02 01:46:40 build of 62 modules, jobs=2
=== Lean (version 4.33.1, x86_64-unknown-linux-gnu, commit 819816b2e0a3bf405af45ae5c7af2491d8f5bee6, Release)
=== LEAN_PATH=/home/lead/danus-projects/star6/lean433/pack3/build:/home/lead/danus-projects/star6/lean433/pack3/.lake/packages/aesop/.lake/build/lib/lean:/home/lead/danus-projects/star6/lean433/pack3/.lake/packages/batteries/.lake/build/lib/lean:/home/lead/danus-projects/star6/lean433/pack3/.lake/packages/importGraph/.lake/build/lib/lean:/home/lead/danus-projects/star6/lean433/pack3/.lake/packages/LeanSearchClient/.lake/build/lib/lean:/home/lead/danus-projects/star6/lean433/pack3/.lake/packages/mathlib/.lake/build/lib/lean:/home/lead/danus-projects/star6/lean433/pack3/.lake/packages/plausible/.lake/build/lib/lean:/home/lead/danus-projects/star6/lean433/pack3/.lake/packages/proofwidgets/.lake/build/lib/lean:/home/lead/danus-projects/star6/lean433/pack3/.lake/packages/Qq/.lake/build/lib/lean
ok   StarCore 0.4s warnings=0
ok   StarSix 0.6s warnings=0
ok   StarReduce 0.3s warnings=0
ok   StarCompose 0.2s warnings=0
ok   StarMatching 0.2s warnings=0
ok   StarVizing 0.2s warnings=0
ok   StarCert 4.4s warnings=0
ok   StarChecker 0.3s warnings=0
ok   StarLeaf 8.3s warnings=0
ok   StarRigid 0.8s warnings=0
ok   StarBottleneck 0.3s warnings=0
ok   StarExtension 0.2s warnings=0
ok   MhFact_5c1eb3f583cf643f 15.3s warnings=2
ok   MhFact_974f7197c1be8069 0.3s warnings=0
ok   MhFact_7d291f6ca774e1da 2.0s warnings=2
ok   MhFact_c64b6bd62b78d841 0.9s warnings=0
ok   MhFact_657e581f1145250f 1.5s warnings=0
ok   MhFact_341b6e5e1be16205 2.7s warnings=0
FAIL MhFact_046773df0a672922 2.5s warnings=15
int: Omit it from the simp argument list.
  [apply] simp only [mem_univ, true_and, mem_insert, mem_singleton, MGraph.Inc]

Note: This linter can be disabled with `set_option linter.unusedSimpArgs false`
/home/lead/danus-projects/star6/lean433/pack3/src/MhFact_046773df0a672922.lean:50:36: warning: This simp argument is unused:
  mem_univ

Hint: Omit it from the simp argument list.
  [apply] simp only [mem_filter, true_and, mem_insert, mem_singleton, MGraph.Inc]

Note: This linter can be disabled with `set_option linter.unusedSimpArgs false`
/home/lead/danus-projects/star6/lean433/pack3/src/MhFact_046773df0a672922.lean:50:46: warning: This simp argument is unused:
  true_and

Hint: Omit it from the simp argument list.
  [apply] simp only [mem_filter, mem_univ, mem_insert, mem_singleton, MGraph.Inc]

Note: This linter can be disabled with `set_option linter.unusedSimpArgs false`
/home/lead/danus-projects/star6/lean433/pack3/src/MhFact_046773df0a672922.lean:56:24: warning: This simp argument is unused:
  mem_filter

Hint: Omit it from the simp argument list.
  [apply] simp only [mem_univ, true_and, mem_singleton, MGraph.Inc]

Note: This linter can be disabled with `set_option linter.unusedSimpArgs false`
/home/lead/danus-projects/star6/lean433/pack3/src/MhFact_046773df0a672922.lean:56:36: warning: This simp argument is unused:
  mem_univ

Hint: Omit it from the simp argument list.
  [apply] simp only [mem_filter, true_and, mem_singleton, MGraph.Inc]

Note: This linter can be disabled with `set_option linter.unusedSimpArgs false`
/home/lead/danus-projects/star6/lean433/pack3/src/MhFact_046773df0a672922.lean:56:46: warning: This simp argument is unused:
  true_and

Hint: Omit it from the simp argument list.
  [apply] simp only [mem_filter, mem_univ, mem_singleton, MGraph.Inc]

Note: This linter can be disabled with `set_option linter.unusedSimpArgs false`
/home/lead/danus-projects/star6/lean433/pack3/src/MhFact_046773df0a672922.lean:64:24: warning: This simp argument is unused:
  mem_filter

Hint: Omit it from the simp argument list.
  [apply] simp only [mem_univ, true_and, mem_singleton, MGraph.Inc]

Note: This linter can be disabled with `set_option linter.unusedSimpArgs false`
/home/lead/danus-projects/star6/lean433/pack3/src/MhFact_046773df0a672922.lean:64:36: warning: This simp argument is unused:
  mem_univ

Hint: Omit it from the simp argument list.
  [apply] simp only [mem_filter, true_and, mem_singleton, MGraph.Inc]

Note: This linter can be disabled with `set_option linter.unusedSimpArgs false`
/home/lead/danus-projects/star6/lean433/pack3/src/MhFact_046773df0a672922.lean:64:46: warning: This simp argument is unused:
  true_and

Hint: Omit it from the simp argument list.
  [apply] simp only [mem_filter, mem_univ, mem_singleton, MGraph.Inc]

Note: This linter can be disabled with `set_option linter.unusedSimpArgs false`
/home/lead/danus-projects/star6/lean433/pack3/src/MhFact_046773df0a672922.lean:72:24: warning: This simp argument is unused:
  mem_filter

Hint: Omit it from the simp argument list.
  [apply] simp only [mem_univ, true_and, Finset.notMem_empty, iff_false, MGraph.Inc]

Note: This linter can be disabled with `set_option linter.unusedSimpArgs false`
/home/lead/danus-projects/star6/lean433/pack3/src/MhFact_046773df0a672922.lean:72:36: warning: This simp argument is unused:
  mem_univ

Hint: Omit it from the simp argument list.
  [apply] simp only [mem_filter, true_and, Finset.notMem_empty, iff_false, MGraph.Inc]

Note: This linter can be disabled with `set_option linter.unusedSimpArgs false`
/home/lead/danus-projects/star6/lean433/pack3/src/MhFact_046773df0a672922.lean:72:46: warning: This simp argument is unused:
  true_and

Hint: Omit it from the simp argument list.
  [apply] simp only [mem_filter, mem_univ, Finset.notMem_empty, iff_false, MGraph.Inc]

Note: This linter can be disabled with `set_option linter.unusedSimpArgs false`
/home/lead/danus-projects/star6/lean433/pack3/src/MhFact_046773df0a672922.lean:119:10: error: Type mismatch
  fun x x_1 x_2 => ?m.16
has type
  (x : ?m.12) → (x_1 : ?m.17 x) → (x_2 : ?m.18 x x_1) → ?m.19 x x_1 x_2
but is expected to have type
  Std.Symm fun a b => a ≠ b ∧ ∃ f, P f ∧ X.Joins f ↑a ↑b
/home/lead/danus-projects/star6/lean433/pack3/src/MhFact_046773df0a672922.lean:120:14: error: Type mismatch
  fun x h => ?m.24
has type
  (x : ?m.21) → (h : ?m.25 x) → ?m.26 x h
but is expected to have type
  Std.Irrefl fun a b => a ≠ b ∧ ∃ f, P f ∧ X.Joins f ↑a ↑b
/home/lead/danus-projects/star6/lean433/pack3/src/MhFact_046773df0a672922.lean:119:18: error: Invalid `⟨...⟩` notation: The expected type of this term could not be determined
/home/lead/danus-projects/star6/lean433/pack3/src/MhFact_046773df0a672922.lean:120:25: error: Invalid projection: Type of
  h
is not known; cannot resolve projection `1`
/home/lead/danus-projects/star6/lean433/pack3/src/MhFact_046773df0a672922.lean:129:8: warning: This simp argument is unused:
  SimpleGraph.Subgraph.deleteVerts_verts

Hint: Omit it from the simp argument list.
  [apply] simp

Note: This linter can be disabled with `set_option linter.unusedSimpArgs false`
/home/lead/danus-projects/star6/lean433/pack3/src/MhFact_046773df0a672922.lean:135:8: warning: This simp argument is unused:
  SimpleGraph.Subgraph.deleteVerts_adj

Hint: Omit it from the simp argument list.
  [apply] simp [ha, hb]

Note: This linter can be disabled with `set_option linter.unusedSimpArgs false`
/home/lead/danus-projects/star6/lean433/pack3/src/MhFact_046773df0a672922.lean:433:8: error(lean.unknownIdentifier): Unknown constant `Set.Nat.card_coe_set_eq`
/home/lead/danus-projects/star6/lean433/pack3/src/MhFact_046773df0a672922.lean:495:6: warning: `push_neg` has been deprecated. Prefer using `push Not` instead.
If you'd rather continue using `push_neg` in your project, you can implement it as follows:
```
open Lean.Parser.Tactic in
macro "push_neg" cfg:optConfig loc:(location)? : tactic =>
  `(tactic| push $cfg:optConfig Not $[$loc]?)
```
BLOCKED MhFact_09796da8a434e150
BLOCKED MhFact_6e44d3c2232b5736
BLOCKED MhFact_ebeb33c568dfe4e4
BLOCKED MhFact_066dc781a8de9c11
BLOCKED MhFact_3e79907cfcc0085b
BLOCKED MhFact_75fc19c47ee38b89
BLOCKED MhFact_a030b9ec722eb795
BLOCKED MhFact_90b4662cdeba097d
BLOCKED MhFact_9e7dda3374e6b172
BLOCKED MhFact_413193082c4b8758
BLOCKED MhFact_81c52cea8147de67
BLOCKED MhFact_6c78409a046a3fe7
BLOCKED MhFact_c3375be11cf311ee
BLOCKED MhFact_345a55d7429fd4b1
BLOCKED MhFact_f7fb58786d241d68
BLOCKED MhFact_f4c06558ba3030b8
BLOCKED MhFact_30194dab4e05fdcf
BLOCKED MhFact_33aabc50b1cec1ba
BLOCKED MhFact_bde9371a01dd2855
BLOCKED MhFact_83263f8970f3987b
BLOCKED MhFact_85780d9a54267261
BLOCKED MhFact_57ea4db232a2b7f5
BLOCKED MhFact_2f482379fe24b1cb
BLOCKED MhFact_fe45f583e0b81581
BLOCKED MhFact_77e9ac7f87ab804f
BLOCKED MhFact_c156979f912a0408
BLOCKED MhFact_923511b69a46047e
BLOCKED MhFact_2e993e3b07378767
BLOCKED MhFact_54ed0ff9a1ed26b6
BLOCKED MhFact_eff6661027b6cbd2
BLOCKED MhFact_4f913d5550e57c85
BLOCKED MhFact_fbae65436c8cc8bf
BLOCKED MhFact_d39e578650322db3
BLOCKED MhFact_4b6dbe605eac3a1d
BLOCKED MhFact_724d35f964ae6f7d
BLOCKED MhFact_59c06cb7808fc140
BLOCKED MhFact_e1599bf3f3c26bdb
BLOCKED MhFact_cc801c1ba060f9c7
BLOCKED MhFact_def3ba43f6eccb6d
BLOCKED MhFact_256b4143cc30000f
BLOCKED MhFact_a8bfe25dadf921db
BLOCKED MhFact_38b6f78a47fdf12e
ok   MhFact_643ccea3769075c0 9.0s warnings=3
=== built 19/62; failed: ['MhFact_046773df0a672922', 'MhFact_066dc781a8de9c11', 'MhFact_09796da8a434e150', 'MhFact_256b4143cc30000f', 'MhFact_2e993e3b07378767', 'MhFact_2f482379fe24b1cb', 'MhFact_30194dab4e05fdcf', 'MhFact_33aabc50b1cec1ba', 'MhFact_345a55d7429fd4b1', 'MhFact_38b6f78a47fdf12e', 'MhFact_3e79907cfcc0085b', 'MhFact_413193082c4b8758', 'MhFact_4b6dbe605eac3a1d', 'MhFact_4f913d5550e57c85', 'MhFact_54ed0ff9a1ed26b6', 'MhFact_57ea4db232a2b7f5', 'MhFact_59c06cb7808fc140', 'MhFact_6c78409a046a3fe7', 'MhFact_6e44d3c2232b5736', 'MhFact_724d35f964ae6f7d', 'MhFact_75fc19c47ee38b89', 'MhFact_77e9ac7f87ab804f', 'MhFact_81c52cea8147de67', 'MhFact_83263f8970f3987b', 'MhFact_85780d9a54267261', 'MhFact_90b4662cdeba097d', 'MhFact_923511b69a46047e', 'MhFact_9e7dda3374e6b172', 'MhFact_a030b9ec722eb795', 'MhFact_a8bfe25dadf921db', 'MhFact_bde9371a01dd2855', 'MhFact_c156979f912a0408', 'MhFact_c3375be11cf311ee', 'MhFact_cc801c1ba060f9c7', 'MhFact_d39e578650322db3', 'MhFact_def3ba43f6eccb6d', 'MhFact_e1599bf3f3c26bdb', 'MhFact_ebeb33c568dfe4e4', 'MhFact_eff6661027b6cbd2', 'MhFact_f4c06558ba3030b8', 'MhFact_f7fb58786d241d68', 'MhFact_fbae65436c8cc8bf', 'MhFact_fe45f583e0b81581']; cpu-seconds 50; max child RSS 1973 MB
=== done
=== 2026-10-02 01:51:02 build of 62 modules, jobs=2
=== Lean (version 4.33.1, x86_64-unknown-linux-gnu, commit 819816b2e0a3bf405af45ae5c7af2491d8f5bee6, Release)
=== LEAN_PATH=/home/lead/danus-projects/star6/lean433/pack3/build:/home/lead/danus-projects/star6/lean433/pack3/.lake/packages/aesop/.lake/build/lib/lean:/home/lead/danus-projects/star6/lean433/pack3/.lake/packages/batteries/.lake/build/lib/lean:/home/lead/danus-projects/star6/lean433/pack3/.lake/packages/importGraph/.lake/build/lib/lean:/home/lead/danus-projects/star6/lean433/pack3/.lake/packages/LeanSearchClient/.lake/build/lib/lean:/home/lead/danus-projects/star6/lean433/pack3/.lake/packages/mathlib/.lake/build/lib/lean:/home/lead/danus-projects/star6/lean433/pack3/.lake/packages/plausible/.lake/build/lib/lean:/home/lead/danus-projects/star6/lean433/pack3/.lake/packages/proofwidgets/.lake/build/lib/lean:/home/lead/danus-projects/star6/lean433/pack3/.lake/packages/Qq/.lake/build/lib/lean
ok   StarCore 0s (cached) warnings=0
ok   StarCert 0s (cached) warnings=0
ok   StarSix 0s (cached) warnings=0
ok   StarReduce 0s (cached) warnings=0
ok   StarChecker 0s (cached) warnings=0
ok   StarCompose 0s (cached) warnings=0
ok   StarMatching 0s (cached) warnings=0
ok   StarVizing 0s (cached) warnings=0
ok   StarLeaf 0s (cached) warnings=0
ok   StarRigid 0s (cached) warnings=0
ok   StarBottleneck 0s (cached) warnings=0
ok   StarExtension 0s (cached) warnings=0
ok   MhFact_5c1eb3f583cf643f 0s (cached) warnings=0
ok   MhFact_974f7197c1be8069 0s (cached) warnings=0
ok   MhFact_7d291f6ca774e1da 0s (cached) warnings=0
ok   MhFact_c64b6bd62b78d841 0s (cached) warnings=0
ok   MhFact_657e581f1145250f 0s (cached) warnings=0
ok   MhFact_341b6e5e1be16205 0s (cached) warnings=0
ok   MhFact_643ccea3769075c0 0s (cached) warnings=0
FAIL MhFact_046773df0a672922 1.4s warnings=16
tar6/lean433/pack3/src/MhFact_046773df0a672922.lean:69:26: error: Invalid `⟨...⟩` notation: The expected type
  List.Mem (X.ends f).2
    (List.filter (fun b => decide ((fun x => K x ∧ ((X.ends f).1 = x ∨ (X.ends f).2 = x)) b)) (List.finRange X.n))
has more than one constructor

Note: This notation can only be used when the expected type is an inductive type with a single constructor
/home/lead/danus-projects/star6/lean433/pack3/src/MhFact_046773df0a672922.lean:73:13: error: Tactic `cases` failed with a nested error:
Dependent elimination failed: Failed to solve equation
  List.filter (fun b => decide ((fun x => K x ∧ ((X.ends f).1 = x ∨ (X.ends f).2 = x)) b)) (List.finRange X.n) =
    x :: as✝
at case `List.Mem.head`
/home/lead/danus-projects/star6/lean433/pack3/src/MhFact_046773df0a672922.lean:50:24: warning: This simp argument is unused:
  mem_filter

Hint: Omit it from the simp argument list.
  [apply] simp only [mem_univ, true_and, mem_insert, mem_singleton, MGraph.Inc]

Note: This linter can be disabled with `set_option linter.unusedSimpArgs false`
/home/lead/danus-projects/star6/lean433/pack3/src/MhFact_046773df0a672922.lean:50:36: warning: This simp argument is unused:
  mem_univ

Hint: Omit it from the simp argument list.
  [apply] simp only [mem_filter, true_and, mem_insert, mem_singleton, MGraph.Inc]

Note: This linter can be disabled with `set_option linter.unusedSimpArgs false`
/home/lead/danus-projects/star6/lean433/pack3/src/MhFact_046773df0a672922.lean:50:46: warning: This simp argument is unused:
  true_and

Hint: Omit it from the simp argument list.
  [apply] simp only [mem_filter, mem_univ, mem_insert, mem_singleton, MGraph.Inc]

Note: This linter can be disabled with `set_option linter.unusedSimpArgs false`
/home/lead/danus-projects/star6/lean433/pack3/src/MhFact_046773df0a672922.lean:56:24: warning: This simp argument is unused:
  mem_filter

Hint: Omit it from the simp argument list.
  [apply] simp only [mem_univ, true_and, mem_singleton, MGraph.Inc]

Note: This linter can be disabled with `set_option linter.unusedSimpArgs false`
/home/lead/danus-projects/star6/lean433/pack3/src/MhFact_046773df0a672922.lean:56:36: warning: This simp argument is unused:
  mem_univ

Hint: Omit it from the simp argument list.
  [apply] simp only [mem_filter, true_and, mem_singleton, MGraph.Inc]

Note: This linter can be disabled with `set_option linter.unusedSimpArgs false`
/home/lead/danus-projects/star6/lean433/pack3/src/MhFact_046773df0a672922.lean:56:46: warning: This simp argument is unused:
  true_and

Hint: Omit it from the simp argument list.
  [apply] simp only [mem_filter, mem_univ, mem_singleton, MGraph.Inc]

Note: This linter can be disabled with `set_option linter.unusedSimpArgs false`
/home/lead/danus-projects/star6/lean433/pack3/src/MhFact_046773df0a672922.lean:64:24: warning: This simp argument is unused:
  mem_filter

Hint: Omit it from the simp argument list.
  [apply] simp only [mem_univ, true_and, mem_singleton, MGraph.Inc]

Note: This linter can be disabled with `set_option linter.unusedSimpArgs false`
/home/lead/danus-projects/star6/lean433/pack3/src/MhFact_046773df0a672922.lean:64:36: warning: This simp argument is unused:
  mem_univ

Hint: Omit it from the simp argument list.
  [apply] simp only [mem_filter, true_and, mem_singleton, MGraph.Inc]

Note: This linter can be disabled with `set_option linter.unusedSimpArgs false`
/home/lead/danus-projects/star6/lean433/pack3/src/MhFact_046773df0a672922.lean:64:46: warning: This simp argument is unused:
  true_and

Hint: Omit it from the simp argument list.
  [apply] simp only [mem_filter, mem_univ, mem_singleton, MGraph.Inc]

Note: This linter can be disabled with `set_option linter.unusedSimpArgs false`
/home/lead/danus-projects/star6/lean433/pack3/src/MhFact_046773df0a672922.lean:72:24: warning: This simp argument is unused:
  mem_filter

Hint: Omit it from the simp argument list.
  [apply] simp only [mem_univ, true_and, Finset.notMem_empty, iff_false, MGraph.Inc]

Note: This linter can be disabled with `set_option linter.unusedSimpArgs false`
/home/lead/danus-projects/star6/lean433/pack3/src/MhFact_046773df0a672922.lean:72:36: warning: This simp argument is unused:
  mem_univ

Hint: Omit it from the simp argument list.
  [apply] simp only [mem_filter, true_and, Finset.notMem_empty, iff_false, MGraph.Inc]

Note: This linter can be disabled with `set_option linter.unusedSimpArgs false`
/home/lead/danus-projects/star6/lean433/pack3/src/MhFact_046773df0a672922.lean:72:46: warning: This simp argument is unused:
  true_and

Hint: Omit it from the simp argument list.
  [apply] simp only [mem_filter, mem_univ, Finset.notMem_empty, iff_false, MGraph.Inc]

Note: This linter can be disabled with `set_option linter.unusedSimpArgs false`
/home/lead/danus-projects/star6/lean433/pack3/src/MhFact_046773df0a672922.lean:129:8: warning: This simp argument is unused:
  SimpleGraph.Subgraph.deleteVerts_verts

Hint: Omit it from the simp argument list.
  [apply] simp

Note: This linter can be disabled with `set_option linter.unusedSimpArgs false`
/home/lead/danus-projects/star6/lean433/pack3/src/MhFact_046773df0a672922.lean:135:8: warning: This simp argument is unused:
  SimpleGraph.Subgraph.deleteVerts_adj

Hint: Omit it from the simp argument list.
  [apply] simp [ha, hb]

Note: This linter can be disabled with `set_option linter.unusedSimpArgs false`
/home/lead/danus-projects/star6/lean433/pack3/src/MhFact_046773df0a672922.lean:434:6: warning: `Set.ncard_diff_add_ncard_of_subset` has been deprecated: Use `Set.ncard_sdiff_add_ncard_of_subset` instead
/home/lead/danus-projects/star6/lean433/pack3/src/MhFact_046773df0a672922.lean:495:6: warning: `push_neg` has been deprecated. Prefer using `push Not` instead.
If you'd rather continue using `push_neg` in your project, you can implement it as follows:
```
open Lean.Parser.Tactic in
macro "push_neg" cfg:optConfig loc:(location)? : tactic =>
  `(tactic| push $cfg:optConfig Not $[$loc]?)
```
BLOCKED MhFact_09796da8a434e150
BLOCKED MhFact_6e44d3c2232b5736
BLOCKED MhFact_ebeb33c568dfe4e4
BLOCKED MhFact_066dc781a8de9c11
BLOCKED MhFact_3e79907cfcc0085b
BLOCKED MhFact_75fc19c47ee38b89
BLOCKED MhFact_a030b9ec722eb795
BLOCKED MhFact_90b4662cdeba097d
BLOCKED MhFact_9e7dda3374e6b172
BLOCKED MhFact_413193082c4b8758
BLOCKED MhFact_81c52cea8147de67
BLOCKED MhFact_6c78409a046a3fe7
BLOCKED MhFact_c3375be11cf311ee
BLOCKED MhFact_345a55d7429fd4b1
BLOCKED MhFact_f7fb58786d241d68
BLOCKED MhFact_f4c06558ba3030b8
BLOCKED MhFact_30194dab4e05fdcf
BLOCKED MhFact_33aabc50b1cec1ba
BLOCKED MhFact_bde9371a01dd2855
BLOCKED MhFact_83263f8970f3987b
BLOCKED MhFact_85780d9a54267261
BLOCKED MhFact_57ea4db232a2b7f5
BLOCKED MhFact_2f482379fe24b1cb
BLOCKED MhFact_fe45f583e0b81581
BLOCKED MhFact_77e9ac7f87ab804f
BLOCKED MhFact_c156979f912a0408
BLOCKED MhFact_923511b69a46047e
BLOCKED MhFact_2e993e3b07378767
BLOCKED MhFact_54ed0ff9a1ed26b6
BLOCKED MhFact_eff6661027b6cbd2
BLOCKED MhFact_4f913d5550e57c85
BLOCKED MhFact_fbae65436c8cc8bf
BLOCKED MhFact_d39e578650322db3
BLOCKED MhFact_4b6dbe605eac3a1d
BLOCKED MhFact_724d35f964ae6f7d
BLOCKED MhFact_59c06cb7808fc140
BLOCKED MhFact_e1599bf3f3c26bdb
BLOCKED MhFact_cc801c1ba060f9c7
BLOCKED MhFact_def3ba43f6eccb6d
BLOCKED MhFact_256b4143cc30000f
BLOCKED MhFact_a8bfe25dadf921db
BLOCKED MhFact_38b6f78a47fdf12e
=== built 19/62; failed: ['MhFact_046773df0a672922', 'MhFact_066dc781a8de9c11', 'MhFact_09796da8a434e150', 'MhFact_256b4143cc30000f', 'MhFact_2e993e3b07378767', 'MhFact_2f482379fe24b1cb', 'MhFact_30194dab4e05fdcf', 'MhFact_33aabc50b1cec1ba', 'MhFact_345a55d7429fd4b1', 'MhFact_38b6f78a47fdf12e', 'MhFact_3e79907cfcc0085b', 'MhFact_413193082c4b8758', 'MhFact_4b6dbe605eac3a1d', 'MhFact_4f913d5550e57c85', 'MhFact_54ed0ff9a1ed26b6', 'MhFact_57ea4db232a2b7f5', 'MhFact_59c06cb7808fc140', 'MhFact_6c78409a046a3fe7', 'MhFact_6e44d3c2232b5736', 'MhFact_724d35f964ae6f7d', 'MhFact_75fc19c47ee38b89', 'MhFact_77e9ac7f87ab804f', 'MhFact_81c52cea8147de67', 'MhFact_83263f8970f3987b', 'MhFact_85780d9a54267261', 'MhFact_90b4662cdeba097d', 'MhFact_923511b69a46047e', 'MhFact_9e7dda3374e6b172', 'MhFact_a030b9ec722eb795', 'MhFact_a8bfe25dadf921db', 'MhFact_bde9371a01dd2855', 'MhFact_c156979f912a0408', 'MhFact_c3375be11cf311ee', 'MhFact_cc801c1ba060f9c7', 'MhFact_d39e578650322db3', 'MhFact_def3ba43f6eccb6d', 'MhFact_e1599bf3f3c26bdb', 'MhFact_ebeb33c568dfe4e4', 'MhFact_eff6661027b6cbd2', 'MhFact_f4c06558ba3030b8', 'MhFact_f7fb58786d241d68', 'MhFact_fbae65436c8cc8bf', 'MhFact_fe45f583e0b81581']; cpu-seconds 1; max child RSS 1986 MB
=== done
=== 2026-10-02 01:54:08 build of 62 modules, jobs=2
=== Lean (version 4.33.1, x86_64-unknown-linux-gnu, commit 819816b2e0a3bf405af45ae5c7af2491d8f5bee6, Release)
=== LEAN_PATH=/home/lead/danus-projects/star6/lean433/pack3/build:/home/lead/danus-projects/star6/lean433/pack3/.lake/packages/aesop/.lake/build/lib/lean:/home/lead/danus-projects/star6/lean433/pack3/.lake/packages/batteries/.lake/build/lib/lean:/home/lead/danus-projects/star6/lean433/pack3/.lake/packages/importGraph/.lake/build/lib/lean:/home/lead/danus-projects/star6/lean433/pack3/.lake/packages/LeanSearchClient/.lake/build/lib/lean:/home/lead/danus-projects/star6/lean433/pack3/.lake/packages/mathlib/.lake/build/lib/lean:/home/lead/danus-projects/star6/lean433/pack3/.lake/packages/plausible/.lake/build/lib/lean:/home/lead/danus-projects/star6/lean433/pack3/.lake/packages/proofwidgets/.lake/build/lib/lean:/home/lead/danus-projects/star6/lean433/pack3/.lake/packages/Qq/.lake/build/lib/lean
ok   StarCore 0s (cached) warnings=0
ok   StarCert 0s (cached) warnings=0
ok   StarSix 0s (cached) warnings=0
ok   StarReduce 0s (cached) warnings=0
ok   StarChecker 0s (cached) warnings=0
ok   StarLeaf 0s (cached) warnings=0
ok   StarCompose 0s (cached) warnings=0
ok   StarRigid 0s (cached) warnings=0
ok   StarMatching 0s (cached) warnings=0
ok   StarBottleneck 0s (cached) warnings=0
ok   StarVizing 0s (cached) warnings=0
ok   StarExtension 0s (cached) warnings=0
ok   MhFact_5c1eb3f583cf643f 0s (cached) warnings=0
ok   MhFact_7d291f6ca774e1da 0s (cached) warnings=0
ok   MhFact_974f7197c1be8069 0s (cached) warnings=0
ok   MhFact_c64b6bd62b78d841 0s (cached) warnings=0
ok   MhFact_657e581f1145250f 0s (cached) warnings=0
ok   MhFact_341b6e5e1be16205 0s (cached) warnings=0
ok   MhFact_643ccea3769075c0 0s (cached) warnings=0
ok   MhFact_046773df0a672922 1.2s warnings=4
FAIL MhFact_09796da8a434e150 7.7s warnings=5
/home/lead/danus-projects/star6/lean433/pack3/src/MhFact_09796da8a434e150.lean:327:34: warning: This simp argument is unused:
  h

Hint: Omit it from the simp argument list.
  [apply] simp [cntB, Nat.add_comm]

Note: This linter can be disabled with `set_option linter.unusedSimpArgs false`
/home/lead/danus-projects/star6/lean433/pack3/src/MhFact_09796da8a434e150.lean:766:45: warning: This simp argument is unused:
  List.mem_singleton

Hint: Omit it from the simp argument list.
  [apply] simp only [List.nodup_cons, List.mem_cons, not_or, List.not_mem_nil, not_false_eq_true, List.nodup_nil,
    and_true] at h

Note: This linter can be disabled with `set_option linter.unusedSimpArgs false`
/home/lead/danus-projects/star6/lean433/pack3/src/MhFact_09796da8a434e150.lean:773:45: warning: This simp argument is unused:
  List.mem_singleton

Hint: Omit it from the simp argument list.
  [apply] simp only [List.nodup_cons, List.mem_cons, not_or, List.not_mem_nil, not_false_eq_true, List.nodup_nil,
    and_true] at h

Note: This linter can be disabled with `set_option linter.unusedSimpArgs false`
/home/lead/danus-projects/star6/lean433/pack3/src/MhFact_09796da8a434e150.lean:849:42: error: Function expected at
  card_sdiff
but this term has type
  #(?m.1502 \ ?m.1501) = #?m.1502 - #(?m.1501 ∩ ?m.1502)

Note: Expected a function because this term is being applied to the argument
  hsub
/home/lead/danus-projects/star6/lean433/pack3/src/MhFact_09796da8a434e150.lean:831:49: warning: This simp argument is unused:
  List.mem_singleton

Hint: Omit it from the simp argument list.
  [apply] simp only [List.nodup_cons, List.mem_cons, not_or, List.not_mem_nil, not_false_eq_true, List.nodup_nil,
    and_true]

Note: This linter can be disabled with `set_option linter.unusedSimpArgs false`
/home/lead/danus-projects/star6/lean433/pack3/src/MhFact_09796da8a434e150.lean:858:49: warning: This simp argument is unused:
  List.mem_singleton

Hint: Omit it from the simp argument list.
  [apply] simp only [List.nodup_cons, List.mem_cons, not_or, List.not_mem_nil, not_false_eq_true, List.nodup_nil,
    and_true]

Note: This linter can be disabled with `set_option linter.unusedSimpArgs false`
BLOCKED MhFact_6e44d3c2232b5736
BLOCKED MhFact_ebeb33c568dfe4e4
BLOCKED MhFact_066dc781a8de9c11
BLOCKED MhFact_3e79907cfcc0085b
BLOCKED MhFact_75fc19c47ee38b89
BLOCKED MhFact_a030b9ec722eb795
BLOCKED MhFact_90b4662cdeba097d
BLOCKED MhFact_9e7dda3374e6b172
BLOCKED MhFact_413193082c4b8758
BLOCKED MhFact_81c52cea8147de67
BLOCKED MhFact_6c78409a046a3fe7
BLOCKED MhFact_c3375be11cf311ee
BLOCKED MhFact_345a55d7429fd4b1
BLOCKED MhFact_f7fb58786d241d68
BLOCKED MhFact_f4c06558ba3030b8
BLOCKED MhFact_30194dab4e05fdcf
BLOCKED MhFact_33aabc50b1cec1ba
BLOCKED MhFact_bde9371a01dd2855
BLOCKED MhFact_83263f8970f3987b
BLOCKED MhFact_85780d9a54267261
BLOCKED MhFact_57ea4db232a2b7f5
BLOCKED MhFact_2f482379fe24b1cb
BLOCKED MhFact_fe45f583e0b81581
BLOCKED MhFact_77e9ac7f87ab804f
BLOCKED MhFact_c156979f912a0408
BLOCKED MhFact_923511b69a46047e
BLOCKED MhFact_2e993e3b07378767
BLOCKED MhFact_54ed0ff9a1ed26b6
BLOCKED MhFact_eff6661027b6cbd2
BLOCKED MhFact_4f913d5550e57c85
BLOCKED MhFact_fbae65436c8cc8bf
BLOCKED MhFact_d39e578650322db3
BLOCKED MhFact_4b6dbe605eac3a1d
BLOCKED MhFact_724d35f964ae6f7d
BLOCKED MhFact_59c06cb7808fc140
BLOCKED MhFact_e1599bf3f3c26bdb
BLOCKED MhFact_cc801c1ba060f9c7
BLOCKED MhFact_def3ba43f6eccb6d
BLOCKED MhFact_256b4143cc30000f
BLOCKED MhFact_a8bfe25dadf921db
BLOCKED MhFact_38b6f78a47fdf12e
=== built 20/62; failed: ['MhFact_066dc781a8de9c11', 'MhFact_09796da8a434e150', 'MhFact_256b4143cc30000f', 'MhFact_2e993e3b07378767', 'MhFact_2f482379fe24b1cb', 'MhFact_30194dab4e05fdcf', 'MhFact_33aabc50b1cec1ba', 'MhFact_345a55d7429fd4b1', 'MhFact_38b6f78a47fdf12e', 'MhFact_3e79907cfcc0085b', 'MhFact_413193082c4b8758', 'MhFact_4b6dbe605eac3a1d', 'MhFact_4f913d5550e57c85', 'MhFact_54ed0ff9a1ed26b6', 'MhFact_57ea4db232a2b7f5', 'MhFact_59c06cb7808fc140', 'MhFact_6c78409a046a3fe7', 'MhFact_6e44d3c2232b5736', 'MhFact_724d35f964ae6f7d', 'MhFact_75fc19c47ee38b89', 'MhFact_77e9ac7f87ab804f', 'MhFact_81c52cea8147de67', 'MhFact_83263f8970f3987b', 'MhFact_85780d9a54267261', 'MhFact_90b4662cdeba097d', 'MhFact_923511b69a46047e', 'MhFact_9e7dda3374e6b172', 'MhFact_a030b9ec722eb795', 'MhFact_a8bfe25dadf921db', 'MhFact_bde9371a01dd2855', 'MhFact_c156979f912a0408', 'MhFact_c3375be11cf311ee', 'MhFact_cc801c1ba060f9c7', 'MhFact_d39e578650322db3', 'MhFact_def3ba43f6eccb6d', 'MhFact_e1599bf3f3c26bdb', 'MhFact_ebeb33c568dfe4e4', 'MhFact_eff6661027b6cbd2', 'MhFact_f4c06558ba3030b8', 'MhFact_f7fb58786d241d68', 'MhFact_fbae65436c8cc8bf', 'MhFact_fe45f583e0b81581']; cpu-seconds 9; max child RSS 3033 MB
=== done
=== 2026-10-02 01:55:16 build of 62 modules, jobs=2
=== Lean (version 4.33.1, x86_64-unknown-linux-gnu, commit 819816b2e0a3bf405af45ae5c7af2491d8f5bee6, Release)
=== LEAN_PATH=/home/lead/danus-projects/star6/lean433/pack3/build:/home/lead/danus-projects/star6/lean433/pack3/.lake/packages/aesop/.lake/build/lib/lean:/home/lead/danus-projects/star6/lean433/pack3/.lake/packages/batteries/.lake/build/lib/lean:/home/lead/danus-projects/star6/lean433/pack3/.lake/packages/importGraph/.lake/build/lib/lean:/home/lead/danus-projects/star6/lean433/pack3/.lake/packages/LeanSearchClient/.lake/build/lib/lean:/home/lead/danus-projects/star6/lean433/pack3/.lake/packages/mathlib/.lake/build/lib/lean:/home/lead/danus-projects/star6/lean433/pack3/.lake/packages/plausible/.lake/build/lib/lean:/home/lead/danus-projects/star6/lean433/pack3/.lake/packages/proofwidgets/.lake/build/lib/lean:/home/lead/danus-projects/star6/lean433/pack3/.lake/packages/Qq/.lake/build/lib/lean
ok   StarCore 0s (cached) warnings=0
ok   StarSix 0s (cached) warnings=0
ok   StarCert 0s (cached) warnings=0
ok   StarReduce 0s (cached) warnings=0
ok   StarLeaf 0s (cached) warnings=0
ok   StarRigid 0s (cached) warnings=0
ok   StarBottleneck 0s (cached) warnings=0
ok   StarChecker 0s (cached) warnings=0
ok   StarCompose 0s (cached) warnings=0
ok   StarMatching 0s (cached) warnings=0
ok   StarVizing 0s (cached) warnings=0
ok   StarExtension 0s (cached) warnings=0
ok   MhFact_5c1eb3f583cf643f 0s (cached) warnings=0
ok   MhFact_974f7197c1be8069 0s (cached) warnings=0
ok   MhFact_7d291f6ca774e1da 0s (cached) warnings=0
ok   MhFact_c64b6bd62b78d841 0s (cached) warnings=0
ok   MhFact_657e581f1145250f 0s (cached) warnings=0
ok   MhFact_341b6e5e1be16205 0s (cached) warnings=0
ok   MhFact_643ccea3769075c0 0s (cached) warnings=0
ok   MhFact_046773df0a672922 0s (cached) warnings=0
ok   MhFact_09796da8a434e150 7.9s warnings=5
FAIL MhFact_6e44d3c2232b5736 4.4s warnings=5
/home/lead/danus-projects/star6/lean433/pack3/src/MhFact_6e44d3c2232b5736.lean:75:4: warning: `push_neg` has been deprecated. Prefer using `push Not` instead.
If you'd rather continue using `push_neg` in your project, you can implement it as follows:
```
open Lean.Parser.Tactic in
macro "push_neg" cfg:optConfig loc:(location)? : tactic =>
  `(tactic| push $cfg:optConfig Not $[$loc]?)
```
/home/lead/danus-projects/star6/lean433/pack3/src/MhFact_6e44d3c2232b5736.lean:109:15: warning: This simp argument is unused:
  hpq

Hint: Omit it from the simp argument list.
  [apply] simp [β, hpr, hqr, hpq.symm, hpr.symm, hqr.symm] at hfg ⊢

Note: This linter can be disabled with `set_option linter.unusedSimpArgs false`
/home/lead/danus-projects/star6/lean433/pack3/src/MhFact_6e44d3c2232b5736.lean:109:20: warning: This simp argument is unused:
  hpr

Hint: Omit it from the simp argument list.
  [apply] simp [β, hpq, hqr, hpq.symm, hpr.symm, hqr.symm] at hfg ⊢

Note: This linter can be disabled with `set_option linter.unusedSimpArgs false`
/home/lead/danus-projects/star6/lean433/pack3/src/MhFact_6e44d3c2232b5736.lean:109:25: warning: This simp argument is unused:
  hqr

Hint: Omit it from the simp argument list.
  [apply] simp [β, hpq, hpr, hpq.symm, hpr.symm, hqr.symm] at hfg ⊢

Note: This linter can be disabled with `set_option linter.unusedSimpArgs false`
/home/lead/danus-projects/star6/lean433/pack3/src/MhFact_6e44d3c2232b5736.lean:296:38: error: unsolved goals
n : ℕ
el : List (ℕ × ℕ)
hn : 0 < n
hel : elOK n el = true
e : Fin (ofList n el hn).m
he : el.get e ∈ el
hb : ((el.get e).1 < n ∧ (el.get e).2 < n) ∧ ¬(el.get e).1 = (el.get e).2
hlt : ↑e < el.length
⊢ el[↑e] = el.get e
/home/lead/danus-projects/star6/lean433/pack3/src/MhFact_6e44d3c2232b5736.lean:306:38: error: unsolved goals
n : ℕ
el : List (ℕ × ℕ)
hn : 0 < n
hel : elOK n el = true
e : Fin (ofList n el hn).m
he : el.get e ∈ el
hb : ((el.get e).1 < n ∧ (el.get e).2 < n) ∧ ¬(el.get e).1 = (el.get e).2
hlt : ↑e < el.length
⊢ el[↑e] = el.get e
/home/lead/danus-projects/star6/lean433/pack3/src/MhFact_6e44d3c2232b5736.lean:367:15: warning: This simp argument is unused:
  o1

Hint: Omit it from the simp argument list.
  [apply] simp only [o2, o3, o4] at k4

Note: This linter can be disabled with `set_option linter.unusedSimpArgs false`
BLOCKED MhFact_ebeb33c568dfe4e4
BLOCKED MhFact_066dc781a8de9c11
BLOCKED MhFact_3e79907cfcc0085b
BLOCKED MhFact_75fc19c47ee38b89
BLOCKED MhFact_a030b9ec722eb795
BLOCKED MhFact_90b4662cdeba097d
BLOCKED MhFact_9e7dda3374e6b172
BLOCKED MhFact_413193082c4b8758
BLOCKED MhFact_81c52cea8147de67
BLOCKED MhFact_6c78409a046a3fe7
BLOCKED MhFact_c3375be11cf311ee
BLOCKED MhFact_345a55d7429fd4b1
BLOCKED MhFact_f7fb58786d241d68
BLOCKED MhFact_f4c06558ba3030b8
BLOCKED MhFact_30194dab4e05fdcf
BLOCKED MhFact_33aabc50b1cec1ba
BLOCKED MhFact_bde9371a01dd2855
BLOCKED MhFact_83263f8970f3987b
BLOCKED MhFact_85780d9a54267261
BLOCKED MhFact_57ea4db232a2b7f5
BLOCKED MhFact_2f482379fe24b1cb
BLOCKED MhFact_fe45f583e0b81581
BLOCKED MhFact_77e9ac7f87ab804f
BLOCKED MhFact_c156979f912a0408
BLOCKED MhFact_923511b69a46047e
BLOCKED MhFact_2e993e3b07378767
BLOCKED MhFact_54ed0ff9a1ed26b6
BLOCKED MhFact_eff6661027b6cbd2
BLOCKED MhFact_4f913d5550e57c85
BLOCKED MhFact_fbae65436c8cc8bf
BLOCKED MhFact_d39e578650322db3
BLOCKED MhFact_4b6dbe605eac3a1d
BLOCKED MhFact_724d35f964ae6f7d
BLOCKED MhFact_59c06cb7808fc140
BLOCKED MhFact_e1599bf3f3c26bdb
BLOCKED MhFact_cc801c1ba060f9c7
BLOCKED MhFact_def3ba43f6eccb6d
BLOCKED MhFact_256b4143cc30000f
BLOCKED MhFact_a8bfe25dadf921db
BLOCKED MhFact_38b6f78a47fdf12e
=== built 21/62; failed: ['MhFact_066dc781a8de9c11', 'MhFact_256b4143cc30000f', 'MhFact_2e993e3b07378767', 'MhFact_2f482379fe24b1cb', 'MhFact_30194dab4e05fdcf', 'MhFact_33aabc50b1cec1ba', 'MhFact_345a55d7429fd4b1', 'MhFact_38b6f78a47fdf12e', 'MhFact_3e79907cfcc0085b', 'MhFact_413193082c4b8758', 'MhFact_4b6dbe605eac3a1d', 'MhFact_4f913d5550e57c85', 'MhFact_54ed0ff9a1ed26b6', 'MhFact_57ea4db232a2b7f5', 'MhFact_59c06cb7808fc140', 'MhFact_6c78409a046a3fe7', 'MhFact_6e44d3c2232b5736', 'MhFact_724d35f964ae6f7d', 'MhFact_75fc19c47ee38b89', 'MhFact_77e9ac7f87ab804f', 'MhFact_81c52cea8147de67', 'MhFact_83263f8970f3987b', 'MhFact_85780d9a54267261', 'MhFact_90b4662cdeba097d', 'MhFact_923511b69a46047e', 'MhFact_9e7dda3374e6b172', 'MhFact_a030b9ec722eb795', 'MhFact_a8bfe25dadf921db', 'MhFact_bde9371a01dd2855', 'MhFact_c156979f912a0408', 'MhFact_c3375be11cf311ee', 'MhFact_cc801c1ba060f9c7', 'MhFact_d39e578650322db3', 'MhFact_def3ba43f6eccb6d', 'MhFact_e1599bf3f3c26bdb', 'MhFact_ebeb33c568dfe4e4', 'MhFact_eff6661027b6cbd2', 'MhFact_f4c06558ba3030b8', 'MhFact_f7fb58786d241d68', 'MhFact_fbae65436c8cc8bf', 'MhFact_fe45f583e0b81581']; cpu-seconds 12; max child RSS 3024 MB
=== done
=== 2026-10-02 01:57:33 build of 62 modules, jobs=2
=== Lean (version 4.33.1, x86_64-unknown-linux-gnu, commit 819816b2e0a3bf405af45ae5c7af2491d8f5bee6, Release)
=== LEAN_PATH=/home/lead/danus-projects/star6/lean433/pack3/build:/home/lead/danus-projects/star6/lean433/pack3/.lake/packages/aesop/.lake/build/lib/lean:/home/lead/danus-projects/star6/lean433/pack3/.lake/packages/batteries/.lake/build/lib/lean:/home/lead/danus-projects/star6/lean433/pack3/.lake/packages/importGraph/.lake/build/lib/lean:/home/lead/danus-projects/star6/lean433/pack3/.lake/packages/LeanSearchClient/.lake/build/lib/lean:/home/lead/danus-projects/star6/lean433/pack3/.lake/packages/mathlib/.lake/build/lib/lean:/home/lead/danus-projects/star6/lean433/pack3/.lake/packages/plausible/.lake/build/lib/lean:/home/lead/danus-projects/star6/lean433/pack3/.lake/packages/proofwidgets/.lake/build/lib/lean:/home/lead/danus-projects/star6/lean433/pack3/.lake/packages/Qq/.lake/build/lib/lean
ok   StarCore 0s (cached) warnings=0
ok   StarCert 0s (cached) warnings=0
ok   StarSix 0s (cached) warnings=0
ok   StarReduce 0s (cached) warnings=0
ok   StarChecker 0s (cached) warnings=0
ok   StarLeaf 0s (cached) warnings=0
ok   StarCompose 0s (cached) warnings=0
ok   StarRigid 0s (cached) warnings=0
ok   StarMatching 0s (cached) warnings=0
ok   StarBottleneck 0s (cached) warnings=0
ok   StarVizing 0s (cached) warnings=0
ok   StarExtension 0s (cached) warnings=0
ok   MhFact_5c1eb3f583cf643f 0s (cached) warnings=0
ok   MhFact_7d291f6ca774e1da 0s (cached) warnings=0
ok   MhFact_c64b6bd62b78d841 0s (cached) warnings=0
ok   MhFact_974f7197c1be8069 0s (cached) warnings=0
ok   MhFact_657e581f1145250f 0s (cached) warnings=0
ok   MhFact_341b6e5e1be16205 0s (cached) warnings=0
ok   MhFact_643ccea3769075c0 0s (cached) warnings=0
ok   MhFact_046773df0a672922 0s (cached) warnings=0
ok   MhFact_09796da8a434e150 0s (cached) warnings=0
ok   MhFact_6e44d3c2232b5736 4.6s warnings=5
ok   MhFact_ebeb33c568dfe4e4 3.4s warnings=1
ok   MhFact_066dc781a8de9c11 6.5s warnings=0
ok   MhFact_3e79907cfcc0085b 4.9s warnings=1
FAIL MhFact_75fc19c47ee38b89 2.6s warnings=8
 P
hloop : X.Loopless
hB : Colourable (leafSet C.flip.clo (Fin.last X.m)) 6
n0 : C.leafE.flip.inA (newE C.e1 0 ⋯) → (X.ends C.e1).1 = C.b1
n1 : C.leafE.flip.inA (newE C.e1 1 ⋯) → (X.ends C.e1).2 = C.b1
not01 : C.leafE.flip.inA (newE C.e1 0 ⋯) → C.leafE.flip.inA (newE C.e1 1 ⋯) → False
v0 :
  ∀ (a : Fin ((leafG X C.e1).addEdge C.leafE.flip.a1 C.leafE.flip.a2).m),
    C.leafE.flip.clo a → ↑a = X.m → C.leafE.flip.inA (newE C.e1 0 ⋯)
v1 :
  ∀ (a : Fin ((leafG X C.e1).addEdge C.leafE.flip.a1 C.leafE.flip.a2).m),
    C.leafE.flip.clo a → ↑a = X.m + 1 → C.leafE.flip.inA (newE C.e1 1 ⋯)
hd : C.leafE.flip.inA (newE C.e1 0 ⋯)
⊢ (leafG (X.addEdge C.b1 C.b2) (Fin.last X.m)).ends (newE (Fin.last X.m) 0 ⋯) =
    ((((leafG X C.e1).addEdge (vx X) (lv C.b2)).ends (newE C.e1 0 ⋯).castSucc).1,
      (((leafG X C.e1).addEdge (vx X) (lv C.b2)).ends (newE C.e1 0 ⋯).castSucc).2)

Note: The target expression is not type-correct under the `implicit` transparency level, which may have triggered the failure. This is usually caused by unfolding of semireducible definitions in prior tactic steps. Use `set_option linter.tacticCheckInstances true` to investigate the source of the issue.
Full error:
  Application type mismatch: The argument
    Fin.last X.m
  has type
    Fin (X.m + 1)
  but is expected to have type
    Fin (X.addEdge C.b1 C.b2).m
  in the application
    leafG (X.addEdge C.b1 C.b2) (Fin.last X.m)
/home/lead/danus-projects/star6/lean433/pack3/src/MhFact_75fc19c47ee38b89.lean:1000:29: error: Tactic `rewrite` failed: Did not find an occurrence of the pattern
  (leafG ?m.883 ?g).ends (newE ?g 0 ⋯)
in the target expression
  (leafG (X.addEdge C.b1 C.b2) (Fin.last X.m)).ends (newE (Fin.last X.m) 0 ⋯) =
    ((((leafG X C.e1).addEdge (vx X) (lv C.b2)).ends (newE C.e1 1 ⋯).castSucc).2,
      (((leafG X C.e1).addEdge (vx X) (lv C.b2)).ends (newE C.e1 1 ⋯).castSucc).1)

case refine_3.inr.inr.inr.inl
X : MGraph
P : Fin X.m → Prop
C : Cut2 P
hloop : X.Loopless
hB : Colourable (leafSet C.flip.clo (Fin.last X.m)) 6
n0 : C.leafE.flip.inA (newE C.e1 0 ⋯) → (X.ends C.e1).1 = C.b1
n1 : C.leafE.flip.inA (newE C.e1 1 ⋯) → (X.ends C.e1).2 = C.b1
not01 : C.leafE.flip.inA (newE C.e1 0 ⋯) → C.leafE.flip.inA (newE C.e1 1 ⋯) → False
v0 :
  ∀ (a : Fin ((leafG X C.e1).addEdge C.leafE.flip.a1 C.leafE.flip.a2).m),
    C.leafE.flip.clo a → ↑a = X.m → C.leafE.flip.inA (newE C.e1 0 ⋯)
v1 :
  ∀ (a : Fin ((leafG X C.e1).addEdge C.leafE.flip.a1 C.leafE.flip.a2).m),
    C.leafE.flip.clo a → ↑a = X.m + 1 → C.leafE.flip.inA (newE C.e1 1 ⋯)
hd : C.leafE.flip.inA (newE C.e1 1 ⋯)
⊢ (leafG (X.addEdge C.b1 C.b2) (Fin.last X.m)).ends (newE (Fin.last X.m) 0 ⋯) =
    ((((leafG X C.e1).addEdge (vx X) (lv C.b2)).ends (newE C.e1 1 ⋯).castSucc).2,
      (((leafG X C.e1).addEdge (vx X) (lv C.b2)).ends (newE C.e1 1 ⋯).castSucc).1)

Note: The target expression is not type-correct under the `implicit` transparency level, which may have triggered the failure. This is usually caused by unfolding of semireducible definitions in prior tactic steps. Use `set_option linter.tacticCheckInstances true` to investigate the source of the issue.
Full error:
  Application type mismatch: The argument
    Fin.last X.m
  has type
    Fin (X.m + 1)
  but is expected to have type
    Fin (X.addEdge C.b1 C.b2).m
  in the application
    leafG (X.addEdge C.b1 C.b2) (Fin.last X.m)
/home/lead/danus-projects/star6/lean433/pack3/src/MhFact_75fc19c47ee38b89.lean:1001:28: error: Tactic `rewrite` failed: Did not find an occurrence of the pattern
  (leafG ?m.893 ?g).ends (newE ?g 2 ⋯)
in the target expression
  (leafG (X.addEdge C.b1 C.b2) (Fin.last X.m)).ends (newE (Fin.last X.m) 2 ⋯) =
    ((((leafG X C.e1).addEdge (vx X) (lv C.b2)).ends (newE C.e1 2 ⋯).castSucc).1,
      (((leafG X C.e1).addEdge (vx X) (lv C.b2)).ends (newE C.e1 2 ⋯).castSucc).2)

case refine_3.inr.inr.inr.inr
X : MGraph
P : Fin X.m → Prop
C : Cut2 P
hloop : X.Loopless
hB : Colourable (leafSet C.flip.clo (Fin.last X.m)) 6
n0 : C.leafE.flip.inA (newE C.e1 0 ⋯) → (X.ends C.e1).1 = C.b1
n1 : C.leafE.flip.inA (newE C.e1 1 ⋯) → (X.ends C.e1).2 = C.b1
not01 : C.leafE.flip.inA (newE C.e1 0 ⋯) → C.leafE.flip.inA (newE C.e1 1 ⋯) → False
v0 :
  ∀ (a : Fin ((leafG X C.e1).addEdge C.leafE.flip.a1 C.leafE.flip.a2).m),
    C.leafE.flip.clo a → ↑a = X.m → C.leafE.flip.inA (newE C.e1 0 ⋯)
v1 :
  ∀ (a : Fin ((leafG X C.e1).addEdge C.leafE.flip.a1 C.leafE.flip.a2).m),
    C.leafE.flip.clo a → ↑a = X.m + 1 → C.leafE.flip.inA (newE C.e1 1 ⋯)
hd : C.leafE.flip.inA (newE C.e1 2 ⋯)
⊢ (leafG (X.addEdge C.b1 C.b2) (Fin.last X.m)).ends (newE (Fin.last X.m) 2 ⋯) =
    ((((leafG X C.e1).addEdge (vx X) (lv C.b2)).ends (newE C.e1 2 ⋯).castSucc).1,
      (((leafG X C.e1).addEdge (vx X) (lv C.b2)).ends (newE C.e1 2 ⋯).castSucc).2)

Note: The target expression is not type-correct under the `implicit` transparency level, which may have triggered the failure. This is usually caused by unfolding of semireducible definitions in prior tactic steps. Use `set_option linter.tacticCheckInstances true` to investigate the source of the issue.
Full error:
  Application type mismatch: The argument
    Fin.last X.m
  has type
    Fin (X.m + 1)
  but is expected to have type
    Fin (X.addEdge C.b1 C.b2).m
  in the application
    leafG (X.addEdge C.b1 C.b2) (Fin.last X.m)
/home/lead/danus-projects/star6/lean433/pack3/src/MhFact_75fc19c47ee38b89.lean:945:44: warning: declaration uses `sorry`
/home/lead/danus-projects/star6/lean433/pack3/src/MhFact_75fc19c47ee38b89.lean:945:17: warning: This simp argument is unused:
  Cut2.flip_S

Hint: Omit it from the simp argument list.
  [apply] simp only at h1

Note: This linter can be disabled with `set_option linter.unusedSimpArgs false`
/home/lead/danus-projects/star6/lean433/pack3/src/MhFact_75fc19c47ee38b89.lean:953:17: warning: This simp argument is unused:
  Cut2.flip_S

Hint: Omit it from the simp argument list.
  [apply] simp only at h2

Note: This linter can be disabled with `set_option linter.unusedSimpArgs false`
BLOCKED MhFact_a030b9ec722eb795
BLOCKED MhFact_90b4662cdeba097d
BLOCKED MhFact_9e7dda3374e6b172
BLOCKED MhFact_413193082c4b8758
BLOCKED MhFact_81c52cea8147de67
BLOCKED MhFact_c3375be11cf311ee
BLOCKED MhFact_345a55d7429fd4b1
BLOCKED MhFact_f7fb58786d241d68
BLOCKED MhFact_f4c06558ba3030b8
BLOCKED MhFact_30194dab4e05fdcf
BLOCKED MhFact_33aabc50b1cec1ba
BLOCKED MhFact_bde9371a01dd2855
BLOCKED MhFact_83263f8970f3987b
BLOCKED MhFact_85780d9a54267261
BLOCKED MhFact_57ea4db232a2b7f5
BLOCKED MhFact_2f482379fe24b1cb
BLOCKED MhFact_fe45f583e0b81581
BLOCKED MhFact_77e9ac7f87ab804f
BLOCKED MhFact_c156979f912a0408
BLOCKED MhFact_923511b69a46047e
BLOCKED MhFact_2e993e3b07378767
BLOCKED MhFact_54ed0ff9a1ed26b6
BLOCKED MhFact_eff6661027b6cbd2
BLOCKED MhFact_4f913d5550e57c85
BLOCKED MhFact_fbae65436c8cc8bf
BLOCKED MhFact_d39e578650322db3
BLOCKED MhFact_4b6dbe605eac3a1d
BLOCKED MhFact_724d35f964ae6f7d
BLOCKED MhFact_59c06cb7808fc140
BLOCKED MhFact_e1599bf3f3c26bdb
BLOCKED MhFact_cc801c1ba060f9c7
BLOCKED MhFact_def3ba43f6eccb6d
BLOCKED MhFact_256b4143cc30000f
BLOCKED MhFact_a8bfe25dadf921db
BLOCKED MhFact_38b6f78a47fdf12e
FAIL MhFact_6c78409a046a3fe7 7.2s warnings=12
sually caused by unfolding of semireducible definitions in prior tactic steps. Use `set_option linter.tacticCheckInstances true` to investigate the source of the issue.
Full error:
  Application type mismatch: The argument
    (RH2F.lv (X.ends (R.ψ ↑e)).1, RH2F.lv (X.ends (R.ψ ↑e)).2)
  has type
    Prod (Fin (X.n + 2)) (Fin (X.n + 2))
  but is expected to have type
    Prod (Fin (RH2F.leafG X (R.ψ g)).n) (Fin (RH2F.leafG X (R.ψ g)).n)
  in the application
    (RH2F.lv (X.ends (R.ψ ↑e)).1, RH2F.lv (X.ends (R.ψ ↑e)).2).1
/home/lead/danus-projects/star6/lean433/pack3/src/MhFact_6c78409a046a3fe7.lean:1027:34: warning: `Sym2.map_pair_eq` has been deprecated: Use `Sym2.map_mk` instead
/home/lead/danus-projects/star6/lean433/pack3/src/MhFact_6c78409a046a3fe7.lean:1029:58: warning: `Sym2.map_pair_eq` has been deprecated: Use `Sym2.map_mk` instead
/home/lead/danus-projects/star6/lean433/pack3/src/MhFact_6c78409a046a3fe7.lean:1030:58: warning: `Sym2.map_pair_eq` has been deprecated: Use `Sym2.map_mk` instead
/home/lead/danus-projects/star6/lean433/pack3/src/MhFact_6c78409a046a3fe7.lean:1066:26: warning: This simp argument is unused:
  if_pos rfl

Hint: Omit it from the simp argument list.
  [apply] simp only [o, oriG]

Note: This linter can be disabled with `set_option linter.unusedSimpArgs false`
/home/lead/danus-projects/star6/lean433/pack3/src/MhFact_6c78409a046a3fe7.lean:1238:15: warning: This simp argument is unused:
  Bool.and_eq_true

Hint: Omit it from the simp argument list.
  [apply] simp only [Bool.or_eq_true, decide_eq_true_eq] at hf

Note: This linter can be disabled with `set_option linter.unusedSimpArgs false`
/home/lead/danus-projects/star6/lean433/pack3/src/MhFact_6c78409a046a3fe7.lean:1449:41: error: Tactic `decide` failed for proposition
  ∀ (f : Fin (RH2F.leafG wK4 g0).m), (RH2F.leafG wK4 g0).Inc f (RH2F.vl wK4) → f = RH2F.newE g0 2 ⋯
because its `Decidable` instance
  decForallFin' fun f => (RH2F.leafG wK4 g0).Inc f (RH2F.vl wK4) → f = RH2F.newE g0 2 ⋯
did not reduce to `isTrue` or `isFalse`.

Reduction got stuck at the `Decidable` instance
  choice ⋯

Hint: Reduction got stuck on `choice`, which indicates that a `Decidable` instance is defined using classical reasoning, proving an instance exists rather than giving a concrete construction. The `decide` tactic works by evaluating a decision procedure via reduction, and it cannot make progress with such instances. This can occur due to the `open scoped Classical` command, which enables the instance `propDecidable`.
/home/lead/danus-projects/star6/lean433/pack3/src/MhFact_6c78409a046a3fe7.lean:1455:58: error: Tactic `decide` failed for proposition
  (RH2F.leafG wK4 g0).Inc (RH2F.newE g0 2 ⋯) (RH2F.vl wK4)
because its `Decidable` instance
  propDecidable ((RH2F.leafG wK4 g0).Inc (RH2F.newE g0 2 ⋯) (RH2F.vl wK4))
did not reduce to `isTrue` or `isFalse`.

After unfolding the instance `propDecidable`, reduction got stuck at the `Decidable` instance
  choice ⋯

Hint: Reduction got stuck on `choice`, which indicates that a `Decidable` instance is defined using classical reasoning, proving an instance exists rather than giving a concrete construction. The `decide` tactic works by evaluating a decision procedure via reduction, and it cannot make progress with such instances. This can occur due to the `open scoped Classical` command, which enables the instance `propDecidable`.
/home/lead/danus-projects/star6/lean433/pack3/src/MhFact_6c78409a046a3fe7.lean:1461:11: error: Tactic `decide` failed for proposition
  decide (((RH2F.leafG wK4 g0).ends (RH2F.newE g0 2 ⋯)).1 ≠ RH2F.vl wK4) = true
because its `Decidable` instance
  instDecidableEqBool (decide (((RH2F.leafG wK4 g0).ends (RH2F.newE g0 2 ⋯)).1 ≠ RH2F.vl wK4)) true
did not reduce to `isTrue` or `isFalse`.

After unfolding the instances `instDecidableEqBool`, `instDecidableNot`, `Bool.decEq`, and `propDecidable`, reduction got stuck at the `Decidable` instance
  match decide (((RH2F.leafG wK4 g0).ends (RH2F.newE g0 2 ⋯)).1 ≠ RH2F.vl wK4), true with
  | false, false => isTrue ⋯
  | false, true => isFalse ⋯
  | true, false => isFalse ⋯
  | true, true => isTrue ⋯
/home/lead/danus-projects/star6/lean433/pack3/src/MhFact_6c78409a046a3fe7.lean:1462:11: error: Tactic `decide` failed for proposition
  decide (((RH2F.leafG wK4 g0).ends (RH2F.newE g0 2 ⋯)).2 ≠ RH2F.vl wK4) = false
because its `Decidable` instance
  instDecidableEqBool (decide (((RH2F.leafG wK4 g0).ends (RH2F.newE g0 2 ⋯)).2 ≠ RH2F.vl wK4)) false
did not reduce to `isTrue` or `isFalse`.

After unfolding the instances `instDecidableEqBool`, `instDecidableNot`, `Bool.decEq`, and `propDecidable`, reduction got stuck at the `Decidable` instance
  match decide (((RH2F.leafG wK4 g0).ends (RH2F.newE g0 2 ⋯)).2 ≠ RH2F.vl wK4), false with
  | false, false => isTrue ⋯
  | false, true => isFalse ⋯
  | true, false => isFalse ⋯
  | true, true => isTrue ⋯
/home/lead/danus-projects/star6/lean433/pack3/src/MhFact_6c78409a046a3fe7.lean:1467:6: error: Tactic `decide` failed for proposition
  ∀ (f : Fin (RH2F.leafG wK4 g0).m),
    f ≠ RH2F.newE g0 2 ⋯ →
      decide (((RH2F.leafG wK4 g0).ends f).1 ≠ RH2F.vl wK4) = decide (((RH2F.leafG wK4 g0).ends f).2 ≠ RH2F.vl wK4)
because its `Decidable` instance
  decForallFin' fun f =>
    f ≠ RH2F.newE g0 2 ⋯ →
      decide (((RH2F.leafG wK4 g0).ends f).1 ≠ RH2F.vl wK4) = decide (((RH2F.leafG wK4 g0).ends f).2 ≠ RH2F.vl wK4)
did not reduce to `isTrue` or `isFalse`.

Reduction got stuck at the `Decidable` instance
  match decide (((RH2F.leafG wK4 g0).ends ⟨0, ⋯⟩).1 ≠ RH2F.vl wK4),
    decide (((RH2F.leafG wK4 g0).ends ⟨0, ⋯⟩).2 ≠ RH2F.vl wK4) with
  | false, false => isTrue ⋯
  | false, true => isFalse ⋯
  | true, false => isFalse ⋯
  | true, true => isTrue ⋯
/home/lead/danus-projects/star6/lean433/pack3/src/MhFact_6c78409a046a3fe7.lean:1459:4: error(lean.dependsOnNoncomputable): failed to compile definition, consider marking it as 'noncomputable' because it depends on 'propDecidable', which is 'noncomputable'
=== built 25/62; failed: ['MhFact_256b4143cc30000f', 'MhFact_2e993e3b07378767', 'MhFact_2f482379fe24b1cb', 'MhFact_30194dab4e05fdcf', 'MhFact_33aabc50b1cec1ba', 'MhFact_345a55d7429fd4b1', 'MhFact_38b6f78a47fdf12e', 'MhFact_413193082c4b8758', 'MhFact_4b6dbe605eac3a1d', 'MhFact_4f913d5550e57c85', 'MhFact_54ed0ff9a1ed26b6', 'MhFact_57ea4db232a2b7f5', 'MhFact_59c06cb7808fc140', 'MhFact_6c78409a046a3fe7', 'MhFact_724d35f964ae6f7d', 'MhFact_75fc19c47ee38b89', 'MhFact_77e9ac7f87ab804f', 'MhFact_81c52cea8147de67', 'MhFact_83263f8970f3987b', 'MhFact_85780d9a54267261', 'MhFact_90b4662cdeba097d', 'MhFact_923511b69a46047e', 'MhFact_9e7dda3374e6b172', 'MhFact_a030b9ec722eb795', 'MhFact_a8bfe25dadf921db', 'MhFact_bde9371a01dd2855', 'MhFact_c156979f912a0408', 'MhFact_c3375be11cf311ee', 'MhFact_cc801c1ba060f9c7', 'MhFact_d39e578650322db3', 'MhFact_def3ba43f6eccb6d', 'MhFact_e1599bf3f3c26bdb', 'MhFact_eff6661027b6cbd2', 'MhFact_f4c06558ba3030b8', 'MhFact_f7fb58786d241d68', 'MhFact_fbae65436c8cc8bf', 'MhFact_fe45f583e0b81581']; cpu-seconds 29; max child RSS 3153 MB
=== done
=== 2026-10-02 02:00:41 build of 62 modules, jobs=2
=== Lean (version 4.33.1, x86_64-unknown-linux-gnu, commit 819816b2e0a3bf405af45ae5c7af2491d8f5bee6, Release)
=== LEAN_PATH=/home/lead/danus-projects/star6/lean433/pack3/build:/home/lead/danus-projects/star6/lean433/pack3/.lake/packages/aesop/.lake/build/lib/lean:/home/lead/danus-projects/star6/lean433/pack3/.lake/packages/batteries/.lake/build/lib/lean:/home/lead/danus-projects/star6/lean433/pack3/.lake/packages/importGraph/.lake/build/lib/lean:/home/lead/danus-projects/star6/lean433/pack3/.lake/packages/LeanSearchClient/.lake/build/lib/lean:/home/lead/danus-projects/star6/lean433/pack3/.lake/packages/mathlib/.lake/build/lib/lean:/home/lead/danus-projects/star6/lean433/pack3/.lake/packages/plausible/.lake/build/lib/lean:/home/lead/danus-projects/star6/lean433/pack3/.lake/packages/proofwidgets/.lake/build/lib/lean:/home/lead/danus-projects/star6/lean433/pack3/.lake/packages/Qq/.lake/build/lib/lean
ok   StarCore 0s (cached) warnings=0
ok   StarCert 0s (cached) warnings=0
ok   StarSix 0s (cached) warnings=0
ok   StarReduce 0s (cached) warnings=0
ok   StarLeaf 0s (cached) warnings=0
ok   StarChecker 0s (cached) warnings=0
ok   StarRigid 0s (cached) warnings=0
ok   StarCompose 0s (cached) warnings=0
ok   StarBottleneck 0s (cached) warnings=0
ok   StarMatching 0s (cached) warnings=0
ok   StarVizing 0s (cached) warnings=0
ok   StarExtension 0s (cached) warnings=0
ok   MhFact_5c1eb3f583cf643f 0s (cached) warnings=0
ok   MhFact_7d291f6ca774e1da 0s (cached) warnings=0
ok   MhFact_974f7197c1be8069 0s (cached) warnings=0
ok   MhFact_c64b6bd62b78d841 0s (cached) warnings=0
ok   MhFact_657e581f1145250f 0s (cached) warnings=0
ok   MhFact_341b6e5e1be16205 0s (cached) warnings=0
ok   MhFact_643ccea3769075c0 0s (cached) warnings=0
ok   MhFact_046773df0a672922 0s (cached) warnings=0
ok   MhFact_09796da8a434e150 0s (cached) warnings=0
ok   MhFact_6e44d3c2232b5736 0s (cached) warnings=0
ok   MhFact_ebeb33c568dfe4e4 0s (cached) warnings=0
ok   MhFact_066dc781a8de9c11 0s (cached) warnings=0
ok   MhFact_3e79907cfcc0085b 0s (cached) warnings=0
FAIL MhFact_75fc19c47ee38b89 2.6s warnings=8
 P
hloop : X.Loopless
hB : Colourable (leafSet C.flip.clo (Fin.last X.m)) 6
n0 : C.leafE.flip.inA (newE C.e1 0 ⋯) → (X.ends C.e1).1 = C.b1
n1 : C.leafE.flip.inA (newE C.e1 1 ⋯) → (X.ends C.e1).2 = C.b1
not01 : C.leafE.flip.inA (newE C.e1 0 ⋯) → C.leafE.flip.inA (newE C.e1 1 ⋯) → False
v0 :
  ∀ (a : Fin ((leafG X C.e1).addEdge C.leafE.flip.a1 C.leafE.flip.a2).m),
    C.leafE.flip.clo a → ↑a = X.m → C.leafE.flip.inA (newE C.e1 0 ⋯)
v1 :
  ∀ (a : Fin ((leafG X C.e1).addEdge C.leafE.flip.a1 C.leafE.flip.a2).m),
    C.leafE.flip.clo a → ↑a = X.m + 1 → C.leafE.flip.inA (newE C.e1 1 ⋯)
hd : C.leafE.flip.inA (newE C.e1 0 ⋯)
⊢ (leafG (X.addEdge C.b1 C.b2) (Fin.last X.m)).ends (newE (Fin.last X.m) 0 ⋯) =
    ((((leafG X C.e1).addEdge (vx X) (lv C.b2)).ends (newE C.e1 0 ⋯).castSucc).1,
      (((leafG X C.e1).addEdge (vx X) (lv C.b2)).ends (newE C.e1 0 ⋯).castSucc).2)

Note: The target expression is not type-correct under the `implicit` transparency level, which may have triggered the failure. This is usually caused by unfolding of semireducible definitions in prior tactic steps. Use `set_option linter.tacticCheckInstances true` to investigate the source of the issue.
Full error:
  Application type mismatch: The argument
    Fin.last X.m
  has type
    Fin (X.m + 1)
  but is expected to have type
    Fin (X.addEdge C.b1 C.b2).m
  in the application
    leafG (X.addEdge C.b1 C.b2) (Fin.last X.m)
/home/lead/danus-projects/star6/lean433/pack3/src/MhFact_75fc19c47ee38b89.lean:1000:29: error: Tactic `rewrite` failed: Did not find an occurrence of the pattern
  (leafG ?m.883 ?g).ends (newE ?g 0 ⋯)
in the target expression
  (leafG (X.addEdge C.b1 C.b2) (Fin.last X.m)).ends (newE (Fin.last X.m) 0 ⋯) =
    ((((leafG X C.e1).addEdge (vx X) (lv C.b2)).ends (newE C.e1 1 ⋯).castSucc).2,
      (((leafG X C.e1).addEdge (vx X) (lv C.b2)).ends (newE C.e1 1 ⋯).castSucc).1)

case refine_3.inr.inr.inr.inl
X : MGraph
P : Fin X.m → Prop
C : Cut2 P
hloop : X.Loopless
hB : Colourable (leafSet C.flip.clo (Fin.last X.m)) 6
n0 : C.leafE.flip.inA (newE C.e1 0 ⋯) → (X.ends C.e1).1 = C.b1
n1 : C.leafE.flip.inA (newE C.e1 1 ⋯) → (X.ends C.e1).2 = C.b1
not01 : C.leafE.flip.inA (newE C.e1 0 ⋯) → C.leafE.flip.inA (newE C.e1 1 ⋯) → False
v0 :
  ∀ (a : Fin ((leafG X C.e1).addEdge C.leafE.flip.a1 C.leafE.flip.a2).m),
    C.leafE.flip.clo a → ↑a = X.m → C.leafE.flip.inA (newE C.e1 0 ⋯)
v1 :
  ∀ (a : Fin ((leafG X C.e1).addEdge C.leafE.flip.a1 C.leafE.flip.a2).m),
    C.leafE.flip.clo a → ↑a = X.m + 1 → C.leafE.flip.inA (newE C.e1 1 ⋯)
hd : C.leafE.flip.inA (newE C.e1 1 ⋯)
⊢ (leafG (X.addEdge C.b1 C.b2) (Fin.last X.m)).ends (newE (Fin.last X.m) 0 ⋯) =
    ((((leafG X C.e1).addEdge (vx X) (lv C.b2)).ends (newE C.e1 1 ⋯).castSucc).2,
      (((leafG X C.e1).addEdge (vx X) (lv C.b2)).ends (newE C.e1 1 ⋯).castSucc).1)

Note: The target expression is not type-correct under the `implicit` transparency level, which may have triggered the failure. This is usually caused by unfolding of semireducible definitions in prior tactic steps. Use `set_option linter.tacticCheckInstances true` to investigate the source of the issue.
Full error:
  Application type mismatch: The argument
    Fin.last X.m
  has type
    Fin (X.m + 1)
  but is expected to have type
    Fin (X.addEdge C.b1 C.b2).m
  in the application
    leafG (X.addEdge C.b1 C.b2) (Fin.last X.m)
/home/lead/danus-projects/star6/lean433/pack3/src/MhFact_75fc19c47ee38b89.lean:1001:28: error: Tactic `rewrite` failed: Did not find an occurrence of the pattern
  (leafG ?m.893 ?g).ends (newE ?g 2 ⋯)
in the target expression
  (leafG (X.addEdge C.b1 C.b2) (Fin.last X.m)).ends (newE (Fin.last X.m) 2 ⋯) =
    ((((leafG X C.e1).addEdge (vx X) (lv C.b2)).ends (newE C.e1 2 ⋯).castSucc).1,
      (((leafG X C.e1).addEdge (vx X) (lv C.b2)).ends (newE C.e1 2 ⋯).castSucc).2)

case refine_3.inr.inr.inr.inr
X : MGraph
P : Fin X.m → Prop
C : Cut2 P
hloop : X.Loopless
hB : Colourable (leafSet C.flip.clo (Fin.last X.m)) 6
n0 : C.leafE.flip.inA (newE C.e1 0 ⋯) → (X.ends C.e1).1 = C.b1
n1 : C.leafE.flip.inA (newE C.e1 1 ⋯) → (X.ends C.e1).2 = C.b1
not01 : C.leafE.flip.inA (newE C.e1 0 ⋯) → C.leafE.flip.inA (newE C.e1 1 ⋯) → False
v0 :
  ∀ (a : Fin ((leafG X C.e1).addEdge C.leafE.flip.a1 C.leafE.flip.a2).m),
    C.leafE.flip.clo a → ↑a = X.m → C.leafE.flip.inA (newE C.e1 0 ⋯)
v1 :
  ∀ (a : Fin ((leafG X C.e1).addEdge C.leafE.flip.a1 C.leafE.flip.a2).m),
    C.leafE.flip.clo a → ↑a = X.m + 1 → C.leafE.flip.inA (newE C.e1 1 ⋯)
hd : C.leafE.flip.inA (newE C.e1 2 ⋯)
⊢ (leafG (X.addEdge C.b1 C.b2) (Fin.last X.m)).ends (newE (Fin.last X.m) 2 ⋯) =
    ((((leafG X C.e1).addEdge (vx X) (lv C.b2)).ends (newE C.e1 2 ⋯).castSucc).1,
      (((leafG X C.e1).addEdge (vx X) (lv C.b2)).ends (newE C.e1 2 ⋯).castSucc).2)

Note: The target expression is not type-correct under the `implicit` transparency level, which may have triggered the failure. This is usually caused by unfolding of semireducible definitions in prior tactic steps. Use `set_option linter.tacticCheckInstances true` to investigate the source of the issue.
Full error:
  Application type mismatch: The argument
    Fin.last X.m
  has type
    Fin (X.m + 1)
  but is expected to have type
    Fin (X.addEdge C.b1 C.b2).m
  in the application
    leafG (X.addEdge C.b1 C.b2) (Fin.last X.m)
/home/lead/danus-projects/star6/lean433/pack3/src/MhFact_75fc19c47ee38b89.lean:945:44: warning: declaration uses `sorry`
/home/lead/danus-projects/star6/lean433/pack3/src/MhFact_75fc19c47ee38b89.lean:945:17: warning: This simp argument is unused:
  Cut2.flip_S

Hint: Omit it from the simp argument list.
  [apply] simp only at h1

Note: This linter can be disabled with `set_option linter.unusedSimpArgs false`
/home/lead/danus-projects/star6/lean433/pack3/src/MhFact_75fc19c47ee38b89.lean:953:17: warning: This simp argument is unused:
  Cut2.flip_S

Hint: Omit it from the simp argument list.
  [apply] simp only at h2

Note: This linter can be disabled with `set_option linter.unusedSimpArgs false`
BLOCKED MhFact_a030b9ec722eb795
BLOCKED MhFact_90b4662cdeba097d
BLOCKED MhFact_9e7dda3374e6b172
BLOCKED MhFact_413193082c4b8758
BLOCKED MhFact_81c52cea8147de67
BLOCKED MhFact_c3375be11cf311ee
BLOCKED MhFact_345a55d7429fd4b1
BLOCKED MhFact_f7fb58786d241d68
BLOCKED MhFact_f4c06558ba3030b8
BLOCKED MhFact_30194dab4e05fdcf
BLOCKED MhFact_33aabc50b1cec1ba
BLOCKED MhFact_bde9371a01dd2855
BLOCKED MhFact_83263f8970f3987b
BLOCKED MhFact_85780d9a54267261
BLOCKED MhFact_57ea4db232a2b7f5
BLOCKED MhFact_2f482379fe24b1cb
BLOCKED MhFact_fe45f583e0b81581
BLOCKED MhFact_77e9ac7f87ab804f
BLOCKED MhFact_c156979f912a0408
BLOCKED MhFact_923511b69a46047e
BLOCKED MhFact_2e993e3b07378767
BLOCKED MhFact_54ed0ff9a1ed26b6
BLOCKED MhFact_eff6661027b6cbd2
BLOCKED MhFact_4f913d5550e57c85
BLOCKED MhFact_fbae65436c8cc8bf
BLOCKED MhFact_d39e578650322db3
BLOCKED MhFact_4b6dbe605eac3a1d
BLOCKED MhFact_724d35f964ae6f7d
BLOCKED MhFact_59c06cb7808fc140
BLOCKED MhFact_e1599bf3f3c26bdb
BLOCKED MhFact_cc801c1ba060f9c7
BLOCKED MhFact_def3ba43f6eccb6d
BLOCKED MhFact_256b4143cc30000f
BLOCKED MhFact_a8bfe25dadf921db
BLOCKED MhFact_38b6f78a47fdf12e
FAIL MhFact_6c78409a046a3fe7 7.3s warnings=12
sually caused by unfolding of semireducible definitions in prior tactic steps. Use `set_option linter.tacticCheckInstances true` to investigate the source of the issue.
Full error:
  Application type mismatch: The argument
    (RH2F.lv (X.ends (R.ψ ↑e)).1, RH2F.lv (X.ends (R.ψ ↑e)).2)
  has type
    Prod (Fin (X.n + 2)) (Fin (X.n + 2))
  but is expected to have type
    Prod (Fin (RH2F.leafG X (R.ψ g)).n) (Fin (RH2F.leafG X (R.ψ g)).n)
  in the application
    (RH2F.lv (X.ends (R.ψ ↑e)).1, RH2F.lv (X.ends (R.ψ ↑e)).2).1
/home/lead/danus-projects/star6/lean433/pack3/src/MhFact_6c78409a046a3fe7.lean:1027:34: warning: `Sym2.map_pair_eq` has been deprecated: Use `Sym2.map_mk` instead
/home/lead/danus-projects/star6/lean433/pack3/src/MhFact_6c78409a046a3fe7.lean:1029:58: warning: `Sym2.map_pair_eq` has been deprecated: Use `Sym2.map_mk` instead
/home/lead/danus-projects/star6/lean433/pack3/src/MhFact_6c78409a046a3fe7.lean:1030:58: warning: `Sym2.map_pair_eq` has been deprecated: Use `Sym2.map_mk` instead
/home/lead/danus-projects/star6/lean433/pack3/src/MhFact_6c78409a046a3fe7.lean:1066:26: warning: This simp argument is unused:
  if_pos rfl

Hint: Omit it from the simp argument list.
  [apply] simp only [o, oriG]

Note: This linter can be disabled with `set_option linter.unusedSimpArgs false`
/home/lead/danus-projects/star6/lean433/pack3/src/MhFact_6c78409a046a3fe7.lean:1238:15: warning: This simp argument is unused:
  Bool.and_eq_true

Hint: Omit it from the simp argument list.
  [apply] simp only [Bool.or_eq_true, decide_eq_true_eq] at hf

Note: This linter can be disabled with `set_option linter.unusedSimpArgs false`
/home/lead/danus-projects/star6/lean433/pack3/src/MhFact_6c78409a046a3fe7.lean:1449:41: error: Tactic `decide` failed for proposition
  ∀ (f : Fin (RH2F.leafG wK4 g0).m), (RH2F.leafG wK4 g0).Inc f (RH2F.vl wK4) → f = RH2F.newE g0 2 ⋯
because its `Decidable` instance
  decForallFin' fun f => (RH2F.leafG wK4 g0).Inc f (RH2F.vl wK4) → f = RH2F.newE g0 2 ⋯
did not reduce to `isTrue` or `isFalse`.

Reduction got stuck at the `Decidable` instance
  choice ⋯

Hint: Reduction got stuck on `choice`, which indicates that a `Decidable` instance is defined using classical reasoning, proving an instance exists rather than giving a concrete construction. The `decide` tactic works by evaluating a decision procedure via reduction, and it cannot make progress with such instances. This can occur due to the `open scoped Classical` command, which enables the instance `propDecidable`.
/home/lead/danus-projects/star6/lean433/pack3/src/MhFact_6c78409a046a3fe7.lean:1455:58: error: Tactic `decide` failed for proposition
  (RH2F.leafG wK4 g0).Inc (RH2F.newE g0 2 ⋯) (RH2F.vl wK4)
because its `Decidable` instance
  propDecidable ((RH2F.leafG wK4 g0).Inc (RH2F.newE g0 2 ⋯) (RH2F.vl wK4))
did not reduce to `isTrue` or `isFalse`.

After unfolding the instance `propDecidable`, reduction got stuck at the `Decidable` instance
  choice ⋯

Hint: Reduction got stuck on `choice`, which indicates that a `Decidable` instance is defined using classical reasoning, proving an instance exists rather than giving a concrete construction. The `decide` tactic works by evaluating a decision procedure via reduction, and it cannot make progress with such instances. This can occur due to the `open scoped Classical` command, which enables the instance `propDecidable`.
/home/lead/danus-projects/star6/lean433/pack3/src/MhFact_6c78409a046a3fe7.lean:1461:11: error: Tactic `decide` failed for proposition
  decide (((RH2F.leafG wK4 g0).ends (RH2F.newE g0 2 ⋯)).1 ≠ RH2F.vl wK4) = true
because its `Decidable` instance
  instDecidableEqBool (decide (((RH2F.leafG wK4 g0).ends (RH2F.newE g0 2 ⋯)).1 ≠ RH2F.vl wK4)) true
did not reduce to `isTrue` or `isFalse`.

After unfolding the instances `instDecidableEqBool`, `instDecidableNot`, `Bool.decEq`, and `propDecidable`, reduction got stuck at the `Decidable` instance
  match decide (((RH2F.leafG wK4 g0).ends (RH2F.newE g0 2 ⋯)).1 ≠ RH2F.vl wK4), true with
  | false, false => isTrue ⋯
  | false, true => isFalse ⋯
  | true, false => isFalse ⋯
  | true, true => isTrue ⋯
/home/lead/danus-projects/star6/lean433/pack3/src/MhFact_6c78409a046a3fe7.lean:1462:11: error: Tactic `decide` failed for proposition
  decide (((RH2F.leafG wK4 g0).ends (RH2F.newE g0 2 ⋯)).2 ≠ RH2F.vl wK4) = false
because its `Decidable` instance
  instDecidableEqBool (decide (((RH2F.leafG wK4 g0).ends (RH2F.newE g0 2 ⋯)).2 ≠ RH2F.vl wK4)) false
did not reduce to `isTrue` or `isFalse`.

After unfolding the instances `instDecidableEqBool`, `instDecidableNot`, `Bool.decEq`, and `propDecidable`, reduction got stuck at the `Decidable` instance
  match decide (((RH2F.leafG wK4 g0).ends (RH2F.newE g0 2 ⋯)).2 ≠ RH2F.vl wK4), false with
  | false, false => isTrue ⋯
  | false, true => isFalse ⋯
  | true, false => isFalse ⋯
  | true, true => isTrue ⋯
/home/lead/danus-projects/star6/lean433/pack3/src/MhFact_6c78409a046a3fe7.lean:1467:6: error: Tactic `decide` failed for proposition
  ∀ (f : Fin (RH2F.leafG wK4 g0).m),
    f ≠ RH2F.newE g0 2 ⋯ →
      decide (((RH2F.leafG wK4 g0).ends f).1 ≠ RH2F.vl wK4) = decide (((RH2F.leafG wK4 g0).ends f).2 ≠ RH2F.vl wK4)
because its `Decidable` instance
  decForallFin' fun f =>
    f ≠ RH2F.newE g0 2 ⋯ →
      decide (((RH2F.leafG wK4 g0).ends f).1 ≠ RH2F.vl wK4) = decide (((RH2F.leafG wK4 g0).ends f).2 ≠ RH2F.vl wK4)
did not reduce to `isTrue` or `isFalse`.

Reduction got stuck at the `Decidable` instance
  match decide (((RH2F.leafG wK4 g0).ends ⟨0, ⋯⟩).1 ≠ RH2F.vl wK4),
    decide (((RH2F.leafG wK4 g0).ends ⟨0, ⋯⟩).2 ≠ RH2F.vl wK4) with
  | false, false => isTrue ⋯
  | false, true => isFalse ⋯
  | true, false => isFalse ⋯
  | true, true => isTrue ⋯
/home/lead/danus-projects/star6/lean433/pack3/src/MhFact_6c78409a046a3fe7.lean:1459:4: error(lean.dependsOnNoncomputable): failed to compile definition, consider marking it as 'noncomputable' because it depends on 'propDecidable', which is 'noncomputable'
=== built 25/62; failed: ['MhFact_256b4143cc30000f', 'MhFact_2e993e3b07378767', 'MhFact_2f482379fe24b1cb', 'MhFact_30194dab4e05fdcf', 'MhFact_33aabc50b1cec1ba', 'MhFact_345a55d7429fd4b1', 'MhFact_38b6f78a47fdf12e', 'MhFact_413193082c4b8758', 'MhFact_4b6dbe605eac3a1d', 'MhFact_4f913d5550e57c85', 'MhFact_54ed0ff9a1ed26b6', 'MhFact_57ea4db232a2b7f5', 'MhFact_59c06cb7808fc140', 'MhFact_6c78409a046a3fe7', 'MhFact_724d35f964ae6f7d', 'MhFact_75fc19c47ee38b89', 'MhFact_77e9ac7f87ab804f', 'MhFact_81c52cea8147de67', 'MhFact_83263f8970f3987b', 'MhFact_85780d9a54267261', 'MhFact_90b4662cdeba097d', 'MhFact_923511b69a46047e', 'MhFact_9e7dda3374e6b172', 'MhFact_a030b9ec722eb795', 'MhFact_a8bfe25dadf921db', 'MhFact_bde9371a01dd2855', 'MhFact_c156979f912a0408', 'MhFact_c3375be11cf311ee', 'MhFact_cc801c1ba060f9c7', 'MhFact_d39e578650322db3', 'MhFact_def3ba43f6eccb6d', 'MhFact_e1599bf3f3c26bdb', 'MhFact_eff6661027b6cbd2', 'MhFact_f4c06558ba3030b8', 'MhFact_f7fb58786d241d68', 'MhFact_fbae65436c8cc8bf', 'MhFact_fe45f583e0b81581']; cpu-seconds 10; max child RSS 2600 MB
=== done
=== 2026-10-02 02:03:55 build of 62 modules, jobs=2
=== Lean (version 4.33.1, x86_64-unknown-linux-gnu, commit 819816b2e0a3bf405af45ae5c7af2491d8f5bee6, Release)
=== LEAN_PATH=/home/lead/danus-projects/star6/lean433/pack3/build:/home/lead/danus-projects/star6/lean433/pack3/.lake/packages/aesop/.lake/build/lib/lean:/home/lead/danus-projects/star6/lean433/pack3/.lake/packages/batteries/.lake/build/lib/lean:/home/lead/danus-projects/star6/lean433/pack3/.lake/packages/importGraph/.lake/build/lib/lean:/home/lead/danus-projects/star6/lean433/pack3/.lake/packages/LeanSearchClient/.lake/build/lib/lean:/home/lead/danus-projects/star6/lean433/pack3/.lake/packages/mathlib/.lake/build/lib/lean:/home/lead/danus-projects/star6/lean433/pack3/.lake/packages/plausible/.lake/build/lib/lean:/home/lead/danus-projects/star6/lean433/pack3/.lake/packages/proofwidgets/.lake/build/lib/lean:/home/lead/danus-projects/star6/lean433/pack3/.lake/packages/Qq/.lake/build/lib/lean
ok   StarCore 0s (cached) warnings=0
ok   StarCert 0s (cached) warnings=0
ok   StarSix 0s (cached) warnings=0
ok   StarReduce 0s (cached) warnings=0
ok   StarLeaf 0s (cached) warnings=0
ok   StarChecker 0s (cached) warnings=0
ok   StarRigid 0s (cached) warnings=0
ok   StarCompose 0s (cached) warnings=0
ok   StarMatching 0s (cached) warnings=0
ok   StarBottleneck 0s (cached) warnings=0
ok   StarVizing 0s (cached) warnings=0
ok   StarExtension 0s (cached) warnings=0
ok   MhFact_5c1eb3f583cf643f 0s (cached) warnings=0
ok   MhFact_974f7197c1be8069 0s (cached) warnings=0
ok   MhFact_7d291f6ca774e1da 0s (cached) warnings=0
ok   MhFact_c64b6bd62b78d841 0s (cached) warnings=0
ok   MhFact_657e581f1145250f 0s (cached) warnings=0
ok   MhFact_341b6e5e1be16205 0s (cached) warnings=0
ok   MhFact_643ccea3769075c0 0s (cached) warnings=0
ok   MhFact_046773df0a672922 0s (cached) warnings=0
ok   MhFact_09796da8a434e150 0s (cached) warnings=0
ok   MhFact_6e44d3c2232b5736 0s (cached) warnings=0
ok   MhFact_ebeb33c568dfe4e4 0s (cached) warnings=0
ok   MhFact_066dc781a8de9c11 0s (cached) warnings=0
ok   MhFact_3e79907cfcc0085b 0s (cached) warnings=0
ok   MhFact_75fc19c47ee38b89 2.7s warnings=4
ok   MhFact_a030b9ec722eb795 5.3s warnings=2
FAIL MhFact_6c78409a046a3fe7 8.2s warnings=13
/home/lead/danus-projects/star6/lean433/pack3/src/MhFact_6c78409a046a3fe7.lean:68:35: warning: `Symmetric` has been deprecated: Use `Std.Symm` instead

Note: The updated constant has a different type:
  {α : Sort u} → (α → α → Prop) → Prop
instead of
  {α : Sort u_1} → (α → α → Prop) → Prop
/home/lead/danus-projects/star6/lean433/pack3/src/MhFact_6c78409a046a3fe7.lean:73:2: warning: `Relation.ReflTransGen.symmetric` has been deprecated: Use `Relation.ReflTransGen.stdSymm` instead
/home/lead/danus-projects/star6/lean433/pack3/src/MhFact_6c78409a046a3fe7.lean:73:2: error: Function expected at
  Relation.ReflTransGen.symmetric
but this term has type
  Std.Symm (Relation.ReflTransGen ?m.6)

Note: Expected a function because this term is being applied to the argument
  (step_symm en F)
/home/lead/danus-projects/star6/lean433/pack3/src/MhFact_6c78409a046a3fe7.lean:220:32: warning: `Sym2.map_pair_eq` has been deprecated: Use `Sym2.map_mk` instead
/home/lead/danus-projects/star6/lean433/pack3/src/MhFact_6c78409a046a3fe7.lean:236:9: warning: `Sym2.map_pair_eq` has been deprecated: Use `Sym2.map_mk` instead
/home/lead/danus-projects/star6/lean433/pack3/src/MhFact_6c78409a046a3fe7.lean:578:4: error: Type mismatch
  Relation.ReflTransGen.mono (fun x y x_1 => ?m.28) ?m.30
has type
  Relation.ReflTransGen ?m.23 ?m.30 ≤ Relation.ReflTransGen ?m.24 ?m.30
but is expected to have type
  Conn en (fun x => True) a b
/home/lead/danus-projects/star6/lean433/pack3/src/MhFact_6c78409a046a3fe7.lean:578:40: error: Invalid `⟨...⟩` notation: The expected type of this term could not be determined
/home/lead/danus-projects/star6/lean433/pack3/src/MhFact_6c78409a046a3fe7.lean:578:72: error: Application type mismatch: The argument
  hab
has type
  Conn en (fun f => f ≠ e) a b
of sort `Prop` but is expected to have type
  ?m.22
of sort `Type ?u.30` in the application
  Relation.ReflTransGen.mono (fun x y x_1 => ?m.28) hab
/home/lead/danus-projects/star6/lean433/pack3/src/MhFact_6c78409a046a3fe7.lean:814:35: warning: `Sym2.map_pair_eq` has been deprecated: Use `Sym2.map_mk` instead
/home/lead/danus-projects/star6/lean433/pack3/src/MhFact_6c78409a046a3fe7.lean:814:35: warning: This simp argument is unused:
  Sym2.map_pair_eq

Hint: Omit it from the simp argument list.
  [apply] simp [subEn]

Note: This linter can be disabled with `set_option linter.unusedSimpArgs false`
/home/lead/danus-projects/star6/lean433/pack3/src/MhFact_6c78409a046a3fe7.lean:856:45: warning: `Sym2.map_pair_eq` has been deprecated: Use `Sym2.map_mk` instead
/home/lead/danus-projects/star6/lean433/pack3/src/MhFact_6c78409a046a3fe7.lean:1022:42: warning: `Sym2.map_pair_eq` has been deprecated: Use `Sym2.map_mk` instead
/home/lead/danus-projects/star6/lean433/pack3/src/MhFact_6c78409a046a3fe7.lean:1028:34: warning: `Sym2.map_pair_eq` has been deprecated: Use `Sym2.map_mk` instead
/home/lead/danus-projects/star6/lean433/pack3/src/MhFact_6c78409a046a3fe7.lean:1030:58: warning: `Sym2.map_pair_eq` has been deprecated: Use `Sym2.map_mk` instead
/home/lead/danus-projects/star6/lean433/pack3/src/MhFact_6c78409a046a3fe7.lean:1031:58: warning: `Sym2.map_pair_eq` has been deprecated: Use `Sym2.map_mk` instead
/home/lead/danus-projects/star6/lean433/pack3/src/MhFact_6c78409a046a3fe7.lean:1067:26: warning: This simp argument is unused:
  if_pos rfl

Hint: Omit it from the simp argument list.
  [apply] simp only [o, oriG]

Note: This linter can be disabled with `set_option linter.unusedSimpArgs false`
/home/lead/danus-projects/star6/lean433/pack3/src/MhFact_6c78409a046a3fe7.lean:1239:15: warning: This simp argument is unused:
  Bool.and_eq_true

Hint: Omit it from the simp argument list.
  [apply] simp only [Bool.or_eq_true, decide_eq_true_eq] at hf

Note: This linter can be disabled with `set_option linter.unusedSimpArgs false`
BLOCKED MhFact_c3375be11cf311ee
BLOCKED MhFact_345a55d7429fd4b1
BLOCKED MhFact_f7fb58786d241d68
BLOCKED MhFact_f4c06558ba3030b8
BLOCKED MhFact_30194dab4e05fdcf
BLOCKED MhFact_33aabc50b1cec1ba
BLOCKED MhFact_bde9371a01dd2855
BLOCKED MhFact_83263f8970f3987b
BLOCKED MhFact_85780d9a54267261
BLOCKED MhFact_57ea4db232a2b7f5
BLOCKED MhFact_2f482379fe24b1cb
BLOCKED MhFact_fe45f583e0b81581
BLOCKED MhFact_77e9ac7f87ab804f
BLOCKED MhFact_c156979f912a0408
BLOCKED MhFact_923511b69a46047e
BLOCKED MhFact_2e993e3b07378767
BLOCKED MhFact_54ed0ff9a1ed26b6
BLOCKED MhFact_eff6661027b6cbd2
BLOCKED MhFact_4f913d5550e57c85
BLOCKED MhFact_fbae65436c8cc8bf
BLOCKED MhFact_d39e578650322db3
BLOCKED MhFact_4b6dbe605eac3a1d
BLOCKED MhFact_724d35f964ae6f7d
BLOCKED MhFact_59c06cb7808fc140
BLOCKED MhFact_e1599bf3f3c26bdb
BLOCKED MhFact_cc801c1ba060f9c7
BLOCKED MhFact_def3ba43f6eccb6d
BLOCKED MhFact_256b4143cc30000f
BLOCKED MhFact_a8bfe25dadf921db
BLOCKED MhFact_38b6f78a47fdf12e
FAIL MhFact_90b4662cdeba097d 1.3s warnings=0
/home/lead/danus-projects/star6/lean433/pack3/src/MhFact_90b4662cdeba097d.lean:121:114: error: Type mismatch: After simplification, term
  hvB
 has type
  @LT.lt ℕ instLTNat (scount P C.S false) n
but is expected to have type
  @LT.lt ℕ instLTNat (scount P C.swap12.S false) n
BLOCKED MhFact_9e7dda3374e6b172
BLOCKED MhFact_413193082c4b8758
BLOCKED MhFact_81c52cea8147de67
=== built 27/62; failed: ['MhFact_256b4143cc30000f', 'MhFact_2e993e3b07378767', 'MhFact_2f482379fe24b1cb', 'MhFact_30194dab4e05fdcf', 'MhFact_33aabc50b1cec1ba', 'MhFact_345a55d7429fd4b1', 'MhFact_38b6f78a47fdf12e', 'MhFact_413193082c4b8758', 'MhFact_4b6dbe605eac3a1d', 'MhFact_4f913d5550e57c85', 'MhFact_54ed0ff9a1ed26b6', 'MhFact_57ea4db232a2b7f5', 'MhFact_59c06cb7808fc140', 'MhFact_6c78409a046a3fe7', 'MhFact_724d35f964ae6f7d', 'MhFact_77e9ac7f87ab804f', 'MhFact_81c52cea8147de67', 'MhFact_83263f8970f3987b', 'MhFact_85780d9a54267261', 'MhFact_90b4662cdeba097d', 'MhFact_923511b69a46047e', 'MhFact_9e7dda3374e6b172', 'MhFact_a8bfe25dadf921db', 'MhFact_bde9371a01dd2855', 'MhFact_c156979f912a0408', 'MhFact_c3375be11cf311ee', 'MhFact_cc801c1ba060f9c7', 'MhFact_d39e578650322db3', 'MhFact_def3ba43f6eccb6d', 'MhFact_e1599bf3f3c26bdb', 'MhFact_eff6661027b6cbd2', 'MhFact_f4c06558ba3030b8', 'MhFact_f7fb58786d241d68', 'MhFact_fbae65436c8cc8bf', 'MhFact_fe45f583e0b81581']; cpu-seconds 18; max child RSS 2713 MB
=== done
=== 2026-10-02 02:07:25 build of 62 modules, jobs=2
=== Lean (version 4.33.1, x86_64-unknown-linux-gnu, commit 819816b2e0a3bf405af45ae5c7af2491d8f5bee6, Release)
=== LEAN_PATH=/home/lead/danus-projects/star6/lean433/pack3/build:/home/lead/danus-projects/star6/lean433/pack3/.lake/packages/aesop/.lake/build/lib/lean:/home/lead/danus-projects/star6/lean433/pack3/.lake/packages/batteries/.lake/build/lib/lean:/home/lead/danus-projects/star6/lean433/pack3/.lake/packages/importGraph/.lake/build/lib/lean:/home/lead/danus-projects/star6/lean433/pack3/.lake/packages/LeanSearchClient/.lake/build/lib/lean:/home/lead/danus-projects/star6/lean433/pack3/.lake/packages/mathlib/.lake/build/lib/lean:/home/lead/danus-projects/star6/lean433/pack3/.lake/packages/plausible/.lake/build/lib/lean:/home/lead/danus-projects/star6/lean433/pack3/.lake/packages/proofwidgets/.lake/build/lib/lean:/home/lead/danus-projects/star6/lean433/pack3/.lake/packages/Qq/.lake/build/lib/lean
ok   StarCore 0s (cached) warnings=0
ok   StarCert 0s (cached) warnings=0
ok   StarSix 0s (cached) warnings=0
ok   StarReduce 0s (cached) warnings=0
ok   StarChecker 0s (cached) warnings=0
ok   StarLeaf 0s (cached) warnings=0
ok   StarRigid 0s (cached) warnings=0
ok   StarCompose 0s (cached) warnings=0
ok   StarBottleneck 0s (cached) warnings=0
ok   StarMatching 0s (cached) warnings=0
ok   StarVizing 0s (cached) warnings=0
ok   StarExtension 0s (cached) warnings=0
ok   MhFact_5c1eb3f583cf643f 0s (cached) warnings=0
ok   MhFact_7d291f6ca774e1da 0s (cached) warnings=0
ok   MhFact_c64b6bd62b78d841 0s (cached) warnings=0
ok   MhFact_974f7197c1be8069 0s (cached) warnings=0
ok   MhFact_657e581f1145250f 0s (cached) warnings=0
ok   MhFact_341b6e5e1be16205 0s (cached) warnings=0
ok   MhFact_643ccea3769075c0 0s (cached) warnings=0
ok   MhFact_046773df0a672922 0s (cached) warnings=0
ok   MhFact_09796da8a434e150 0s (cached) warnings=0
ok   MhFact_6e44d3c2232b5736 0s (cached) warnings=0
ok   MhFact_ebeb33c568dfe4e4 0s (cached) warnings=0
ok   MhFact_066dc781a8de9c11 0s (cached) warnings=0
ok   MhFact_3e79907cfcc0085b 0s (cached) warnings=0
ok   MhFact_75fc19c47ee38b89 0s (cached) warnings=0
ok   MhFact_a030b9ec722eb795 0s (cached) warnings=0
ok   MhFact_90b4662cdeba097d 1.5s warnings=2
ok   MhFact_9e7dda3374e6b172 1.5s warnings=2
ok   MhFact_413193082c4b8758 1.1s warnings=2
ok   MhFact_81c52cea8147de67 3.0s warnings=13
ok   MhFact_6c78409a046a3fe7 8.1s warnings=14
FAIL MhFact_c3375be11cf311ee 1.5s warnings=14
/home/lead/danus-projects/star6/lean433/pack3/src/MhFact_c3375be11cf311ee.lean:57:22: warning: Variable name `Q` is not explicitly referenced.

Hint: The binding can be removed (if unused) or named `_` (if used implicitly). Alternatively, prefix the name with `_` to silence this warning:
  [apply] _Q

Note: This linter can be disabled with `set_option linter.unusedVariables false`
/home/lead/danus-projects/star6/lean433/pack3/src/MhFact_c3375be11cf311ee.lean:155:4: error: No applicable extensionality theorem found for type
  Type

Note: Extensionality theorems can be registered by marking them with the `[ext]` attribute
/home/lead/danus-projects/star6/lean433/pack3/src/MhFact_c3375be11cf311ee.lean:158:2: error: unsolved goals
case e'_3
Y : MGraph
D : Fin Y.m → Prop
hloop : Y.Loopless
Q : Fin Y.m → Prop
S : Fin Y.n → Bool
b : Bool
A : Finset (Fin Y.m) := {d | (Q d ∧ D d) ∧ S (Y.ends d).1 = b}
hA : (cntF Y.m fun d => (Q d ∧ D d) ∧ S (Y.ends d).1 = b) = A.card
hset :
  ∀ (w : Fin (digG Y D).n),
    meets (digSet Q D) w ∧ liftD S w = b ↔
      w ∈ Finset.image dO {x | meets Q x ∧ S x = b} ∪ (Finset.image dU A ∪ Finset.image dV A)
hbig :
  (Finset.image dO {x | meets Q x ∧ S x = b} ∪ (Finset.image dU A ∪ Finset.image dV A)).card =
    {x | meets Q x ∧ S x = b}.card + 2 * A.card
e_1✝ : Fin (digG Y D).n = Fin (Y.n + 2 * Y.m)
⊢ Finset.image dO {x | meets Q x ∧ S x = b} ∪ (Finset.image dU A ∪ Finset.image dV A) =
    {v | meets (digSet Q D) v ∧ liftD S v = b}
/home/lead/danus-projects/star6/lean433/pack3/src/MhFact_c3375be11cf311ee.lean:104:113: error: unsolved goals
case e'_3
Y : MGraph
D : Fin Y.m → Prop
hloop : Y.Loopless
Q : Fin Y.m → Prop
S : Fin Y.n → Bool
b : Bool
A : Finset (Fin Y.m) := {d | (Q d ∧ D d) ∧ S (Y.ends d).1 = b}
hA : (cntF Y.m fun d => (Q d ∧ D d) ∧ S (Y.ends d).1 = b) = A.card
hset :
  ∀ (w : Fin (digG Y D).n),
    meets (digSet Q D) w ∧ liftD S w = b ↔
      w ∈ Finset.image dO {x | meets Q x ∧ S x = b} ∪ (Finset.image dU A ∪ Finset.image dV A)
hbig :
  (Finset.image dO {x | meets Q x ∧ S x = b} ∪ (Finset.image dU A ∪ Finset.image dV A)).card =
    {x | meets Q x ∧ S x = b}.card + 2 * A.card
⊢ {v | meets Q v ∧ S v = b}.card = {x | meets Q x ∧ S x = b}.card
/home/lead/danus-projects/star6/lean433/pack3/src/MhFact_c3375be11cf311ee.lean:253:6: warning: `push_neg` has been deprecated. Prefer using `push Not` instead.
If you'd rather continue using `push_neg` in your project, you can implement it as follows:
```
open Lean.Parser.Tactic in
macro "push_neg" cfg:optConfig loc:(location)? : tactic =>
  `(tactic| push $cfg:optConfig Not $[$loc]?)
```
/home/lead/danus-projects/star6/lean433/pack3/src/MhFact_c3375be11cf311ee.lean:262:6: warning: `push_neg` has been deprecated. Prefer using `push Not` instead.
If you'd rather continue using `push_neg` in your project, you can implement it as follows:
```
open Lean.Parser.Tactic in
macro "push_neg" cfg:optConfig loc:(location)? : tactic =>
  `(tactic| push $cfg:optConfig Not $[$loc]?)
```
/home/lead/danus-projects/star6/lean433/pack3/src/MhFact_c3375be11cf311ee.lean:264:4: warning: `push_neg` has been deprecated. Prefer using `push Not` instead.
If you'd rather continue using `push_neg` in your project, you can implement it as follows:
```
open Lean.Parser.Tactic in
macro "push_neg" cfg:optConfig loc:(location)? : tactic =>
  `(tactic| push $cfg:optConfig Not $[$loc]?)
```
/home/lead/danus-projects/star6/lean433/pack3/src/MhFact_c3375be11cf311ee.lean:693:21: warning: `push_neg` has been deprecated. Prefer using `push Not` instead.
If you'd rather continue using `push_neg` in your project, you can implement it as follows:
```
open Lean.Parser.Tactic in
macro "push_neg" cfg:optConfig loc:(location)? : tactic =>
  `(tactic| push $cfg:optConfig Not $[$loc]?)
```
/home/lead/danus-projects/star6/lean433/pack3/src/MhFact_c3375be11cf311ee.lean:1006:19: warning: Variable name `h2` is not explicitly referenced.

Hint: The binding can be removed (if unused) or named `_` (if used implicitly). Alternatively, prefix the name with `_` to silence this warning:
  [apply] _h2

Note: This linter can be disabled with `set_option linter.unusedVariables false`
/home/lead/danus-projects/star6/lean433/pack3/src/MhFact_c3375be11cf311ee.lean:1006:44: warning: Variable name `h10` is not explicitly referenced.

Hint: The binding can be removed (if unused) or named `_` (if used implicitly). Alternatively, prefix the name with `_` to silence this warning:
  [apply] _h10

Note: This linter can be disabled with `set_option linter.unusedVariables false`
/home/lead/danus-projects/star6/lean433/pack3/src/MhFact_c3375be11cf311ee.lean:1223:20: warning: Variable name `h2` is not explicitly referenced.

Hint: The binding can be removed (if unused) or named `_` (if used implicitly). Alternatively, prefix the name with `_` to silence this warning:
  [apply] _h2

Note: This linter can be disabled with `set_option linter.unusedVariables false`
/home/lead/danus-projects/star6/lean433/pack3/src/MhFact_c3375be11cf311ee.lean:1223:45: warning: Variable name `h10` is not explicitly referenced.

Hint: The binding can be removed (if unused) or named `_` (if used implicitly). Alternatively, prefix the name with `_` to silence this warning:
  [apply] _h10

Note: This linter can be disabled with `set_option linter.unusedVariables false`
BLOCKED MhFact_345a55d7429fd4b1
BLOCKED MhFact_f7fb58786d241d68
BLOCKED MhFact_f4c06558ba3030b8
BLOCKED MhFact_30194dab4e05fdcf
BLOCKED MhFact_33aabc50b1cec1ba
BLOCKED MhFact_bde9371a01dd2855
BLOCKED MhFact_83263f8970f3987b
BLOCKED MhFact_85780d9a54267261
BLOCKED MhFact_57ea4db232a2b7f5
BLOCKED MhFact_2f482379fe24b1cb
BLOCKED MhFact_fe45f583e0b81581
BLOCKED MhFact_77e9ac7f87ab804f
BLOCKED MhFact_c156979f912a0408
BLOCKED MhFact_923511b69a46047e
BLOCKED MhFact_2e993e3b07378767
BLOCKED MhFact_54ed0ff9a1ed26b6
BLOCKED MhFact_eff6661027b6cbd2
BLOCKED MhFact_4f913d5550e57c85
BLOCKED MhFact_fbae65436c8cc8bf
BLOCKED MhFact_d39e578650322db3
BLOCKED MhFact_4b6dbe605eac3a1d
BLOCKED MhFact_724d35f964ae6f7d
BLOCKED MhFact_59c06cb7808fc140
BLOCKED MhFact_e1599bf3f3c26bdb
BLOCKED MhFact_cc801c1ba060f9c7
BLOCKED MhFact_def3ba43f6eccb6d
BLOCKED MhFact_256b4143cc30000f
BLOCKED MhFact_a8bfe25dadf921db
BLOCKED MhFact_38b6f78a47fdf12e
=== built 32/62; failed: ['MhFact_256b4143cc30000f', 'MhFact_2e993e3b07378767', 'MhFact_2f482379fe24b1cb', 'MhFact_30194dab4e05fdcf', 'MhFact_33aabc50b1cec1ba', 'MhFact_345a55d7429fd4b1', 'MhFact_38b6f78a47fdf12e', 'MhFact_4b6dbe605eac3a1d', 'MhFact_4f913d5550e57c85', 'MhFact_54ed0ff9a1ed26b6', 'MhFact_57ea4db232a2b7f5', 'MhFact_59c06cb7808fc140', 'MhFact_724d35f964ae6f7d', 'MhFact_77e9ac7f87ab804f', 'MhFact_83263f8970f3987b', 'MhFact_85780d9a54267261', 'MhFact_923511b69a46047e', 'MhFact_a8bfe25dadf921db', 'MhFact_bde9371a01dd2855', 'MhFact_c156979f912a0408', 'MhFact_c3375be11cf311ee', 'MhFact_cc801c1ba060f9c7', 'MhFact_d39e578650322db3', 'MhFact_def3ba43f6eccb6d', 'MhFact_e1599bf3f3c26bdb', 'MhFact_eff6661027b6cbd2', 'MhFact_f4c06558ba3030b8', 'MhFact_f7fb58786d241d68', 'MhFact_fbae65436c8cc8bf', 'MhFact_fe45f583e0b81581']; cpu-seconds 17; max child RSS 2550 MB
=== done
=== 2026-10-02 02:11:15 build of 62 modules, jobs=2
=== Lean (version 4.33.1, x86_64-unknown-linux-gnu, commit 819816b2e0a3bf405af45ae5c7af2491d8f5bee6, Release)
=== LEAN_PATH=/home/lead/danus-projects/star6/lean433/pack3/build:/home/lead/danus-projects/star6/lean433/pack3/.lake/packages/aesop/.lake/build/lib/lean:/home/lead/danus-projects/star6/lean433/pack3/.lake/packages/batteries/.lake/build/lib/lean:/home/lead/danus-projects/star6/lean433/pack3/.lake/packages/importGraph/.lake/build/lib/lean:/home/lead/danus-projects/star6/lean433/pack3/.lake/packages/LeanSearchClient/.lake/build/lib/lean:/home/lead/danus-projects/star6/lean433/pack3/.lake/packages/mathlib/.lake/build/lib/lean:/home/lead/danus-projects/star6/lean433/pack3/.lake/packages/plausible/.lake/build/lib/lean:/home/lead/danus-projects/star6/lean433/pack3/.lake/packages/proofwidgets/.lake/build/lib/lean:/home/lead/danus-projects/star6/lean433/pack3/.lake/packages/Qq/.lake/build/lib/lean
ok   StarCore 0s (cached) warnings=0
ok   StarCert 0s (cached) warnings=0
ok   StarSix 0s (cached) warnings=0
ok   StarReduce 0s (cached) warnings=0
ok   StarChecker 0s (cached) warnings=0
ok   StarLeaf 0s (cached) warnings=0
ok   StarCompose 0s (cached) warnings=0
ok   StarRigid 0s (cached) warnings=0
ok   StarBottleneck 0s (cached) warnings=0
ok   StarMatching 0s (cached) warnings=0
ok   StarVizing 0s (cached) warnings=0
ok   StarExtension 0s (cached) warnings=0
ok   MhFact_5c1eb3f583cf643f 0s (cached) warnings=0
ok   MhFact_7d291f6ca774e1da 0s (cached) warnings=0
ok   MhFact_974f7197c1be8069 0s (cached) warnings=0
ok   MhFact_c64b6bd62b78d841 0s (cached) warnings=0
ok   MhFact_657e581f1145250f 0s (cached) warnings=0
ok   MhFact_341b6e5e1be16205 0s (cached) warnings=0
ok   MhFact_643ccea3769075c0 0s (cached) warnings=0
ok   MhFact_046773df0a672922 0s (cached) warnings=0
ok   MhFact_09796da8a434e150 0s (cached) warnings=0
ok   MhFact_6e44d3c2232b5736 0s (cached) warnings=0
ok   MhFact_ebeb33c568dfe4e4 0s (cached) warnings=0
ok   MhFact_066dc781a8de9c11 0s (cached) warnings=0
ok   MhFact_3e79907cfcc0085b 0s (cached) warnings=0
ok   MhFact_6c78409a046a3fe7 0s (cached) warnings=0
ok   MhFact_75fc19c47ee38b89 0s (cached) warnings=0
ok   MhFact_a030b9ec722eb795 0s (cached) warnings=0
ok   MhFact_90b4662cdeba097d 0s (cached) warnings=0
ok   MhFact_9e7dda3374e6b172 0s (cached) warnings=0
ok   MhFact_413193082c4b8758 0s (cached) warnings=0
ok   MhFact_81c52cea8147de67 0s (cached) warnings=0
ok   MhFact_c3375be11cf311ee 1.6s warnings=14
ok   MhFact_345a55d7429fd4b1 1.4s warnings=2
ok   MhFact_f7fb58786d241d68 0.9s warnings=1
ok   MhFact_30194dab4e05fdcf 2.7s warnings=12
ok   MhFact_f4c06558ba3030b8 13.1s warnings=0
ok   MhFact_33aabc50b1cec1ba 10.7s warnings=17
ok   MhFact_bde9371a01dd2855 1.7s warnings=2
ok   MhFact_83263f8970f3987b 1.6s warnings=0
ok   MhFact_85780d9a54267261 9.2s warnings=0
ok   MhFact_57ea4db232a2b7f5 6.4s warnings=4
FAIL MhFact_2f482379fe24b1cb 4.1s warnings=9
/home/lead/danus-projects/star6/lean433/pack3/src/MhFact_2f482379fe24b1cb.lean:433:8: warning: `List.take_succ` has been deprecated: Use `List.take_add_one` instead
/home/lead/danus-projects/star6/lean433/pack3/src/MhFact_2f482379fe24b1cb.lean:438:30: warning: This simp argument is unused:
  List.filter_cons

Hint: Omit it from the simp argument list.
  [apply] simp [List.getElem?_eq_getElem hlt, h]

Note: This linter can be disabled with `set_option linter.unusedSimpArgs false`
/home/lead/danus-projects/star6/lean433/pack3/src/MhFact_2f482379fe24b1cb.lean:912:4: error: Type mismatch: After simplification, term
  h5
 has type
  @Eq Bool
    ((List.range n).all fun v =>
      (nb.getD v []).all fun t =>
        t.1.blt el.length &&
            ((el.getD t.1 (0, 0)).1.beq v && (el.getD t.1 (0, 0)).2.beq t.2.1 ||
              (el.getD t.1 (0, 0)).1.beq t.2.1 && (el.getD t.1 (0, 0)).2.beq v) &&
          t.2.2.beq (pc.getD t.1 0))
    true
but is expected to have type
  @Eq Bool
    ((List.range n).all fun v =>
      (nb.getD v []).all fun t =>
        t.1.blt el.length &&
            ((gE el t.1).1.beq v && (gE el t.1).2.beq t.2.1 || (gE el t.1).1.beq t.2.1 && (gE el t.1).2.beq v) &&
          t.2.2.beq (pc.getD t.1 0))
    true
/home/lead/danus-projects/star6/lean433/pack3/src/MhFact_2f482379fe24b1cb.lean:966:88: warning: Used `tac1 <;> tac2` where `(tac1; tac2)` would suffice

Note: This linter can be disabled with `set_option linter.unnecessarySeqFocus false`
/home/lead/danus-projects/star6/lean433/pack3/src/MhFact_2f482379fe24b1cb.lean:1040:39: warning: This simp argument is unused:
  h

Hint: Omit it from the simp argument list.
  [apply] simp

Note: This linter can be disabled with `set_option linter.unusedSimpArgs false`
/home/lead/danus-projects/star6/lean433/pack3/src/MhFact_2f482379fe24b1cb.lean:1067:63: warning: `Set.mem_setOf_eq` has been deprecated: Use `Set.mem_ofPred_eq` instead
/home/lead/danus-projects/star6/lean433/pack3/src/MhFact_2f482379fe24b1cb.lean:1108:45: warning: This simp argument is unused:
  List.mem_singleton

Hint: Omit it from the simp argument list.
  [apply] simp only [List.nodup_cons, List.mem_cons, not_or, List.not_mem_nil, not_false_eq_true, List.nodup_nil,
    and_true] at hnd

Note: This linter can be disabled with `set_option linter.unusedSimpArgs false`
/home/lead/danus-projects/star6/lean433/pack3/src/MhFact_2f482379fe24b1cb.lean:1126:30: warning: This simp argument is unused:
  List.mem_singleton

Hint: Omit it from the simp argument list.
  [apply] simp only [List.mem_cons, List.not_mem_nil, or_false] at hx

Note: This linter can be disabled with `set_option linter.unusedSimpArgs false`
/home/lead/danus-projects/star6/lean433/pack3/src/MhFact_2f482379fe24b1cb.lean:1232:47: warning: `List.take_succ` has been deprecated: Use `List.take_add_one` instead
/home/lead/danus-projects/star6/lean433/pack3/src/MhFact_2f482379fe24b1cb.lean:1302:30: warning: This simp argument is unused:
  beq_iff_eq

Hint: Omit it from the simp argument list.
  [apply] simp only [Bool.or_eq_true] at h1

Note: This linter can be disabled with `set_option linter.unusedSimpArgs false`
/home/lead/danus-projects/star6/lean433/pack3/src/MhFact_2f482379fe24b1cb.lean:1423:2: error: (kernel) deep recursion detected, use `set_option maxRecDepth <num>` to increase the limit
/home/lead/danus-projects/star6/lean433/pack3/src/MhFact_2f482379fe24b1cb.lean:1427:2: error: (kernel) deep recursion detected, use `set_option maxRecDepth <num>` to increase the limit
BLOCKED MhFact_fe45f583e0b81581
BLOCKED MhFact_77e9ac7f87ab804f
BLOCKED MhFact_c156979f912a0408
BLOCKED MhFact_923511b69a46047e
BLOCKED MhFact_2e993e3b07378767
BLOCKED MhFact_54ed0ff9a1ed26b6
BLOCKED MhFact_eff6661027b6cbd2
BLOCKED MhFact_4f913d5550e57c85
BLOCKED MhFact_fbae65436c8cc8bf
BLOCKED MhFact_d39e578650322db3
BLOCKED MhFact_4b6dbe605eac3a1d
BLOCKED MhFact_724d35f964ae6f7d
BLOCKED MhFact_59c06cb7808fc140
BLOCKED MhFact_e1599bf3f3c26bdb
BLOCKED MhFact_cc801c1ba060f9c7
BLOCKED MhFact_def3ba43f6eccb6d
BLOCKED MhFact_256b4143cc30000f
BLOCKED MhFact_a8bfe25dadf921db
BLOCKED MhFact_38b6f78a47fdf12e
=== built 42/62; failed: ['MhFact_256b4143cc30000f', 'MhFact_2e993e3b07378767', 'MhFact_2f482379fe24b1cb', 'MhFact_38b6f78a47fdf12e', 'MhFact_4b6dbe605eac3a1d', 'MhFact_4f913d5550e57c85', 'MhFact_54ed0ff9a1ed26b6', 'MhFact_59c06cb7808fc140', 'MhFact_724d35f964ae6f7d', 'MhFact_77e9ac7f87ab804f', 'MhFact_923511b69a46047e', 'MhFact_a8bfe25dadf921db', 'MhFact_c156979f912a0408', 'MhFact_cc801c1ba060f9c7', 'MhFact_d39e578650322db3', 'MhFact_def3ba43f6eccb6d', 'MhFact_e1599bf3f3c26bdb', 'MhFact_eff6661027b6cbd2', 'MhFact_fbae65436c8cc8bf', 'MhFact_fe45f583e0b81581']; cpu-seconds 53; max child RSS 3218 MB
=== done
=== 2026-10-02 02:15:18 build of 62 modules, jobs=2
=== Lean (version 4.33.1, x86_64-unknown-linux-gnu, commit 819816b2e0a3bf405af45ae5c7af2491d8f5bee6, Release)
=== LEAN_PATH=/home/lead/danus-projects/star6/lean433/pack3/build:/home/lead/danus-projects/star6/lean433/pack3/.lake/packages/aesop/.lake/build/lib/lean:/home/lead/danus-projects/star6/lean433/pack3/.lake/packages/batteries/.lake/build/lib/lean:/home/lead/danus-projects/star6/lean433/pack3/.lake/packages/importGraph/.lake/build/lib/lean:/home/lead/danus-projects/star6/lean433/pack3/.lake/packages/LeanSearchClient/.lake/build/lib/lean:/home/lead/danus-projects/star6/lean433/pack3/.lake/packages/mathlib/.lake/build/lib/lean:/home/lead/danus-projects/star6/lean433/pack3/.lake/packages/plausible/.lake/build/lib/lean:/home/lead/danus-projects/star6/lean433/pack3/.lake/packages/proofwidgets/.lake/build/lib/lean:/home/lead/danus-projects/star6/lean433/pack3/.lake/packages/Qq/.lake/build/lib/lean
ok   StarCore 0s (cached) warnings=0
ok   StarCert 0s (cached) warnings=0
ok   StarSix 0s (cached) warnings=0
ok   StarReduce 0s (cached) warnings=0
ok   StarChecker 0s (cached) warnings=0
ok   StarLeaf 0s (cached) warnings=0
ok   StarRigid 0s (cached) warnings=0
ok   StarCompose 0s (cached) warnings=0
ok   StarMatching 0s (cached) warnings=0
ok   StarBottleneck 0s (cached) warnings=0
ok   StarVizing 0s (cached) warnings=0
ok   StarExtension 0s (cached) warnings=0
ok   MhFact_5c1eb3f583cf643f 0s (cached) warnings=0
ok   MhFact_7d291f6ca774e1da 0s (cached) warnings=0
ok   MhFact_c64b6bd62b78d841 0s (cached) warnings=0
ok   MhFact_974f7197c1be8069 0s (cached) warnings=0
ok   MhFact_657e581f1145250f 0s (cached) warnings=0
ok   MhFact_341b6e5e1be16205 0s (cached) warnings=0
ok   MhFact_643ccea3769075c0 0s (cached) warnings=0
ok   MhFact_046773df0a672922 0s (cached) warnings=0
ok   MhFact_09796da8a434e150 0s (cached) warnings=0
ok   MhFact_6e44d3c2232b5736 0s (cached) warnings=0
ok   MhFact_ebeb33c568dfe4e4 0s (cached) warnings=0
ok   MhFact_066dc781a8de9c11 0s (cached) warnings=0
ok   MhFact_3e79907cfcc0085b 0s (cached) warnings=0
ok   MhFact_75fc19c47ee38b89 0s (cached) warnings=0
ok   MhFact_a030b9ec722eb795 0s (cached) warnings=0
ok   MhFact_6c78409a046a3fe7 0s (cached) warnings=0
ok   MhFact_90b4662cdeba097d 0s (cached) warnings=0
ok   MhFact_9e7dda3374e6b172 0s (cached) warnings=0
ok   MhFact_413193082c4b8758 0s (cached) warnings=0
ok   MhFact_81c52cea8147de67 0s (cached) warnings=0
ok   MhFact_c3375be11cf311ee 0s (cached) warnings=0
ok   MhFact_345a55d7429fd4b1 0s (cached) warnings=0
ok   MhFact_f7fb58786d241d68 0s (cached) warnings=0
ok   MhFact_f4c06558ba3030b8 0s (cached) warnings=0
ok   MhFact_30194dab4e05fdcf 0s (cached) warnings=0
ok   MhFact_33aabc50b1cec1ba 0s (cached) warnings=0
ok   MhFact_bde9371a01dd2855 0s (cached) warnings=0
ok   MhFact_83263f8970f3987b 0s (cached) warnings=0
ok   MhFact_85780d9a54267261 0s (cached) warnings=0
ok   MhFact_57ea4db232a2b7f5 0s (cached) warnings=0
FAIL MhFact_2f482379fe24b1cb 7.0s warnings=9
/home/lead/danus-projects/star6/lean433/pack3/src/MhFact_2f482379fe24b1cb.lean:433:8: warning: `List.take_succ` has been deprecated: Use `List.take_add_one` instead
/home/lead/danus-projects/star6/lean433/pack3/src/MhFact_2f482379fe24b1cb.lean:438:30: warning: This simp argument is unused:
  List.filter_cons

Hint: Omit it from the simp argument list.
  [apply] simp [List.getElem?_eq_getElem hlt, h]

Note: This linter can be disabled with `set_option linter.unusedSimpArgs false`
/home/lead/danus-projects/star6/lean433/pack3/src/MhFact_2f482379fe24b1cb.lean:966:88: warning: Used `tac1 <;> tac2` where `(tac1; tac2)` would suffice

Note: This linter can be disabled with `set_option linter.unnecessarySeqFocus false`
/home/lead/danus-projects/star6/lean433/pack3/src/MhFact_2f482379fe24b1cb.lean:1040:39: warning: This simp argument is unused:
  h

Hint: Omit it from the simp argument list.
  [apply] simp

Note: This linter can be disabled with `set_option linter.unusedSimpArgs false`
/home/lead/danus-projects/star6/lean433/pack3/src/MhFact_2f482379fe24b1cb.lean:1067:63: warning: `Set.mem_setOf_eq` has been deprecated: Use `Set.mem_ofPred_eq` instead
/home/lead/danus-projects/star6/lean433/pack3/src/MhFact_2f482379fe24b1cb.lean:1108:45: warning: This simp argument is unused:
  List.mem_singleton

Hint: Omit it from the simp argument list.
  [apply] simp only [List.nodup_cons, List.mem_cons, not_or, List.not_mem_nil, not_false_eq_true, List.nodup_nil,
    and_true] at hnd

Note: This linter can be disabled with `set_option linter.unusedSimpArgs false`
/home/lead/danus-projects/star6/lean433/pack3/src/MhFact_2f482379fe24b1cb.lean:1126:30: warning: This simp argument is unused:
  List.mem_singleton

Hint: Omit it from the simp argument list.
  [apply] simp only [List.mem_cons, List.not_mem_nil, or_false] at hx

Note: This linter can be disabled with `set_option linter.unusedSimpArgs false`
/home/lead/danus-projects/star6/lean433/pack3/src/MhFact_2f482379fe24b1cb.lean:1232:47: warning: `List.take_succ` has been deprecated: Use `List.take_add_one` instead
/home/lead/danus-projects/star6/lean433/pack3/src/MhFact_2f482379fe24b1cb.lean:1302:30: warning: This simp argument is unused:
  beq_iff_eq

Hint: Omit it from the simp argument list.
  [apply] simp only [Bool.or_eq_true] at h1

Note: This linter can be disabled with `set_option linter.unusedSimpArgs false`
/home/lead/danus-projects/star6/lean433/pack3/src/MhFact_2f482379fe24b1cb.lean:1423:2: error: (kernel) deep recursion detected, use `set_option maxRecDepth <num>` to increase the limit
/home/lead/danus-projects/star6/lean433/pack3/src/MhFact_2f482379fe24b1cb.lean:1427:2: error: (kernel) deep recursion detected, use `set_option maxRecDepth <num>` to increase the limit
BLOCKED MhFact_fe45f583e0b81581
BLOCKED MhFact_77e9ac7f87ab804f
BLOCKED MhFact_c156979f912a0408
BLOCKED MhFact_923511b69a46047e
BLOCKED MhFact_2e993e3b07378767
BLOCKED MhFact_54ed0ff9a1ed26b6
BLOCKED MhFact_eff6661027b6cbd2
BLOCKED MhFact_4f913d5550e57c85
BLOCKED MhFact_fbae65436c8cc8bf
BLOCKED MhFact_d39e578650322db3
BLOCKED MhFact_4b6dbe605eac3a1d
BLOCKED MhFact_724d35f964ae6f7d
BLOCKED MhFact_59c06cb7808fc140
BLOCKED MhFact_e1599bf3f3c26bdb
BLOCKED MhFact_cc801c1ba060f9c7
BLOCKED MhFact_def3ba43f6eccb6d
BLOCKED MhFact_256b4143cc30000f
BLOCKED MhFact_a8bfe25dadf921db
BLOCKED MhFact_38b6f78a47fdf12e
=== built 42/62; failed: ['MhFact_256b4143cc30000f', 'MhFact_2e993e3b07378767', 'MhFact_2f482379fe24b1cb', 'MhFact_38b6f78a47fdf12e', 'MhFact_4b6dbe605eac3a1d', 'MhFact_4f913d5550e57c85', 'MhFact_54ed0ff9a1ed26b6', 'MhFact_59c06cb7808fc140', 'MhFact_724d35f964ae6f7d', 'MhFact_77e9ac7f87ab804f', 'MhFact_923511b69a46047e', 'MhFact_a8bfe25dadf921db', 'MhFact_c156979f912a0408', 'MhFact_cc801c1ba060f9c7', 'MhFact_d39e578650322db3', 'MhFact_def3ba43f6eccb6d', 'MhFact_e1599bf3f3c26bdb', 'MhFact_eff6661027b6cbd2', 'MhFact_fbae65436c8cc8bf', 'MhFact_fe45f583e0b81581']; cpu-seconds 7; max child RSS 2412 MB
=== done
=== 2026-10-02 02:19:35 build of 62 modules, jobs=2
=== Lean (version 4.33.1, x86_64-unknown-linux-gnu, commit 819816b2e0a3bf405af45ae5c7af2491d8f5bee6, Release)
=== LEAN_PATH=/home/lead/danus-projects/star6/lean433/pack3/build:/home/lead/danus-projects/star6/lean433/pack3/.lake/packages/aesop/.lake/build/lib/lean:/home/lead/danus-projects/star6/lean433/pack3/.lake/packages/batteries/.lake/build/lib/lean:/home/lead/danus-projects/star6/lean433/pack3/.lake/packages/importGraph/.lake/build/lib/lean:/home/lead/danus-projects/star6/lean433/pack3/.lake/packages/LeanSearchClient/.lake/build/lib/lean:/home/lead/danus-projects/star6/lean433/pack3/.lake/packages/mathlib/.lake/build/lib/lean:/home/lead/danus-projects/star6/lean433/pack3/.lake/packages/plausible/.lake/build/lib/lean:/home/lead/danus-projects/star6/lean433/pack3/.lake/packages/proofwidgets/.lake/build/lib/lean:/home/lead/danus-projects/star6/lean433/pack3/.lake/packages/Qq/.lake/build/lib/lean
ok   StarCore 0s (cached) warnings=0
ok   StarSix 0s (cached) warnings=0
ok   StarCert 0s (cached) warnings=0
ok   StarReduce 0s (cached) warnings=0
ok   StarChecker 0s (cached) warnings=0
ok   StarLeaf 0s (cached) warnings=0
ok   StarRigid 0s (cached) warnings=0
ok   StarCompose 0s (cached) warnings=0
ok   StarBottleneck 0s (cached) warnings=0
ok   StarMatching 0s (cached) warnings=0
ok   StarVizing 0s (cached) warnings=0
ok   StarExtension 0s (cached) warnings=0
ok   MhFact_5c1eb3f583cf643f 0s (cached) warnings=0
ok   MhFact_7d291f6ca774e1da 0s (cached) warnings=0
ok   MhFact_974f7197c1be8069 0s (cached) warnings=0
ok   MhFact_c64b6bd62b78d841 0s (cached) warnings=0
ok   MhFact_657e581f1145250f 0s (cached) warnings=0
ok   MhFact_341b6e5e1be16205 0s (cached) warnings=0
ok   MhFact_643ccea3769075c0 0s (cached) warnings=0
ok   MhFact_046773df0a672922 0s (cached) warnings=0
ok   MhFact_09796da8a434e150 0s (cached) warnings=0
ok   MhFact_6e44d3c2232b5736 0s (cached) warnings=0
ok   MhFact_ebeb33c568dfe4e4 0s (cached) warnings=0
ok   MhFact_066dc781a8de9c11 0s (cached) warnings=0
ok   MhFact_3e79907cfcc0085b 0s (cached) warnings=0
ok   MhFact_6c78409a046a3fe7 0s (cached) warnings=0
ok   MhFact_75fc19c47ee38b89 0s (cached) warnings=0
ok   MhFact_a030b9ec722eb795 0s (cached) warnings=0
ok   MhFact_90b4662cdeba097d 0s (cached) warnings=0
ok   MhFact_9e7dda3374e6b172 0s (cached) warnings=0
ok   MhFact_413193082c4b8758 0s (cached) warnings=0
ok   MhFact_81c52cea8147de67 0s (cached) warnings=0
ok   MhFact_c3375be11cf311ee 0s (cached) warnings=0
ok   MhFact_345a55d7429fd4b1 0s (cached) warnings=0
ok   MhFact_f7fb58786d241d68 0s (cached) warnings=0
ok   MhFact_30194dab4e05fdcf 0s (cached) warnings=0
ok   MhFact_f4c06558ba3030b8 0s (cached) warnings=0
ok   MhFact_33aabc50b1cec1ba 0s (cached) warnings=0
ok   MhFact_bde9371a01dd2855 0s (cached) warnings=0
ok   MhFact_83263f8970f3987b 0s (cached) warnings=0
ok   MhFact_85780d9a54267261 0s (cached) warnings=0
ok   MhFact_57ea4db232a2b7f5 0s (cached) warnings=0
ok   MhFact_2f482379fe24b1cb 11.3s warnings=9
ok   MhFact_fe45f583e0b81581 16.8s warnings=0
ok   MhFact_77e9ac7f87ab804f 17.0s warnings=0
ok   MhFact_923511b69a46047e 16.6s warnings=0
ok   MhFact_c156979f912a0408 16.8s warnings=0
ok   MhFact_2e993e3b07378767 11.3s warnings=0
ok   MhFact_54ed0ff9a1ed26b6 6.9s warnings=5
FAIL MhFact_eff6661027b6cbd2 3.4s warnings=1
/home/lead/danus-projects/star6/lean433/pack3/src/MhFact_eff6661027b6cbd2.lean:1383:8: warning: `push_neg` has been deprecated. Prefer using `push Not` instead.
If you'd rather continue using `push_neg` in your project, you can implement it as follows:
```
open Lean.Parser.Tactic in
macro "push_neg" cfg:optConfig loc:(location)? : tactic =>
  `(tactic| push $cfg:optConfig Not $[$loc]?)
```
/home/lead/danus-projects/star6/lean433/pack3/src/MhFact_eff6661027b6cbd2.lean:1510:4: error: Type mismatch: After simplification, term
  h5
 has type
  @Eq Bool
    ((List.range n).all fun v =>
      (nb.getD v []).all fun t =>
        t.1.blt el.length &&
            ((el.getD t.1 (0, 0)).1.beq v && (el.getD t.1 (0, 0)).2.beq t.2.1 ||
              (el.getD t.1 (0, 0)).1.beq t.2.1 && (el.getD t.1 (0, 0)).2.beq v) &&
          t.2.2.beq (pc.getD t.1 0))
    true
but is expected to have type
  @Eq Bool
    ((List.range n).all fun v =>
      (nb.getD v []).all fun t =>
        t.1.blt el.length &&
            ((gE el t.1).1.beq v && (gE el t.1).2.beq t.2.1 || (gE el t.1).1.beq t.2.1 && (gE el t.1).2.beq v) &&
          t.2.2.beq (pc.getD t.1 0))
    true
BLOCKED MhFact_cc801c1ba060f9c7
BLOCKED MhFact_def3ba43f6eccb6d
BLOCKED MhFact_256b4143cc30000f
BLOCKED MhFact_a8bfe25dadf921db
BLOCKED MhFact_38b6f78a47fdf12e
ok   MhFact_4f913d5550e57c85 8.5s warnings=0
ok   MhFact_fbae65436c8cc8bf 5.9s warnings=0
ok   MhFact_d39e578650322db3 7.9s warnings=0
ok   MhFact_4b6dbe605eac3a1d 7.9s warnings=0
ok   MhFact_724d35f964ae6f7d 7.9s warnings=0
ok   MhFact_59c06cb7808fc140 8.0s warnings=0
ok   MhFact_e1599bf3f3c26bdb 6.0s warnings=0
=== built 56/62; failed: ['MhFact_256b4143cc30000f', 'MhFact_38b6f78a47fdf12e', 'MhFact_a8bfe25dadf921db', 'MhFact_cc801c1ba060f9c7', 'MhFact_def3ba43f6eccb6d', 'MhFact_eff6661027b6cbd2']; cpu-seconds 152; max child RSS 2863 MB
=== done
=== 2026-10-02 02:23:51 build of 62 modules, jobs=2
=== Lean (version 4.33.1, x86_64-unknown-linux-gnu, commit 819816b2e0a3bf405af45ae5c7af2491d8f5bee6, Release)
=== LEAN_PATH=/home/lead/danus-projects/star6/lean433/pack3/build:/home/lead/danus-projects/star6/lean433/pack3/.lake/packages/aesop/.lake/build/lib/lean:/home/lead/danus-projects/star6/lean433/pack3/.lake/packages/batteries/.lake/build/lib/lean:/home/lead/danus-projects/star6/lean433/pack3/.lake/packages/importGraph/.lake/build/lib/lean:/home/lead/danus-projects/star6/lean433/pack3/.lake/packages/LeanSearchClient/.lake/build/lib/lean:/home/lead/danus-projects/star6/lean433/pack3/.lake/packages/mathlib/.lake/build/lib/lean:/home/lead/danus-projects/star6/lean433/pack3/.lake/packages/plausible/.lake/build/lib/lean:/home/lead/danus-projects/star6/lean433/pack3/.lake/packages/proofwidgets/.lake/build/lib/lean:/home/lead/danus-projects/star6/lean433/pack3/.lake/packages/Qq/.lake/build/lib/lean
ok   StarCore 0s (cached) warnings=0
ok   StarCert 0s (cached) warnings=0
ok   StarSix 0s (cached) warnings=0
ok   StarReduce 0s (cached) warnings=0
ok   StarChecker 0s (cached) warnings=0
ok   StarLeaf 0s (cached) warnings=0
ok   StarRigid 0s (cached) warnings=0
ok   StarBottleneck 0s (cached) warnings=0
ok   StarCompose 0s (cached) warnings=0
ok   StarMatching 0s (cached) warnings=0
ok   StarVizing 0s (cached) warnings=0
ok   StarExtension 0s (cached) warnings=0
ok   MhFact_5c1eb3f583cf643f 0s (cached) warnings=0
ok   MhFact_7d291f6ca774e1da 0s (cached) warnings=0
ok   MhFact_c64b6bd62b78d841 0s (cached) warnings=0
ok   MhFact_974f7197c1be8069 0s (cached) warnings=0
ok   MhFact_657e581f1145250f 0s (cached) warnings=0
ok   MhFact_341b6e5e1be16205 0s (cached) warnings=0
ok   MhFact_643ccea3769075c0 0s (cached) warnings=0
ok   MhFact_046773df0a672922 0s (cached) warnings=0
ok   MhFact_09796da8a434e150 0s (cached) warnings=0
ok   MhFact_6e44d3c2232b5736 0s (cached) warnings=0
ok   MhFact_ebeb33c568dfe4e4 0s (cached) warnings=0
ok   MhFact_066dc781a8de9c11 0s (cached) warnings=0
ok   MhFact_3e79907cfcc0085b 0s (cached) warnings=0
ok   MhFact_75fc19c47ee38b89 0s (cached) warnings=0
ok   MhFact_a030b9ec722eb795 0s (cached) warnings=0
ok   MhFact_6c78409a046a3fe7 0s (cached) warnings=0
ok   MhFact_90b4662cdeba097d 0s (cached) warnings=0
ok   MhFact_9e7dda3374e6b172 0s (cached) warnings=0
ok   MhFact_413193082c4b8758 0s (cached) warnings=0
ok   MhFact_81c52cea8147de67 0s (cached) warnings=0
ok   MhFact_c3375be11cf311ee 0s (cached) warnings=0
ok   MhFact_345a55d7429fd4b1 0s (cached) warnings=0
ok   MhFact_f7fb58786d241d68 0s (cached) warnings=0
ok   MhFact_f4c06558ba3030b8 0s (cached) warnings=0
ok   MhFact_30194dab4e05fdcf 0s (cached) warnings=0
ok   MhFact_33aabc50b1cec1ba 0s (cached) warnings=0
ok   MhFact_bde9371a01dd2855 0s (cached) warnings=0
ok   MhFact_83263f8970f3987b 0s (cached) warnings=0
ok   MhFact_85780d9a54267261 0s (cached) warnings=0
ok   MhFact_57ea4db232a2b7f5 0s (cached) warnings=0
ok   MhFact_2f482379fe24b1cb 0s (cached) warnings=0
ok   MhFact_fe45f583e0b81581 0s (cached) warnings=0
ok   MhFact_77e9ac7f87ab804f 0s (cached) warnings=0
ok   MhFact_923511b69a46047e 0s (cached) warnings=0
ok   MhFact_c156979f912a0408 0s (cached) warnings=0
ok   MhFact_2e993e3b07378767 0s (cached) warnings=0
ok   MhFact_54ed0ff9a1ed26b6 0s (cached) warnings=0
ok   MhFact_4f913d5550e57c85 0s (cached) warnings=0
ok   MhFact_fbae65436c8cc8bf 0s (cached) warnings=0
ok   MhFact_d39e578650322db3 0s (cached) warnings=0
ok   MhFact_4b6dbe605eac3a1d 0s (cached) warnings=0
ok   MhFact_724d35f964ae6f7d 0s (cached) warnings=0
ok   MhFact_59c06cb7808fc140 0s (cached) warnings=0
ok   MhFact_e1599bf3f3c26bdb 0s (cached) warnings=0
ok   MhFact_eff6661027b6cbd2 3.5s warnings=1
ok   MhFact_cc801c1ba060f9c7 9.3s warnings=0
ok   MhFact_def3ba43f6eccb6d 11.4s warnings=0
ok   MhFact_256b4143cc30000f 12.3s warnings=0
ok   MhFact_a8bfe25dadf921db 9.1s warnings=0
ok   MhFact_38b6f78a47fdf12e 1.1s warnings=0
=== built 62/62; failed: []; cpu-seconds 47; max child RSS 2776 MB
=== done
=== 2026-10-02 02:28:01 build of 84 modules, jobs=2
=== Lean (version 4.33.1, x86_64-unknown-linux-gnu, commit 819816b2e0a3bf405af45ae5c7af2491d8f5bee6, Release)
=== LEAN_PATH=/home/lead/danus-projects/star6/lean433/pack3/build:/home/lead/danus-projects/star6/lean433/pack3/.lake/packages/aesop/.lake/build/lib/lean:/home/lead/danus-projects/star6/lean433/pack3/.lake/packages/batteries/.lake/build/lib/lean:/home/lead/danus-projects/star6/lean433/pack3/.lake/packages/importGraph/.lake/build/lib/lean:/home/lead/danus-projects/star6/lean433/pack3/.lake/packages/LeanSearchClient/.lake/build/lib/lean:/home/lead/danus-projects/star6/lean433/pack3/.lake/packages/mathlib/.lake/build/lib/lean:/home/lead/danus-projects/star6/lean433/pack3/.lake/packages/plausible/.lake/build/lib/lean:/home/lead/danus-projects/star6/lean433/pack3/.lake/packages/proofwidgets/.lake/build/lib/lean:/home/lead/danus-projects/star6/lean433/pack3/.lake/packages/Qq/.lake/build/lib/lean
ok   StarCore 0s (cached) warnings=0
ok   StarCert 0s (cached) warnings=0
ok   StarSix 0s (cached) warnings=0
ok   StarReduce 0s (cached) warnings=0
ok   StarLeaf 0s (cached) warnings=0
ok   StarChecker 0s (cached) warnings=0
ok   StarRigid 0s (cached) warnings=0
ok   StarCompose 0s (cached) warnings=0
ok   StarBottleneck 0s (cached) warnings=0
ok   StarMatching 0s (cached) warnings=0
ok   StarVizing 0s (cached) warnings=0
ok   StarExtension 0s (cached) warnings=0
ok   MhFact_5c1eb3f583cf643f 0s (cached) warnings=0
ok   MhFact_7d291f6ca774e1da 0s (cached) warnings=0
ok   MhFact_974f7197c1be8069 0s (cached) warnings=0
ok   MhFact_c64b6bd62b78d841 0s (cached) warnings=0
ok   MhFact_657e581f1145250f 0s (cached) warnings=0
ok   MhFact_341b6e5e1be16205 0s (cached) warnings=0
ok   MhFact_643ccea3769075c0 0s (cached) warnings=0
ok   MhFact_046773df0a672922 0s (cached) warnings=0
ok   MhFact_09796da8a434e150 0s (cached) warnings=0
ok   MhFact_6e44d3c2232b5736 0s (cached) warnings=0
ok   MhFact_ebeb33c568dfe4e4 0s (cached) warnings=0
ok   MhFact_066dc781a8de9c11 0s (cached) warnings=0
ok   MhFact_3e79907cfcc0085b 0s (cached) warnings=0
ok   MhFact_75fc19c47ee38b89 0s (cached) warnings=0
ok   MhFact_6c78409a046a3fe7 0s (cached) warnings=0
ok   MhFact_a030b9ec722eb795 0s (cached) warnings=0
ok   MhFact_90b4662cdeba097d 0s (cached) warnings=0
ok   MhFact_9e7dda3374e6b172 0s (cached) warnings=0
ok   MhFact_413193082c4b8758 0s (cached) warnings=0
ok   MhFact_81c52cea8147de67 0s (cached) warnings=0
ok   MhFact_c3375be11cf311ee 0s (cached) warnings=0
ok   MhFact_345a55d7429fd4b1 0s (cached) warnings=0
ok   MhFact_f7fb58786d241d68 0s (cached) warnings=0
ok   MhFact_f4c06558ba3030b8 0s (cached) warnings=0
ok   MhFact_30194dab4e05fdcf 0s (cached) warnings=0
ok   MhFact_33aabc50b1cec1ba 0s (cached) warnings=0
ok   MhFact_bde9371a01dd2855 0s (cached) warnings=0
ok   MhFact_83263f8970f3987b 0s (cached) warnings=0
ok   MhFact_85780d9a54267261 0s (cached) warnings=0
ok   MhFact_57ea4db232a2b7f5 0s (cached) warnings=0
ok   MhFact_2f482379fe24b1cb 0s (cached) warnings=0
ok   MhFact_fe45f583e0b81581 0s (cached) warnings=0
ok   MhFact_77e9ac7f87ab804f 0s (cached) warnings=0
ok   MhFact_c156979f912a0408 0s (cached) warnings=0
ok   MhFact_923511b69a46047e 0s (cached) warnings=0
ok   MhFact_2e993e3b07378767 0s (cached) warnings=0
ok   MhFact_54ed0ff9a1ed26b6 0s (cached) warnings=0
ok   MhFact_4f913d5550e57c85 0s (cached) warnings=0
ok   MhFact_eff6661027b6cbd2 0s (cached) warnings=0
ok   MhFact_fbae65436c8cc8bf 0s (cached) warnings=0
ok   MhFact_d39e578650322db3 0s (cached) warnings=0
ok   MhFact_4b6dbe605eac3a1d 0s (cached) warnings=0
ok   MhFact_724d35f964ae6f7d 0s (cached) warnings=0
ok   MhFact_59c06cb7808fc140 0s (cached) warnings=0
ok   MhFact_e1599bf3f3c26bdb 0s (cached) warnings=0
ok   MhFact_cc801c1ba060f9c7 0s (cached) warnings=0
ok   MhFact_def3ba43f6eccb6d 0s (cached) warnings=0
ok   MhFact_256b4143cc30000f 0s (cached) warnings=0
ok   MhFact_a8bfe25dadf921db 0s (cached) warnings=0
ok   MhFact_38b6f78a47fdf12e 0s (cached) warnings=0
ok   MhFact_024845889158353d 7.9s warnings=0
ok   MhFact_4e4dfbfc10836500 10.1s warnings=0
ok   MhFact_7b9500b9ad8bca15 9.6s warnings=0
ok   MhFact_5343a2db598602a9 13.1s warnings=0
ok   MhFact_06139ad5904fa064 5.9s warnings=0
ok   MhFact_c1bad3abf5f2e5e8 8.4s warnings=0
ok   MhFact_96b352680829f174 13.4s warnings=0
ok   MhFact_144fd607d85ac5da 13.4s warnings=0
ok   MhFact_e68d717a207ff44f 11.4s warnings=0
ok   MhFact_b536c7d8a4f139e4 15.0s warnings=0
ok   MhFact_7217c8f0517c24a9 15.3s warnings=0
ok   MhFact_79ac08d5cf0788b9 14.0s warnings=0
ok   MhFact_55368cd7a0c74072 14.2s warnings=0
ok   MhFact_77a5aa23394eb0f0 10.1s warnings=0
ok   MhFact_6882aa6fa76ff8ed 15.1s warnings=0
ok   MhFact_6460e64b00785972 12.7s warnings=0
ok   MhFact_e63e13afc71071cb 12.7s warnings=0
ok   MhFact_b71709db7a82637a 12.7s warnings=0
ok   MhFact_5e8f7a0c3cb04161 13.0s warnings=0
ok   MhFact_7c9b506b16bbaf73 9.0s warnings=0
ok   MhFact_1f8ebb817a59b41d 12.7s warnings=0
ok   MhFact_66a4a19c81528d5b 2.2s warnings=0
=== built 84/84; failed: []; cpu-seconds 252; max child RSS 2569 MB
=== done
=== 2026-10-02 02:32:41 build of 98 modules, jobs=2
=== Lean (version 4.33.1, x86_64-unknown-linux-gnu, commit 819816b2e0a3bf405af45ae5c7af2491d8f5bee6, Release)
=== LEAN_PATH=/home/lead/danus-projects/star6/lean433/pack3/build:/home/lead/danus-projects/star6/lean433/pack3/.lake/packages/aesop/.lake/build/lib/lean:/home/lead/danus-projects/star6/lean433/pack3/.lake/packages/batteries/.lake/build/lib/lean:/home/lead/danus-projects/star6/lean433/pack3/.lake/packages/importGraph/.lake/build/lib/lean:/home/lead/danus-projects/star6/lean433/pack3/.lake/packages/LeanSearchClient/.lake/build/lib/lean:/home/lead/danus-projects/star6/lean433/pack3/.lake/packages/mathlib/.lake/build/lib/lean:/home/lead/danus-projects/star6/lean433/pack3/.lake/packages/plausible/.lake/build/lib/lean:/home/lead/danus-projects/star6/lean433/pack3/.lake/packages/proofwidgets/.lake/build/lib/lean:/home/lead/danus-projects/star6/lean433/pack3/.lake/packages/Qq/.lake/build/lib/lean
ok   StarCore 0s (cached) warnings=0
ok   StarCert 0s (cached) warnings=0
ok   StarSix 0s (cached) warnings=0
ok   StarReduce 0s (cached) warnings=0
ok   StarLeaf 0s (cached) warnings=0
ok   StarChecker 0s (cached) warnings=0
ok   StarRigid 0s (cached) warnings=0
ok   StarCompose 0s (cached) warnings=0
ok   StarBottleneck 0s (cached) warnings=0
ok   StarMatching 0s (cached) warnings=0
ok   StarVizing 0s (cached) warnings=0
ok   StarExtension 0s (cached) warnings=0
ok   MhFact_5c1eb3f583cf643f 0s (cached) warnings=0
ok   MhFact_7d291f6ca774e1da 0s (cached) warnings=0
ok   MhFact_974f7197c1be8069 0s (cached) warnings=0
ok   MhFact_c64b6bd62b78d841 0s (cached) warnings=0
ok   MhFact_657e581f1145250f 0s (cached) warnings=0
ok   MhFact_341b6e5e1be16205 0s (cached) warnings=0
ok   MhFact_643ccea3769075c0 0s (cached) warnings=0
ok   MhFact_046773df0a672922 0s (cached) warnings=0
ok   MhFact_09796da8a434e150 0s (cached) warnings=0
ok   MhFact_6e44d3c2232b5736 0s (cached) warnings=0
ok   MhFact_ebeb33c568dfe4e4 0s (cached) warnings=0
ok   MhFact_066dc781a8de9c11 0s (cached) warnings=0
ok   MhFact_3e79907cfcc0085b 0s (cached) warnings=0
ok   MhFact_6c78409a046a3fe7 0s (cached) warnings=0
ok   MhFact_75fc19c47ee38b89 0s (cached) warnings=0
ok   MhFact_a030b9ec722eb795 0s (cached) warnings=0
ok   MhFact_90b4662cdeba097d 0s (cached) warnings=0
ok   MhFact_9e7dda3374e6b172 0s (cached) warnings=0
ok   MhFact_413193082c4b8758 0s (cached) warnings=0
ok   MhFact_81c52cea8147de67 0s (cached) warnings=0
ok   MhFact_c3375be11cf311ee 0s (cached) warnings=0
ok   MhFact_345a55d7429fd4b1 0s (cached) warnings=0
ok   MhFact_f7fb58786d241d68 0s (cached) warnings=0
ok   MhFact_30194dab4e05fdcf 0s (cached) warnings=0
ok   MhFact_f4c06558ba3030b8 0s (cached) warnings=0
ok   MhFact_33aabc50b1cec1ba 0s (cached) warnings=0
ok   MhFact_bde9371a01dd2855 0s (cached) warnings=0
ok   MhFact_83263f8970f3987b 0s (cached) warnings=0
ok   MhFact_85780d9a54267261 0s (cached) warnings=0
ok   MhFact_57ea4db232a2b7f5 0s (cached) warnings=0
ok   MhFact_2f482379fe24b1cb 0s (cached) warnings=0
ok   MhFact_77e9ac7f87ab804f 0s (cached) warnings=0
ok   MhFact_fe45f583e0b81581 0s (cached) warnings=0
ok   MhFact_c156979f912a0408 0s (cached) warnings=0
ok   MhFact_923511b69a46047e 0s (cached) warnings=0
ok   MhFact_2e993e3b07378767 0s (cached) warnings=0
ok   MhFact_54ed0ff9a1ed26b6 0s (cached) warnings=0
ok   MhFact_4f913d5550e57c85 0s (cached) warnings=0
ok   MhFact_fbae65436c8cc8bf 0s (cached) warnings=0
ok   MhFact_eff6661027b6cbd2 0s (cached) warnings=0
ok   MhFact_d39e578650322db3 0s (cached) warnings=0
ok   MhFact_4b6dbe605eac3a1d 0s (cached) warnings=0
ok   MhFact_724d35f964ae6f7d 0s (cached) warnings=0
ok   MhFact_59c06cb7808fc140 0s (cached) warnings=0
ok   MhFact_e1599bf3f3c26bdb 0s (cached) warnings=0
ok   MhFact_cc801c1ba060f9c7 0s (cached) warnings=0
ok   MhFact_def3ba43f6eccb6d 0s (cached) warnings=0
ok   MhFact_256b4143cc30000f 0s (cached) warnings=0
ok   MhFact_a8bfe25dadf921db 0s (cached) warnings=0
ok   MhFact_024845889158353d 0s (cached) warnings=0
ok   MhFact_38b6f78a47fdf12e 0s (cached) warnings=0
ok   MhFact_4e4dfbfc10836500 0s (cached) warnings=0
ok   MhFact_7b9500b9ad8bca15 0s (cached) warnings=0
ok   MhFact_06139ad5904fa064 0s (cached) warnings=0
ok   MhFact_5343a2db598602a9 0s (cached) warnings=0
ok   MhFact_96b352680829f174 0s (cached) warnings=0
ok   MhFact_c1bad3abf5f2e5e8 0s (cached) warnings=0
ok   MhFact_144fd607d85ac5da 0s (cached) warnings=0
ok   MhFact_e68d717a207ff44f 0s (cached) warnings=0
ok   MhFact_7217c8f0517c24a9 0s (cached) warnings=0
ok   MhFact_b536c7d8a4f139e4 0s (cached) warnings=0
ok   MhFact_79ac08d5cf0788b9 0s (cached) warnings=0
ok   MhFact_55368cd7a0c74072 0s (cached) warnings=0
ok   MhFact_6882aa6fa76ff8ed 0s (cached) warnings=0
ok   MhFact_77a5aa23394eb0f0 0s (cached) warnings=0
ok   MhFact_6460e64b00785972 0s (cached) warnings=0
ok   MhFact_e63e13afc71071cb 0s (cached) warnings=0
ok   MhFact_b71709db7a82637a 0s (cached) warnings=0
ok   MhFact_1f8ebb817a59b41d 0s (cached) warnings=0
ok   MhFact_5e8f7a0c3cb04161 0s (cached) warnings=0
ok   MhFact_7c9b506b16bbaf73 0s (cached) warnings=0
ok   MhFact_66a4a19c81528d5b 0s (cached) warnings=0
ok   MhFact_1b2e17f98116d9aa 0.9s warnings=0
FAIL MhFact_3c53e18d818a023b 11.8s warnings=4
/home/lead/danus-projects/star6/lean433/pack3/src/MhFact_3c53e18d818a023b.lean:151:48: warning: This simp argument is unused:
  beq_iff_eq

Hint: Omit it from the simp argument list.
  [apply] simp only [Bool.and_eq_true, Bool.or_eq_true] at hx

Note: This linter can be disabled with `set_option linter.unusedSimpArgs false`
/home/lead/danus-projects/star6/lean433/pack3/src/MhFact_3c53e18d818a023b.lean:188:0: warning: automatically included section variable(s) unused in theorem `RH2F.c_of_cv`:
  hel
consider restructuring your `variable` declarations so that the variables are not in scope or explicitly omit them:
  omit hel in theorem ...

Note: This linter can be disabled with `set_option linter.unusedSectionVars false`
/home/lead/danus-projects/star6/lean433/pack3/src/MhFact_3c53e18d818a023b.lean:195:48: warning: This simp argument is unused:
  beq_iff_eq

Hint: Omit it from the simp argument list.
  [apply] simp only [Bool.or_eq_true, Bool.and_eq_true] at he

Note: This linter can be disabled with `set_option linter.unusedSimpArgs false`
/home/lead/danus-projects/star6/lean433/pack3/src/MhFact_3c53e18d818a023b.lean:245:50: warning: This simp argument is unused:
  beq_iff_eq

Hint: Omit it from the simp argument list.
  [apply] simp only [Bool.and_eq_true, Bool.not_eq_true'] at key

Note: This linter can be disabled with `set_option linter.unusedSimpArgs false`
/home/lead/danus-projects/star6/lean433/pack3/src/MhFact_3c53e18d818a023b.lean:1003:4: error: maximum recursion depth has been reached
use `set_option maxRecDepth <num>` to increase limit
use `set_option diagnostics true` to get diagnostic information
BLOCKED MhFact_c03bb6e1daa663e4
BLOCKED MhFact_78d98836f6372f68
BLOCKED MhFact_4e63409f7b05a806
BLOCKED MhFact_4b7436a78212f56a
BLOCKED MhFact_916ccd41e9db4312
BLOCKED MhFact_78a34517ee1a6fff
BLOCKED MhFact_0e0e37a38e3c97d5
BLOCKED MhFact_f645e06d2ce727a3
BLOCKED MhFact_c35583f86422a75a
BLOCKED MhFact_51ff9480dc00823f
BLOCKED MhFact_6b1f8729194e23a3
BLOCKED MhFact_ba4d9c5abd0afd83
=== built 85/98; failed: ['MhFact_0e0e37a38e3c97d5', 'MhFact_3c53e18d818a023b', 'MhFact_4b7436a78212f56a', 'MhFact_4e63409f7b05a806', 'MhFact_51ff9480dc00823f', 'MhFact_6b1f8729194e23a3', 'MhFact_78a34517ee1a6fff', 'MhFact_78d98836f6372f68', 'MhFact_916ccd41e9db4312', 'MhFact_ba4d9c5abd0afd83', 'MhFact_c03bb6e1daa663e4', 'MhFact_c35583f86422a75a', 'MhFact_f645e06d2ce727a3']; cpu-seconds 13; max child RSS 2803 MB
=== Main.lean exit 1, output in axioms.log
=== audit: 3253 theorems, 1 with axioms beyond propext/Classical.choice/Quot.sound (exit 0)
=== done
=== 2026-10-02 02:37:37 build of 98 modules, jobs=2
=== Lean (version 4.33.1, x86_64-unknown-linux-gnu, commit 819816b2e0a3bf405af45ae5c7af2491d8f5bee6, Release)
=== LEAN_PATH=/home/lead/danus-projects/star6/lean433/pack3/build:/home/lead/danus-projects/star6/lean433/pack3/.lake/packages/aesop/.lake/build/lib/lean:/home/lead/danus-projects/star6/lean433/pack3/.lake/packages/batteries/.lake/build/lib/lean:/home/lead/danus-projects/star6/lean433/pack3/.lake/packages/importGraph/.lake/build/lib/lean:/home/lead/danus-projects/star6/lean433/pack3/.lake/packages/LeanSearchClient/.lake/build/lib/lean:/home/lead/danus-projects/star6/lean433/pack3/.lake/packages/mathlib/.lake/build/lib/lean:/home/lead/danus-projects/star6/lean433/pack3/.lake/packages/plausible/.lake/build/lib/lean:/home/lead/danus-projects/star6/lean433/pack3/.lake/packages/proofwidgets/.lake/build/lib/lean:/home/lead/danus-projects/star6/lean433/pack3/.lake/packages/Qq/.lake/build/lib/lean
ok   StarCore 0s (cached) warnings=0
ok   StarCert 0s (cached) warnings=0
ok   StarSix 0s (cached) warnings=0
ok   StarReduce 0s (cached) warnings=0
ok   StarChecker 0s (cached) warnings=0
ok   StarLeaf 0s (cached) warnings=0
ok   StarCompose 0s (cached) warnings=0
ok   StarRigid 0s (cached) warnings=0
ok   StarBottleneck 0s (cached) warnings=0
ok   StarMatching 0s (cached) warnings=0
ok   StarVizing 0s (cached) warnings=0
ok   StarExtension 0s (cached) warnings=0
ok   MhFact_5c1eb3f583cf643f 0s (cached) warnings=0
ok   MhFact_974f7197c1be8069 0s (cached) warnings=0
ok   MhFact_7d291f6ca774e1da 0s (cached) warnings=0
ok   MhFact_c64b6bd62b78d841 0s (cached) warnings=0
ok   MhFact_657e581f1145250f 0s (cached) warnings=0
ok   MhFact_341b6e5e1be16205 0s (cached) warnings=0
ok   MhFact_643ccea3769075c0 0s (cached) warnings=0
ok   MhFact_046773df0a672922 0s (cached) warnings=0
ok   MhFact_09796da8a434e150 0s (cached) warnings=0
ok   MhFact_6e44d3c2232b5736 0s (cached) warnings=0
ok   MhFact_ebeb33c568dfe4e4 0s (cached) warnings=0
ok   MhFact_066dc781a8de9c11 0s (cached) warnings=0
ok   MhFact_3e79907cfcc0085b 0s (cached) warnings=0
ok   MhFact_75fc19c47ee38b89 0s (cached) warnings=0
ok   MhFact_6c78409a046a3fe7 0s (cached) warnings=0
ok   MhFact_a030b9ec722eb795 0s (cached) warnings=0
ok   MhFact_90b4662cdeba097d 0s (cached) warnings=0
ok   MhFact_9e7dda3374e6b172 0s (cached) warnings=0
ok   MhFact_413193082c4b8758 0s (cached) warnings=0
ok   MhFact_81c52cea8147de67 0s (cached) warnings=0
ok   MhFact_c3375be11cf311ee 0s (cached) warnings=0
ok   MhFact_345a55d7429fd4b1 0s (cached) warnings=0
ok   MhFact_f7fb58786d241d68 0s (cached) warnings=0
ok   MhFact_30194dab4e05fdcf 0s (cached) warnings=0
ok   MhFact_f4c06558ba3030b8 0s (cached) warnings=0
ok   MhFact_33aabc50b1cec1ba 0s (cached) warnings=0
ok   MhFact_bde9371a01dd2855 0s (cached) warnings=0
ok   MhFact_83263f8970f3987b 0s (cached) warnings=0
ok   MhFact_85780d9a54267261 0s (cached) warnings=0
ok   MhFact_57ea4db232a2b7f5 0s (cached) warnings=0
ok   MhFact_2f482379fe24b1cb 0s (cached) warnings=0
ok   MhFact_fe45f583e0b81581 0s (cached) warnings=0
ok   MhFact_77e9ac7f87ab804f 0s (cached) warnings=0
ok   MhFact_c156979f912a0408 0s (cached) warnings=0
ok   MhFact_923511b69a46047e 0s (cached) warnings=0
ok   MhFact_2e993e3b07378767 0s (cached) warnings=0
ok   MhFact_54ed0ff9a1ed26b6 0s (cached) warnings=0
ok   MhFact_eff6661027b6cbd2 0s (cached) warnings=0
ok   MhFact_4f913d5550e57c85 0s (cached) warnings=0
ok   MhFact_fbae65436c8cc8bf 0s (cached) warnings=0
ok   MhFact_d39e578650322db3 0s (cached) warnings=0
ok   MhFact_4b6dbe605eac3a1d 0s (cached) warnings=0
ok   MhFact_724d35f964ae6f7d 0s (cached) warnings=0
ok   MhFact_59c06cb7808fc140 0s (cached) warnings=0
ok   MhFact_e1599bf3f3c26bdb 0s (cached) warnings=0
ok   MhFact_cc801c1ba060f9c7 0s (cached) warnings=0
ok   MhFact_def3ba43f6eccb6d 0s (cached) warnings=0
ok   MhFact_256b4143cc30000f 0s (cached) warnings=0
ok   MhFact_a8bfe25dadf921db 0s (cached) warnings=0
ok   MhFact_024845889158353d 0s (cached) warnings=0
ok   MhFact_38b6f78a47fdf12e 0s (cached) warnings=0
ok   MhFact_7b9500b9ad8bca15 0s (cached) warnings=0
ok   MhFact_4e4dfbfc10836500 0s (cached) warnings=0
ok   MhFact_5343a2db598602a9 0s (cached) warnings=0
ok   MhFact_06139ad5904fa064 0s (cached) warnings=0
ok   MhFact_96b352680829f174 0s (cached) warnings=0
ok   MhFact_c1bad3abf5f2e5e8 0s (cached) warnings=0
ok   MhFact_e68d717a207ff44f 0s (cached) warnings=0
ok   MhFact_144fd607d85ac5da 0s (cached) warnings=0
ok   MhFact_b536c7d8a4f139e4 0s (cached) warnings=0
ok   MhFact_7217c8f0517c24a9 0s (cached) warnings=0
ok   MhFact_55368cd7a0c74072 0s (cached) warnings=0
ok   MhFact_79ac08d5cf0788b9 0s (cached) warnings=0
ok   MhFact_6882aa6fa76ff8ed 0s (cached) warnings=0
ok   MhFact_77a5aa23394eb0f0 0s (cached) warnings=0
ok   MhFact_6460e64b00785972 0s (cached) warnings=0
ok   MhFact_e63e13afc71071cb 0s (cached) warnings=0
ok   MhFact_b71709db7a82637a 0s (cached) warnings=0
ok   MhFact_5e8f7a0c3cb04161 0s (cached) warnings=0
ok   MhFact_1f8ebb817a59b41d 0s (cached) warnings=0
ok   MhFact_7c9b506b16bbaf73 0s (cached) warnings=0
ok   MhFact_66a4a19c81528d5b 0s (cached) warnings=0
ok   MhFact_1b2e17f98116d9aa 0s (cached) warnings=0
ok   MhFact_3c53e18d818a023b 14.7s warnings=4
ok   MhFact_c03bb6e1daa663e4 76.6s warnings=0
ok   MhFact_78d98836f6372f68 82.8s warnings=0
ok   MhFact_4e63409f7b05a806 80.9s warnings=0
ok   MhFact_4b7436a78212f56a 82.4s warnings=0
ok   MhFact_916ccd41e9db4312 85.7s warnings=0
ok   MhFact_78a34517ee1a6fff 97.3s warnings=0
ok   MhFact_f645e06d2ce727a3 55.8s warnings=0
ok   MhFact_0e0e37a38e3c97d5 96.2s warnings=0
ok   MhFact_51ff9480dc00823f 63.5s warnings=0
ok   MhFact_c35583f86422a75a 86.7s warnings=0
ok   MhFact_6b1f8729194e23a3 1.2s warnings=0
ok   MhFact_ba4d9c5abd0afd83 0.9s warnings=0
=== built 98/98; failed: []; cpu-seconds 825; max child RSS 3153 MB
=== Main.lean exit 0, output in axioms.log
=== audit: 4924 theorems, 1 with axioms beyond propext/Classical.choice/Quot.sound (exit 0)
=== done
